white,black,white_sum,black_sum,verdict,plies,nodes,ms
111114,11122,9,7,white,9,24035,96
111114,11135,9,11,black,12,121427,493
111114,11234,9,11,black,12,235071,721
111114,11245,9,13,black,10,124286,232
111114,11334,9,12,black,12,148621,318
111114,11555,9,17,black,10,47368,65
111114,12226,9,13,black,12,132469,299
111114,12246,9,15,black,10,128461,227
111114,12256,9,16,black,10,128221,236
111114,12444,9,15,black,10,87579,113
111114,12556,9,19,black,10,104633,184
111114,13334,9,14,black,12,134077,296
111114,14555,9,20,black,10,46291,58
111114,14666,9,23,black,10,46291,52
111114,15556,9,22,black,10,46725,91
111114,22366,9,19,black,10,113950,166
111114,22446,9,18,black,10,80158,117
111114,22456,9,19,black,10,102784,164
111114,24555,9,21,black,10,57628,110
111114,25556,9,23,black,10,57876,93
111114,25666,9,25,black,10,56351,68
111114,33445,9,19,black,10,80158,126
111114,33555,9,21,black,10,58023,106
111114,45556,9,25,black,10,34074,48
111122,11122,8,7,white,9,49506,83
111122,11135,8,11,black,12,196170,357
111122,11234,8,11,black,10,145504,206
111122,11245,8,13,black,10,145504,214
111122,11334,8,12,black,10,124610,317
111122,11555,8,17,black,10,96487,323
111122,12226,8,13,black,10,84172,156
111122,12246,8,15,black,10,109342,387
111122,12256,8,16,black,10,109342,283
111122,12444,8,15,black,10,74073,142
111122,12556,8,19,black,10,99088,192
111122,13334,8,14,black,10,82352,224
111122,14555,8,20,black,10,78913,128
111122,14666,8,23,black,10,78913,177
111122,15556,8,22,black,10,82352,180
111122,22366,8,19,black,10,46948,148
111122,22446,8,18,black,10,47489,54
111122,22456,8,19,black,10,57639,80
111122,24555,8,21,black,10,46220,46
111122,25556,8,23,black,10,44942,39
111122,25666,8,25,black,10,46220,72
111122,33445,8,19,black,10,46721,82
111122,33555,8,21,black,10,38650,74
111122,45556,8,25,black,10,47790,86
111124,11122,10,7,white,7,20569,16
111124,11135,10,11,white,13,490887,1012
111124,11234,10,11,white,9,195832,331
111124,11245,10,13,black,10,369613,605
111124,11334,10,12,white,9,145170,260
111124,11555,10,17,black,10,173727,279
111124,12226,10,13,black,12,404533,613
111124,12246,10,15,black,10,352483,609
111124,12256,10,16,black,10,345296,479
111124,12444,10,15,black,10,244891,341
111124,12556,10,19,black,10,289820,495
111124,13334,10,14,black,12,436738,433
111124,14555,10,20,black,10,140749,135
111124,14666,10,23,black,10,140749,140
111124,15556,10,22,black,10,143204,321
111124,22366,10,19,black,10,285992,462
111124,22446,10,18,black,10,198923,313
111124,22456,10,19,black,10,238420,478
111124,24555,10,21,black,10,144441,255
111124,25556,10,23,black,10,141098,208
111124,25666,10,25,black,10,139451,269
111124,33445,10,19,black,10,201704,314
111124,33555,10,21,black,10,153203,249
111124,45556,10,25,black,10,83837,98
111134,11122,11,7,white,7,21541,13
111134,11135,11,11,white,11,207426,427
111134,11234,11,11,white,9,207949,376
111134,11245,11,13,black,12,688619,1339
111134,11334,11,12,white,9,139764,253
111134,11555,11,17,black,10,173727,304
111134,12226,11,13,white,11,268104,450
111134,12246,11,15,black,12,686792,1161
111134,12256,11,16,black,12,670237,971
111134,12444,11,15,white,9,143484,224
111134,12556,11,19,black,10,348273,518
111134,13334,11,14,white,11,283449,534
111134,14555,11,20,black,10,140749,226
111134,14666,11,23,black,10,140749,286
111134,15556,11,22,black,10,143204,239
111134,22366,11,19,black,10,353311,426
111134,22446,11,18,black,10,274142,380
111134,22456,11,19,black,10,324063,549
111134,24555,11,21,black,10,170427,221
111134,25556,11,23,black,10,174499,282
111134,25666,11,25,black,10,168503,243
111134,33445,11,19,black,10,198923,203
111134,33555,11,21,black,10,148315,214
111134,45556,11,25,black,10,83837,185
111135,11122,12,7,white,7,21541,46
111135,11135,12,11,white,9,124994,149
111135,11234,12,11,white,9,132654,186
111135,11245,12,13,white,9,208825,172
111135,11334,12,12,white,9,92018,109
111135,11555,12,17,white,9,102944,137
111135,12226,12,13,white,11,268104,487
111135,12246,12,15,white,13,925744,1799
111135,12256,12,16,black,12,686792,1211
111135,12444,12,15,white,9,87349,185
111135,12556,12,19,black,10,361740,479
111135,13334,12,14,white,9,83506,75
111135,14555,12,20,black,10,242549,273
111135,14666,12,23,black,10,219620,295
111135,15556,12,22,black,10,154809,195
111135,22366,12,19,black,10,353311,351
111135,22446,12,18,black,12,665732,1364
111135,22456,12,19,black,10,455298,828
111135,24555,12,21,black,10,269439,341
111135,25556,12,23,black,10,183680,268
111135,25666,12,25,black,10,170427,446
111135,33445,12,19,black,12,456666,974
111135,33555,12,21,black,10,158726,247
111135,45556,12,25,black,10,154861,229
11114,11122,8,7,white,9,23916,51
11114,11135,8,11,black,12,120225,185
11114,11234,8,11,black,12,234100,346
11114,11245,8,13,black,10,122999,121
11114,11334,8,12,black,12,147582,166
11114,11555,8,17,black,10,47143,102
11114,12226,8,13,black,12,131705,284
11114,12246,8,15,black,10,127122,282
11114,12256,8,16,black,10,127054,204
11114,12444,8,15,black,10,86671,131
11114,12556,8,19,black,10,103811,107
11114,13334,8,14,black,12,133728,182
11114,14555,8,20,black,10,45971,122
11114,14666,8,23,black,10,45971,88
11114,15556,8,22,black,10,46491,92
11114,22366,8,19,black,10,112759,159
11114,22446,8,18,black,10,79390,171
11114,22456,8,19,black,10,101892,130
11114,24555,8,21,black,10,57074,118
11114,25556,8,23,black,10,57405,133
11114,25666,8,25,black,10,55885,60
11114,33445,8,19,black,10,79390,168
11114,33555,8,21,black,10,57545,81
11114,45556,8,25,black,10,33868,70
111144,11122,12,7,white,7,14313,8
111144,11135,12,11,white,11,126665,136
111144,11234,12,11,white,7,32032,24
111144,11245,12,13,black,12,388253,914
111144,11334,12,12,white,7,23309,17
111144,11555,12,17,black,10,96487,158
111144,12226,12,13,white,11,165066,256
111144,12246,12,15,black,12,393131,520
111144,12256,12,16,black,12,398987,510
111144,12444,12,15,white,9,70249,102
111144,12556,12,19,black,10,203192,219
111144,13334,12,14,white,7,21830,12
111144,14555,12,20,black,10,74073,73
111144,14666,12,23,black,10,74073,82
111144,15556,12,22,black,10,82352,115
111144,22366,12,19,black,12,381528,522
111144,22446,12,18,black,10,148390,216
111144,22456,12,19,black,10,182458,434
111144,24555,12,21,black,10,91730,203
111144,25556,12,23,black,10,100548,160
111144,25666,12,25,black,10,96954,179
111144,33445,12,19,black,10,148390,260
111144,33555,12,21,black,10,115337,164
111144,45556,12,25,black,10,44942,76
111145,11122,13,7,white,7,21541,11
111145,11135,13,11,white,7,37455,27
111145,11234,13,11,white,7,35521,28
111145,11245,13,13,white,9,207949,264
111145,11334,13,12,white,7,28601,29
111145,11555,13,17,white,9,102944,119
111145,12226,13,13,white,11,268104,293
111145,12246,13,15,white,13,974401,1741
111145,12256,13,16,black,12,686792,846
111145,12444,13,15,white,7,25056,15
111145,12556,13,19,black,10,361740,517
111145,13334,13,14,white,7,27429,53
111145,14555,13,20,black,10,244891,324
111145,14666,13,23,black,10,218298,485
111145,15556,13,22,black,10,154809,276
111145,22366,13,19,black,12,662028,1383
111145,22446,13,18,black,12,622458,1623
111145,22456,13,19,black,10,437000,900
111145,24555,13,21,black,10,269646,417
111145,25556,13,23,black,10,183680,421
111145,25666,13,25,black,10,170427,270
111145,33445,13,19,white,9,160023,243
111145,33555,13,21,white,9,108387,145
111145,45556,13,25,black,10,150218,232
111146,11122,14,7,white,7,21541,12
111146,11135,14,11,white,7,37706,37
111146,11234,14,11,white,7,35521,69
111146,11245,14,13,white,9,132654,190
111146,11334,14,12,white,7,28601,42
111146,11555,14,17,white,9,62274,112
111146,12226,14,13,white,7,39333,87
111146,12246,14,15,white,9,211184,238
111146,12256,14,16,white,9,211440,426
111146,12444,14,15,white,7,25056,15
111146,12556,14,19,white,9,207950,249
111146,13334,14,14,white,7,27429,56
111146,14555,14,20,white,9,79543,99
111146,14666,14,23,black,10,244891,401
111146,15556,14,22,black,12,436738,826
111146,22366,14,19,white,9,168783,145
111146,22446,14,18,white,9,160023,304
111146,22456,14,19,white,9,221955,679
111146,24555,14,21,white,9,86548,140
111146,25556,14,23,black,12,527220,781
111146,25666,14,25,black,10,269439,362
111146,33445,14,19,white,9,98472,137
111146,33555,14,21,white,9,68017,65
111146,45556,14,25,black,12,396401,716
111155,11122,14,7,white,7,14313,8
111155,11135,14,11,white,7,20693,13
111155,11234,14,11,white,7,28320,46
111155,11245,14,13,white,7,32032,56
111155,11334,14,12,white,7,21434,17
111155,11555,14,17,white,9,48390,52
111155,12226,14,13,white,11,165066,392
111155,12246,14,15,white,11,298318,594
111155,12256,14,16,black,12,393131,853
111155,12444,14,15,white,7,18595,42
111155,12556,14,19,black,10,202255,343
111155,13334,14,14,white,7,20174,37
111155,14555,14,20,white,9,70249,84
111155,14666,14,23,black,10,148801,219
111155,15556,14,22,black,10,84172,160
111155,22366,14,19,black,12,381528,598
111155,22446,14,18,white,11,210858,614
111155,22456,14,19,black,12,478739,743
111155,24555,14,21,white,9,80978,62
111155,25556,14,23,black,10,100899,156
111155,25666,14,25,black,10,91730,87
111155,33445,14,19,white,7,23874,17
111155,33555,14,21,white,9,55075,81
111155,45556,14,25,black,10,100899,192
111166,11122,16,7,white,7,14313,8
111166,11135,16,11,white,7,18501,16
111166,11234,16,11,white,7,28320,21
111166,11245,16,13,white,7,28320,18
111166,11334,16,12,white,7,21434,28
111166,11555,16,17,white,7,14432,9
111166,12226,16,13,white,7,21830,13
111166,12246,16,15,white,7,33270,70
111166,12256,16,16,white,7,33270,65
111166,12444,16,15,white,7,18595,13
111166,12556,16,19,white,7,32296,21
111166,13334,16,14,white,7,20174,51
111166,14555,16,20,white,7,18595,12
111166,14666,16,23,white,9,70249,112
111166,15556,16,22,white,7,21830,52
111166,22366,16,19,white,9,95289,165
111166,22446,16,18,white,7,23874,15
111166,22456,16,19,white,7,33602,30
111166,24555,16,21,white,7,19473,53
111166,25556,16,23,white,7,22425,58
111166,25666,16,25,white,9,80978,110
111166,33445,16,19,white,7,22002,14
111166,33555,16,21,white,7,14827,16
111166,45556,16,25,white,7,22425,26
11122,11122,7,7,white,9,47324,80
11122,11135,7,11,black,12,187942,303
11122,11234,7,11,black,10,138909,182
11122,11245,7,13,black,10,138909,164
11122,11334,7,12,black,10,120310,165
11122,11555,7,17,black,10,93258,135
11122,12226,7,13,black,10,80165,113
11122,12246,7,15,black,10,104278,93
11122,12256,7,16,black,10,104278,92
11122,12444,7,15,black,10,70664,58
11122,12556,7,19,black,10,94633,140
11122,13334,7,14,black,10,79547,102
11122,14555,7,20,black,10,76183,69
11122,14666,7,23,black,10,76183,94
11122,15556,7,22,black,10,79547,91
11122,22366,7,19,black,10,44473,61
11122,22446,7,18,black,10,44985,36
11122,22456,7,19,black,10,54806,70
11122,24555,7,21,black,10,43769,38
11122,25556,7,23,black,10,42674,37
11122,25666,7,25,black,10,43769,42
11122,33445,7,19,black,10,45018,54
11122,33555,7,21,black,10,37164,61
11122,45556,7,25,black,10,45950,37
111222,11122,9,7,white,7,16496,9
111222,11135,9,11,black,12,219779,497
111222,11234,9,11,black,10,157320,250
111222,11245,9,13,black,10,157320,352
111222,11334,9,12,black,10,138558,228
111222,11555,9,17,black,10,109639,150
111222,12226,9,13,black,10,90977,141
111222,12246,9,15,black,10,115123,268
111222,12256,9,16,black,10,115123,139
111222,12444,9,15,black,10,80064,79
111222,12556,9,19,black,10,104793,106
111222,13334,9,14,black,10,91092,84
111222,14555,9,20,black,10,88180,114
111222,14666,9,23,black,10,88180,115
111222,15556,9,22,black,10,91092,136
111222,22366,9,19,black,10,48768,53
111222,22446,9,18,black,10,49222,96
111222,22456,9,19,black,10,59256,61
111222,24555,9,21,black,10,48114,109
111222,25556,9,23,black,10,46486,83
111222,25666,9,25,black,10,48114,108
111222,33445,9,19,black,10,50021,101
111222,33555,9,21,black,10,42058,57
111222,45556,9,25,black,10,50986,115
111223,11122,10,7,white,7,23942,86
111223,11135,10,11,black,12,541005,1605
111223,11234,10,11,black,10,489912,1235
111223,11245,10,13,black,10,480727,1280
111223,11334,10,12,black,10,330725,651
111223,11555,10,17,black,10,254534,491
111223,12226,10,13,white,11,286401,316
111223,12246,10,15,black,10,456957,549
111223,12256,10,16,black,10,456957,484
111223,12444,10,15,black,10,301590,363
111223,12556,10,19,black,10,383385,455
111223,13334,10,14,black,10,220665,395
111223,14555,10,20,black,10,196818,518
111223,14666,10,23,black,10,196818,352
111223,15556,10,22,black,10,201192,225
111223,22366,10,19,black,10,247374,299
111223,22446,10,18,black,10,247810,342
111223,22456,10,19,black,10,293661,360
111223,24555,10,21,black,10,183422,425
111223,25556,10,23,black,10,183498,559
111223,25666,10,25,black,10,183422,507
111223,33445,10,19,black,10,118305,252
111223,33555,10,21,black,10,103552,305
111223,45556,10,25,black,10,107779,245
111224,11122,11,7,white,7,23942,26
111224,11135,11,11,white,11,347734,1042
111224,11234,11,11,white,9,255592,475
111224,11245,11,13,black,10,489912,653
111224,11334,11,12,white,9,193795,233
111224,11555,11,17,black,10,254534,309
111224,12226,11,13,white,11,286401,365
111224,12246,11,15,black,10,471669,597
111224,12256,11,16,black,10,456957,645
111224,12444,11,15,black,10,350739,861
111224,12556,11,19,black,10,383385,831
111224,13334,11,14,black,12,611942,1642
111224,14555,11,20,black,10,202608,596
111224,14666,11,23,black,10,202608,447
111224,15556,11,22,black,10,201192,353
111224,22366,11,19,black,10,380147,467
111224,22446,11,18,black,10,262964,447
111224,22456,11,19,black,10,302754,439
111224,24555,11,21,black,10,192702,257
111224,25556,11,23,black,10,183498,310
111224,25666,11,25,black,10,183422,279
111224,33445,11,19,black,10,272537,494
111224,33555,11,21,black,10,210552,322
111224,45556,11,25,black,10,113808,265
111225,11122,12,7,white,7,23942,93
111225,11135,12,11,white,7,43766,31
111225,11234,12,11,white,9,139672,173
111225,11245,12,13,white,9,255592,261
111225,11334,12,12,white,9,105083,88
111225,11555,12,17,white,9,141829,172
111225,12226,12,13,white,11,286401,492
111225,12246,12,15,black,12,1040805,1226
111225,12256,12,16,black,10,471669,524
111225,12444,12,15,white,9,101550,81
111225,12556,12,19,black,10,411219,390
111225,13334,12,14,white,9,96362,105
111225,14555,12,20,black,10,336774,330
111225,14666,12,23,black,10,311834,577
111225,15556,12,22,black,10,220665,409
111225,22366,12,19,black,10,380147,879
111225,22446,12,18,black,12,596527,1572
111225,22456,12,19,black,10,468514,1002
111225,24555,12,21,black,10,311153,579
111225,25556,12,23,black,10,200023,457
111225,25666,12,25,black,10,192702,517
111225,33445,12,19,black,12,600928,1076
111225,33555,12,21,black,10,218005,520
111225,45556,12,25,black,10,212294,390
111226,11122,13,7,white,7,23942,22
111226,11135,13,11,white,7,43168,64
111226,11234,13,11,white,9,139672,142
111226,11245,13,13,white,9,139672,112
111226,11334,13,12,white,9,105083,115
111226,11555,13,17,white,9,81111,69
111226,12226,13,13,white,11,291447,312
111226,12246,13,15,black,12,1005289,1247
111226,12256,13,16,black,12,1005289,1134
111226,12444,13,15,white,9,101550,104
111226,12556,13,19,black,12,986462,1885
111226,13334,13,14,white,9,96362,217
111226,14555,13,20,white,9,89397,200
111226,14666,13,23,black,10,336774,685
111226,15556,13,22,black,12,611942,947
111226,22366,13,19,black,10,382076,603
111226,22446,13,18,black,12,588607,1410
111226,22456,13,19,black,12,885948,1927
111226,24555,13,21,white,9,89264,143
111226,25556,13,23,black,12,515462,1042
111226,25666,13,25,black,10,311153,265
111226,33445,13,19,white,9,89292,250
111226,33555,13,21,white,9,67606,183
111226,45556,13,25,black,12,537891,1161
111235,11122,13,7,white,7,36509,44
111235,11135,13,11,white,7,75143,151
111235,11234,13,11,white,9,252618,530
111235,11245,13,13,white,9,464120,842
111235,11334,13,12,white,9,188087,161
111235,11555,13,17,white,9,244930,400
111235,12226,13,13,white,11,481794,601
111235,12246,13,15,white,13,2228853,6067
111235,12256,13,16,black,12,1561466,3225
111235,12444,13,15,white,9,181775,301
111235,12556,13,19,black,10,841606,1377
111235,13334,13,14,white,9,174977,292
111235,14555,13,20,black,10,588372,1085
111235,14666,13,23,black,10,549231,618
111235,15556,13,22,black,10,386043,463
111235,22366,13,19,black,10,776761,766
111235,22446,13,18,black,12,1434452,1755
111235,22456,13,19,black,10,974956,942
111235,24555,13,21,black,10,614879,556
111235,25556,13,23,black,10,414490,408
111235,25666,13,25,black,10,388503,481
111235,33445,13,19,black,12,1043294,1302
111235,33555,13,21,black,10,384090,780
111235,45556,13,25,black,10,371513,534
111245,11122,14,7,white,7,36509,19
111245,11135,14,11,white,7,78048,144
111245,11234,14,11,white,7,73901,83
111245,11245,14,13,white,9,466777,601
111245,11334,14,12,white,7,62862,70
111245,11555,14,17,white,9,244930,262
111245,12226,14,13,white,11,481794,473
111245,12246,14,15,white,13,2089248,2621
111245,12256,14,16,black,12,1561466,1625
111245,12444,14,15,white,7,58941,29
111245,12556,14,19,black,10,841606,755
111245,13334,14,14,white,7,61372,39
111245,14555,14,20,black,10,606746,937
111245,14666,14,23,black,10,539695,1461
111245,15556,14,22,black,10,386043,420
111245,22366,14,19,black,12,1403075,2560
111245,22446,14,18,black,12,1331160,1985
111245,22456,14,19,black,10,938166,1510
111245,24555,14,21,black,10,627661,864
111245,25556,14,23,black,10,414490,745
111245,25666,14,25,black,10,388503,718
111245,33445,14,19,white,9,348064,636
111245,33555,14,21,white,9,250058,306
111245,45556,14,25,black,10,360359,490
111255,11122,15,7,white,7,23596,33
111255,11135,15,11,white,7,42669,48
111255,11234,15,11,white,7,55794,51
111255,11245,15,13,white,7,61899,68
111255,11334,15,12,white,7,45178,107
111255,11555,15,17,white,9,119852,247
111255,12226,15,13,white,11,289606,495
111255,12246,15,15,white,11,546177,1124
111255,12256,15,16,black,12,897703,1301
111255,12444,15,15,white,7,42161,68
111255,12556,15,19,black,10,479070,671
111255,13334,15,14,white,7,43564,32
111255,14555,15,20,white,9,163085,540
111255,14666,15,23,black,10,366317,655
111255,15556,15,22,black,10,215841,361
111255,22366,15,19,black,12,805684,1456
111255,22446,15,18,white,11,421880,890
111255,22456,15,19,black,12,1001097,1817
111255,24555,15,21,white,9,180993,233
111255,25556,15,23,black,10,232658,491
111255,25666,15,25,black,10,210344,350
111255,33445,15,19,white,7,46578,27
111255,33555,15,21,white,9,130156,161
111255,45556,15,25,black,10,240567,491
111266,11122,17,7,white,7,23596,51
111266,11135,17,11,white,7,39144,47
111266,11234,17,11,white,7,55794,38
111266,11245,17,13,white,7,55794,67
111266,11334,17,12,white,7,45178,54
111266,11555,17,17,white,7,33490,29
111266,12226,17,13,white,7,47069,25
111266,12246,17,15,white,7,64082,38
111266,12256,17,16,white,7,64082,144
111266,12444,17,15,white,7,42161,77
111266,12556,17,19,white,7,63218,66
111266,13334,17,14,white,7,43564,44
111266,14555,17,20,white,7,38974,18
111266,14666,17,23,white,9,163085,114
111266,15556,17,22,white,7,45454,42
111266,22366,17,19,white,9,204078,304
111266,22446,17,18,white,7,48689,74
111266,22456,17,19,white,7,62751,93
111266,24555,17,21,white,7,40429,23
111266,25556,17,23,white,7,46551,26
111266,25666,17,25,white,9,180993,331
111266,33445,17,19,white,7,44514,69
111266,33555,17,21,white,7,32634,16
111266,45556,17,25,white,7,44714,29
111335,11122,14,7,white,7,24952,49
111335,11135,14,11,white,7,46190,96
111335,11234,14,11,white,7,66460,58
111335,11245,14,13,white,7,62611,36
111335,11334,14,12,white,9,113611,94
111335,11555,14,17,white,9,141829,210
111335,12226,14,13,white,11,341959,513
111335,12246,14,15,white,13,1407402,2239
111335,12256,14,16,black,12,949937,1749
111335,12444,14,15,white,9,110594,157
111335,12556,14,19,black,10,503766,869
111335,13334,14,14,white,9,104664,116
111335,14555,14,20,black,10,336774,394
111335,14666,14,23,black,10,311834,322
111335,15556,14,22,black,10,220665,257
111335,22366,14,19,black,10,481752,702
111335,22446,14,18,black,12,961392,1637
111335,22456,14,19,black,10,619062,952
111335,24555,14,21,black,10,370927,371
111335,25556,14,23,black,10,256873,434
111335,25666,14,25,black,10,239064,327
111335,33445,14,19,black,12,588607,688
111335,33555,14,21,black,10,223868,216
111335,45556,14,25,black,10,212294,188
111345,11122,15,7,white,7,37488,22
111345,11135,15,11,white,7,79903,46
111345,11234,15,11,white,7,79859,75
111345,11245,15,13,white,7,104700,63
111345,11334,15,12,white,7,63075,61
111345,11555,15,17,white,9,244930,267
111345,12226,15,13,white,11,566100,886
111345,12246,15,15,white,13,2114135,3584
111345,12256,15,16,black,12,1618248,3399
111345,12444,15,15,white,7,59629,75
111345,12556,15,19,black,10,863350,1017
111345,13334,15,14,white,7,61129,74
111345,14555,15,20,black,10,606746,779
111345,14666,15,23,black,10,539695,605
111345,15556,15,22,black,10,386043,541
111345,22366,15,19,black,12,1579346,2070
111345,22446,15,18,black,12,1582185,1914
111345,22456,15,19,black,10,1015934,1135
111345,24555,15,21,black,10,659732,1167
111345,25556,15,23,black,10,447699,615
111345,25666,15,25,black,10,417088,603
111345,33445,15,19,white,9,349384,379
111345,33555,15,21,white,9,250739,219
111345,45556,15,25,black,10,360359,579
111346,11122,16,7,white,7,37488,21
111346,11135,16,11,white,7,79999,63
111346,11234,16,11,white,7,79859,128
111346,11245,16,13,white,7,104853,137
111346,11334,16,12,white,7,63075,65
111346,11555,16,17,white,9,136432,107
111346,12226,16,13,white,7,84447,50
111346,12246,16,15,white,7,108807,91
111346,12256,16,16,white,7,103270,97
111346,12444,16,15,white,7,59629,35
111346,12556,16,19,white,9,459185,432
111346,13334,16,14,white,7,61129,60
111346,14555,16,20,white,9,164060,159
111346,14666,16,23,black,10,606746,980
111346,15556,16,22,black,12,1075963,2015
111346,22366,16,19,white,9,388764,621
111346,22446,16,18,white,9,363344,480
111346,22456,16,19,white,9,485071,719
111346,24555,16,21,white,9,176858,223
111346,25556,16,23,black,12,1278239,2927
111346,25666,16,25,black,10,647307,877
111346,33445,16,19,white,9,195354,514
111346,33555,16,21,white,9,143759,257
111346,45556,16,25,black,12,920408,2870
11135,11122,11,7,white,7,21163,63
11135,11135,11,11,white,9,120431,160
11135,11234,11,11,white,9,127401,330
11135,11245,11,13,white,9,200436,457
11135,11334,11,12,white,9,88722,341
11135,11555,11,17,white,9,100390,650
11135,12226,11,13,white,11,251512,648
11135,12246,11,15,white,13,878977,1737
11135,12256,11,16,black,12,655725,1642
11135,12444,11,15,white,9,84207,179
11135,12556,11,19,black,10,346566,673
11135,13334,11,14,white,9,80528,169
11135,14555,11,20,black,10,232330,295
11135,14666,11,23,black,10,211223,270
11135,15556,11,22,black,10,149650,155
11135,22366,11,19,black,10,336387,427
11135,22446,11,18,black,12,634184,944
11135,22456,11,19,black,10,431567,1183
11135,24555,11,21,black,10,255740,426
11135,25556,11,23,black,10,175565,329
11135,25666,11,25,black,10,162854,259
11135,33445,11,19,black,12,422748,960
11135,33555,11,21,black,10,151167,143
11135,45556,11,25,black,10,147379,253
111355,11122,16,7,white,7,24492,14
111355,11135,16,11,white,7,45108,46
111355,11234,16,11,white,7,59348,79
111355,11245,16,13,white,7,62050,39
111355,11334,16,12,white,7,44940,29
111355,11555,16,17,white,9,119852,90
111355,12226,16,13,white,11,339907,374
111355,12246,16,15,white,11,509983,531
111355,12256,16,16,black,12,956601,1658
111355,12444,16,15,white,7,42628,25
111355,12556,16,19,black,10,490258,799
111355,13334,16,14,white,7,42993,114
111355,14555,16,20,white,9,163085,307
111355,14666,16,23,black,10,366317,999
111355,15556,16,22,black,10,215841,349
111355,22366,16,19,black,12,906772,2541
111355,22446,16,18,white,11,459771,1200
111355,22456,16,19,black,12,1179712,3148
111355,24555,16,21,white,9,184723,329
111355,25556,16,23,black,10,252169,459
111355,25666,16,25,black,10,226384,477
111355,33445,16,19,white,7,48689,61
111355,33555,16,21,white,9,130534,383
111355,45556,16,25,black,10,240567,301
111356,11122,17,7,white,7,37488,70
111356,11135,17,11,white,7,57601,45
111356,11234,17,11,white,7,81808,106
111356,11245,17,13,white,7,74260,65
111356,11334,17,12,white,7,64920,75
111356,11555,17,17,white,7,49005,82
111356,12226,17,13,white,7,84447,77
111356,12246,17,15,white,7,113470,95
111356,12256,17,16,white,7,108807,100
111356,12444,17,15,white,7,62650,53
111356,12556,17,19,white,9,446826,1043
111356,13334,17,14,white,7,63032,127
111356,14555,17,20,white,7,54855,208
111356,14666,17,23,white,9,327419,690
111356,15556,17,22,white,11,701191,1028
111356,22366,17,19,white,9,388764,700
111356,22446,17,18,white,7,90594,97
111356,22456,17,19,white,9,521971,431
111356,24555,17,21,white,7,58112,37
111356,25556,17,23,white,11,815289,1044
111356,25666,17,25,black,10,659732,693
111356,33445,17,19,white,7,63556,59
111356,33555,17,21,white,7,49601,27
111356,45556,17,25,white,11,758333,769
111366,11122,18,7,white,7,24492,31
111366,11135,18,11,white,7,40532,21
111366,11234,18,11,white,7,59348,38
111366,11245,18,13,white,7,56067,35
111366,11334,18,12,white,7,44940,24
111366,11555,18,17,white,7,33490,19
111366,12226,18,13,white,7,47708,52
111366,12246,18,15,white,7,64769,79
111366,12256,18,16,white,7,64769,38
111366,12444,18,15,white,7,42628,26
111366,12556,18,19,white,7,63695,36
111366,13334,18,14,white,7,42993,76
111366,14555,18,20,white,7,38974,22
111366,14666,18,23,white,9,163085,202
111366,15556,18,22,white,7,45454,24
111366,22366,18,19,white,9,221112,228
111366,22446,18,18,white,7,49807,26
111366,22456,18,19,white,7,64031,50
111366,24555,18,21,white,7,41192,116
111366,25556,18,23,white,7,47259,93
111366,25666,18,25,white,9,184723,358
111366,33445,18,19,white,7,45725,90
111366,33555,18,21,white,7,33873,16
111366,45556,18,25,white,7,44714,78
111455,11122,17,7,white,7,24492,58
111455,11135,17,11,white,7,45166,143
111455,11234,17,11,white,7,38879,23
111455,11245,17,13,white,7,66412,40
111455,11334,17,12,white,7,31853,18
111455,11555,17,17,white,9,119852,131
111455,12226,17,13,white,11,339907,338
111455,12246,17,15,white,11,488843,720
111455,12256,17,16,black,12,956601,1820
111455,12444,17,15,white,7,28364,20
111455,12556,17,19,black,10,490258,930
111455,13334,17,14,white,7,30854,70
111455,14555,17,20,white,9,166773,352
111455,14666,17,23,black,10,361340,853
111455,15556,17,22,black,10,215841,554
111455,22366,17,19,black,12,894625,2439
111455,22446,17,18,white,11,371566,685
111455,22456,17,19,black,12,1143339,2572
111455,24555,17,21,white,9,189176,269
111455,25556,17,23,black,10,252169,331
111455,25666,17,25,black,10,226384,442
111455,33445,17,19,white,7,52475,80
111455,33555,17,21,white,9,133858,196
111455,45556,17,25,black,10,232658,468
111456,11122,18,7,white,7,37488,36
111456,11135,18,11,white,7,57804,43
111456,11234,18,11,white,7,55080,119
111456,11245,18,13,white,7,79859,124
111456,11334,18,12,white,7,47195,280
111456,11555,18,17,white,7,49005,54
111456,12226,18,13,white,7,84447,132
111456,12246,18,15,white,7,117177,121
111456,12256,18,16,white,7,108807,201
111456,12444,18,15,white,7,42428,26
111456,12556,18,19,white,9,446826,916
111456,13334,18,14,white,7,46500,56
111456,14555,18,20,white,7,58941,36
111456,14666,18,23,white,9,332644,481
111456,15556,18,22,white,11,701191,856
111456,22366,18,19,white,7,92404,55
111456,22446,18,18,white,7,92464,47
111456,22456,18,19,white,9,531042,506
111456,24555,18,21,white,7,63617,65
111456,25556,18,23,white,11,815289,816
111456,25666,18,25,black,10,659732,647
111456,33445,18,19,white,7,67528,36
111456,33555,18,21,white,7,51063,24
111456,45556,18,25,white,11,748372,1625
111466,11122,19,7,white,7,24492,73
111466,11135,19,11,white,7,40665,68
111466,11234,19,11,white,7,38879,91
111466,11245,19,13,white,7,59348,35
111466,11334,19,12,white,7,31853,20
111466,11555,19,17,white,7,33490,19
111466,12226,19,13,white,7,47708,30
111466,12246,19,15,white,7,69193,46
111466,12256,19,16,white,7,64769,110
111466,12444,19,15,white,7,28364,61
111466,12556,19,19,white,7,63695,82
111466,13334,19,14,white,7,30854,62
111466,14555,19,20,white,7,42161,72
111466,14666,19,23,white,9,166773,246
111466,15556,19,22,white,7,45454,53
111466,22366,19,19,white,7,52611,55
111466,22446,19,18,white,7,52475,68
111466,22456,19,19,white,7,67117,89
111466,24555,19,21,white,7,45334,23
111466,25556,19,23,white,7,47259,44
111466,25666,19,25,white,9,184723,296
111466,33445,19,19,white,7,48195,70
111466,33555,19,21,white,7,34905,58
111466,45556,19,25,white,7,46551,62
11155,11122,13,7,white,7,13935,8
11155,11135,13,11,white,7,20265,14
11155,11234,13,11,white,7,27841,19
11155,11245,13,13,white,7,31496,58
11155,11334,13,12,white,7,20979,13
11155,11555,13,17,white,9,46368,137
11155,12226,13,13,white,11,152916,295
11155,12246,13,15,white,11,274230,572
11155,12256,13,16,black,12,371005,988
11155,12444,13,15,white,7,18208,11
11155,12556,13,19,black,10,190760,481
11155,13334,13,14,white,7,19734,12
11155,14555,13,20,white,9,66774,120
11155,14666,13,23,black,10,142106,296
11155,15556,13,22,black,10,80165,143
11155,22366,13,19,black,12,358546,548
11155,22446,13,18,white,11,192941,246
11155,22456,13,19,black,12,451004,906
11155,24555,13,21,white,9,76354,142
11155,25556,13,23,black,10,94809,148
11155,25666,13,25,black,10,86211,130
11155,33445,13,19,white,7,23519,35
11155,33555,13,21,white,9,51988,171
11155,45556,13,25,black,10,94809,140
111555,11122,18,7,white,7,14385,45
111555,11135,18,11,white,7,21146,18
111555,11234,18,11,white,7,28551,62
111555,11245,18,13,white,7,32590,23
111555,11334,18,12,white,7,21567,51
111555,11555,18,17,white,9,55719,111
111555,12226,18,13,white,11,163874,190
111555,12246,18,15,white,11,302648,373
111555,12256,18,16,black,12,449173,500
111555,12444,18,15,white,7,18795,11
111555,12556,18,19,black,12,439504,884
111555,13334,18,14,white,7,20340,55
111555,14555,18,20,white,9,86262,126
111555,14666,18,23,black,10,166010,224
111555,15556,18,22,black,10,90977,83
111555,22366,18,19,black,12,405761,1008
111555,22446,18,18,white,11,212406,515
111555,22456,18,19,black,12,508531,1039
111555,24555,18,21,white,9,96434,214
111555,25556,18,23,black,10,107446,155
111555,25666,18,25,black,10,97283,163
111555,33445,18,19,white,7,24556,21
111555,33555,18,21,white,9,62686,91
111555,45556,18,25,black,10,107446,161
111556,11122,19,7,white,7,24952,34
111556,11135,19,11,white,7,29161,47
111556,11234,19,11,white,7,42279,27
111556,11245,19,13,white,7,40757,43
111556,11334,19,12,white,7,34436,60
111556,11555,19,17,white,7,24066,78
111556,12226,19,13,white,7,51074,81
111556,12246,19,15,white,7,73202,223
111556,12256,19,16,white,7,69101,91
111556,12444,19,15,white,7,30416,111
111556,12556,19,19,white,9,261583,618
111556,13334,19,14,white,7,33454,47
111556,14555,19,20,white,7,29448,15
111556,14666,19,23,white,9,195754,147
111556,15556,19,22,white,11,291447,262
111556,22366,19,19,white,7,55749,34
111556,22446,19,18,white,7,55544,31
111556,22456,19,19,white,7,71167,92
111556,24555,19,21,white,7,31579,73
111556,25556,19,23,white,11,331156,365
111556,25666,19,25,black,10,379733,661
111556,33445,19,19,white,7,34554,18
111556,33555,19,21,white,7,25559,28
111556,45556,19,25,white,11,331156,389
111566,11122,20,7,white,7,24492,22
111566,11135,20,11,white,7,28087,20
111566,11234,20,11,white,7,40316,27
111566,11245,20,13,white,7,38879,71
111566,11334,20,12,white,7,33253,53
111566,11555,20,17,white,7,23733,36
111566,12226,20,13,white,7,47708,36
111566,12246,20,15,white,7,69030,140
111566,12256,20,16,white,7,69193,78
111566,12444,20,15,white,7,29269,57
111566,12556,20,19,white,7,67533,86
111566,13334,20,14,white,7,32314,74
111566,14555,20,20,white,7,28364,14
111566,14666,20,23,white,9,165796,403
111566,15556,20,22,white,7,47069,206
111566,22366,20,19,white,7,52611,80
111566,22446,20,18,white,7,52423,224
111566,22456,20,19,white,7,71462,101
111566,24555,20,21,white,7,30321,22
111566,25556,20,23,white,7,49694,73
111566,25666,20,25,white,9,189176,180
111566,33445,20,19,white,7,33293,20
111566,33555,20,21,white,7,24972,38
111566,45556,20,25,white,7,49694,79
11166,11122,15,7,white,7,13935,50
11166,11135,15,11,white,7,18099,14
11166,11234,15,11,white,7,27841,72
11166,11245,15,13,white,7,27841,20
11166,11334,15,12,white,7,20979,12
11166,11555,15,17,white,7,14054,8
11166,12226,15,13,white,7,21373,13
11166,12246,15,15,white,7,32705,63
11166,12256,15,16,white,7,32705,20
11166,12444,15,15,white,7,18208,23
11166,12556,15,19,white,7,31787,18
11166,13334,15,14,white,7,19734,58
11166,14555,15,20,white,7,18208,20
11166,14666,15,23,white,9,66774,68
11166,15556,15,22,white,7,21373,12
11166,22366,15,19,white,9,89554,124
11166,22446,15,18,white,7,23519,15
11166,22456,15,19,white,7,33177,27
11166,24555,15,21,white,7,19151,10
11166,25556,15,23,white,7,22086,28
11166,25666,15,25,white,9,76354,57
11166,33445,15,19,white,7,21667,19
11166,33555,15,21,white,7,14545,10
11166,45556,15,25,white,7,22086,15
111666,11122,21,7,white,7,14385,12
111666,11135,21,11,white,7,18665,12
111666,11234,21,11,white,7,28551,120
111666,11245,21,13,white,7,28551,105
111666,11334,21,12,white,7,21567,66
111666,11555,21,17,white,7,14504,8
111666,12226,21,13,white,7,22311,90
111666,12246,21,15,white,7,33856,92
111666,12256,21,16,white,7,33856,20
111666,12444,21,15,white,7,18795,59
111666,12556,21,19,white,7,32931,78
111666,13334,21,14,white,7,20340,69
111666,14555,21,20,white,7,18795,10
111666,14666,21,23,white,9,86262,169
111666,15556,21,22,white,7,22311,68
111666,22366,21,19,white,7,24432,51
111666,22446,21,18,white,7,24556,17
111666,22456,21,19,white,7,34468,20
111666,24555,21,21,white,7,19824,12
111666,25556,21,23,white,7,23082,14
111666,25666,21,25,white,9,96434,255
111666,33445,21,19,white,7,22344,34
111666,33555,21,21,white,7,15090,29
111666,45556,21,25,white,7,23082,16
112223,11122,11,7,white,7,21466,79
112223,11135,11,11,black,12,531115,1116
112223,11234,11,11,black,10,462252,748
112223,11245,11,13,black,10,455436,829
112223,11334,11,12,black,10,328779,517
112223,11555,11,17,black,10,256799,495
112223,12226,11,13,white,11,240533,353
112223,12246,11,15,black,10,425235,513
112223,12256,11,16,black,10,425235,858
112223,12444,11,15,black,10,288567,705
112223,12556,11,19,black,10,362298,685
112223,13334,11,14,black,10,216842,365
112223,14555,11,20,black,10,195427,331
112223,14666,11,23,black,10,195427,461
112223,15556,11,22,black,10,199682,393
112223,22366,11,19,black,10,227848,467
112223,22446,11,18,black,10,228875,436
112223,22456,11,19,black,10,269344,400
112223,24555,11,21,black,10,171445,301
112223,25556,11,23,black,10,170993,318
112223,25666,11,25,black,10,171445,301
112223,33445,11,19,black,10,114572,315
112223,33555,11,21,black,10,100029,482
112223,45556,11,25,black,10,104671,294
11223,11122,9,7,white,7,21026,67
11223,11135,9,11,black,12,470860,942
11223,11234,9,11,black,10,422000,449
11223,11245,9,13,black,10,419500,543
11223,11334,9,12,black,10,296904,585
11223,11555,9,17,black,10,231689,454
11223,12226,9,13,white,11,234602,280
11223,12246,9,15,black,10,392187,453
11223,12256,9,16,black,10,392187,606
11223,12444,9,15,black,10,263442,422
11223,12556,9,19,black,10,335002,578
11223,13334,9,14,black,10,195856,438
11223,14555,9,20,black,10,177426,297
11223,14666,9,23,black,10,177426,432
11223,15556,9,22,black,10,182629,254
11223,22366,9,19,black,10,208424,270
11223,22446,9,18,black,10,211526,353
11223,22456,9,19,black,10,250674,607
11223,24555,9,21,black,10,157262,262
11223,25556,9,23,black,10,157803,274
11223,25666,9,25,black,10,157262,214
11223,33445,9,19,black,10,103637,194
11223,33555,9,21,black,10,89846,156
11223,45556,9,25,black,10,96670,125
112233,11122,12,7,white,7,24392,56
112233,11135,12,11,black,12,681750,1253
112233,11234,12,11,black,12,1112791,2025
112233,11245,12,13,black,12,1067792,1335
112233,11334,12,12,black,10,407068,448
112233,11555,12,17,black,10,326752,324
112233,12226,12,13,white,11,326913,550
112233,12246,12,15,black,12,975204,1821
112233,12256,12,16,black,12,975204,1846
112233,12444,12,15,black,10,436427,790
112233,12556,12,19,black,10,544927,768
112233,13334,12,14,black,10,271332,377
112233,14555,12,20,black,10,246681,212
112233,14666,12,23,black,10,246681,306
112233,15556,12,22,black,10,249794,350
112233,22366,12,19,black,10,362183,536
112233,22446,12,18,black,10,371981,809
112233,22456,12,19,black,10,427271,705
112233,24555,12,21,black,10,250209,399
112233,25556,12,23,black,10,251098,406
112233,25666,12,25,black,10,250209,331
112233,33445,12,19,black,10,141388,272
112233,33555,12,21,black,10,123279,137
112233,45556,12,25,black,10,130065,215
112234,11122,13,7,white,7,37556,47
112234,11135,13,11,white,11,579490,751
112234,11234,13,11,white,9,534624,974
112234,11245,13,13,black,12,1901160,2977
112234,11334,13,12,white,9,379608,516
112234,11555,13,17,black,10,571156,910
112234,12226,13,13,white,11,542913,774
112234,12246,13,15,black,12,1722596,2254
112234,12256,13,16,black,12,1653390,2303
112234,12444,13,15,white,9,394416,394
112234,12556,13,19,black,10,921705,955
112234,13334,13,14,white,11,838271,839
112234,14555,13,20,black,10,440810,445
112234,14666,13,23,black,10,440810,490
112234,15556,13,22,black,10,429050,433
112234,22366,13,19,black,10,874239,1016
112234,22446,13,18,black,10,688782,951
112234,22456,13,19,black,10,756701,950
112234,24555,13,21,black,10,448838,580
112234,25556,13,23,black,10,432797,613
112234,25666,13,25,black,10,433675,495
112234,33445,13,19,black,10,550315,563
112234,33555,13,21,black,10,429008,449
112234,45556,13,25,black,10,233763,245
112235,11122,14,7,white,7,37556,18
112235,11135,14,11,white,7,87657,56
112235,11234,14,11,white,9,274078,231
112235,11245,14,13,white,9,529817,460
112235,11334,14,12,white,9,212015,285
112235,11555,14,17,white,9,297262,274
112235,12226,14,13,white,11,542913,727
112235,12246,14,15,white,13,2535619,3242
112235,12256,14,16,black,12,1722596,1999
112235,12444,14,15,white,9,206623,149
112235,12556,14,19,black,10,990703,938
112235,13334,14,14,white,9,200358,227
112235,14555,14,20,black,10,706225,655
112235,14666,14,23,black,10,671711,827
112235,15556,14,22,black,10,475529,650
112235,22366,14,19,black,10,874239,1372
112235,22446,14,18,black,12,1551189,2329
112235,22456,14,19,black,10,1080404,2791
112235,24555,14,21,black,10,708952,1351
112235,25556,14,23,black,10,476642,1246
112235,25666,14,25,black,10,448838,881
112235,33445,14,19,black,12,1160619,2708
112235,33555,14,21,black,10,460951,858
112235,45556,14,25,black,10,442068,545
112236,11122,15,7,white,7,37556,46
112236,11135,15,11,white,7,89020,60
112236,11234,15,11,white,9,274078,331
112236,11245,15,13,white,9,255333,416
112236,11334,15,12,white,9,212015,651
112236,11555,15,17,white,9,158779,153
112236,12226,15,13,white,7,96927,115
112236,12246,15,15,white,9,517251,1025
112236,12256,15,16,white,9,517251,944
112236,12444,15,15,white,9,206623,404
112236,12556,15,19,white,9,521602,1160
112236,13334,15,14,white,9,200358,391
112236,14555,15,20,white,9,168098,362
112236,14666,15,23,black,10,706225,1455
112236,15556,15,22,black,12,1276511,2780
112236,22366,15,19,white,9,390373,460
112236,22446,15,18,white,9,391472,769
112236,22456,15,19,white,9,502883,1054
112236,24555,15,21,white,9,176025,181
112236,25556,15,23,black,12,1297229,2824
112236,25666,15,25,black,10,708952,1171
112236,33445,15,19,white,9,185563,342
112236,33555,15,21,white,9,147133,163
112236,45556,15,25,black,12,1052935,2558
112245,11122,15,7,white,7,37556,70
112245,11135,15,11,white,7,90345,88
112245,11234,15,11,white,7,85630,132
112245,11245,15,13,white,9,534624,907
112245,11334,15,12,white,7,74622,121
112245,11555,15,17,white,9,297262,393
112245,12226,15,13,white,11,542913,730
112245,12246,15,15,white,13,2385657,3718
112245,12256,15,16,black,12,1722596,2980
112245,12444,15,15,white,7,71359,47
112245,12556,15,19,black,10,990703,1656
112245,13334,15,14,white,7,73553,149
112245,14555,15,20,black,10,739023,1059
112245,14666,15,23,black,10,655164,1109
112245,15556,15,22,black,10,475529,774
112245,22366,15,19,black,12,1500206,2861
112245,22446,15,18,black,12,1475251,2636
112245,22456,15,19,black,10,1042096,1221
112245,24555,15,21,black,10,732621,999
112245,25556,15,23,black,10,476642,643
112245,25666,15,25,black,10,448838,581
112245,33445,15,19,white,9,392624,517
112245,33555,15,21,white,9,294666,384
112245,45556,15,25,black,10,428014,580
112345,11122,16,7,white,7,56214,87
112345,11135,16,11,white,7,149862,129
112345,11234,16,11,white,7,147588,195
112345,11245,16,13,white,7,191134,184
112345,11334,16,12,white,7,123281,146
112345,11555,16,17,white,9,506883,538
112345,12226,16,13,white,11,993667,1714
112345,12246,16,15,white,11,1457647,1623
112345,12256,16,16,black,12,3009411,4840
112345,12444,16,15,white,7,121544,98
112345,12556,16,19,black,10,1704355,2355
112345,13334,16,14,white,7,121224,127
112345,14555,16,20,black,10,1275940,1923
112345,14666,16,23,black,10,1129205,1492
112345,15556,16,22,black,10,818039,1679
112345,22366,16,19,black,12,2772917,5784
112345,22446,16,18,black,14,4515530,9129
112345,22456,16,19,black,10,1838567,3139
112345,24555,16,21,black,10,1310843,2299
112345,25556,16,23,black,10,866359,1586
112345,25666,16,25,black,10,816035,1840
112345,33445,16,19,white,9,658250,1145
112345,33555,16,21,white,9,502103,794
112345,45556,16,25,black,10,738625,1463
112346,11122,17,7,white,7,56214,27
112346,11135,17,11,white,7,150838,123
112346,11234,17,11,white,7,147588,106
112346,11245,17,13,white,7,192928,148
112346,11334,17,12,white,7,123281,105
112346,11555,17,17,white,9,263938,286
112346,12226,17,13,white,7,160724,127
112346,12246,17,15,white,7,197439,161
112346,12256,17,16,white,7,188089,190
112346,12444,17,15,white,7,121544,134
112346,12556,17,19,white,9,865829,1353
112346,13334,17,14,white,7,121224,92
112346,14555,17,20,white,9,305450,543
112346,14666,17,23,black,10,1275940,1633
112346,15556,17,22,black,12,2207019,3728
112346,22366,17,19,white,9,719411,1215
112346,22446,17,18,white,9,675452,1107
112346,22456,17,19,white,9,869840,1268
112346,24555,17,21,white,9,319850,536
112346,25556,17,23,black,12,2376869,3616
112346,25666,17,25,black,10,1264238,1898
112346,33445,17,19,white,9,348176,651
112346,33555,17,21,white,9,271461,469
112346,45556,17,25,black,12,1770805,4062
112445,11122,17,7,white,7,36871,58
112445,11135,17,11,white,7,91934,125
112445,11234,17,11,white,7,77260,67
112445,11245,17,13,white,7,121638,146
112445,11334,17,12,white,7,66017,129
112445,11555,17,17,white,9,296390,428
112445,12226,17,13,white,11,599305,1149
112445,12246,17,15,white,11,846749,1380
112445,12256,17,16,black,12,1767653,2662
112445,12444,17,15,white,7,62277,62
112445,12556,17,19,black,10,1003416,1612
112445,13334,17,14,white,7,64826,79
112445,14555,17,20,black,10,748876,1175
112445,14666,17,23,black,10,642182,991
112445,15556,17,22,black,10,473441,790
112445,22366,17,19,black,12,1588858,2874
112445,22446,17,18,white,11,694397,1084
112445,22456,17,19,black,10,1060942,1914
112445,24555,17,21,black,10,763705,1247
112445,25556,17,23,black,10,500780,1095
112445,25666,17,25,black,10,470469,853
112445,33445,17,19,white,9,395893,938
112445,33555,17,21,white,9,302412,435
112445,45556,17,25,black,10,416713,710
11245,11122,13,7,white,7,32597,50
11245,11135,13,11,white,7,72718,117
11245,11234,13,11,white,7,67941,75
11245,11245,13,13,white,9,406946,771
11245,11334,13,12,white,7,57931,56
11245,11555,13,17,white,9,222160,385
11245,12226,13,13,white,11,406174,496
11245,12246,13,15,white,13,1728246,2891
11245,12256,13,16,black,12,1305438,2308
11245,12444,13,15,white,7,54232,40
11245,12556,13,19,black,10,737176,1511
11245,13334,13,14,white,7,56570,61
11245,14555,13,20,black,10,531768,806
11245,14666,13,23,black,10,477328,621
11245,15556,13,22,black,10,346119,518
11245,22366,13,19,black,12,1159135,1922
11245,22446,13,18,black,12,1097757,1979
11245,22456,13,19,black,10,792070,1026
11245,24555,13,21,black,10,536163,826
11245,25556,13,23,black,10,358285,607
11245,25666,13,25,black,10,335372,714
11245,33445,13,19,white,9,300733,478
11245,33555,13,21,white,9,220906,248
11245,45556,13,25,black,10,310422,606
112455,11122,18,7,white,7,36832,65
112455,11135,18,11,white,7,85442,155
112455,11234,18,11,white,7,74721,78
112455,11245,18,13,white,7,117790,106
112455,11334,18,12,white,7,64712,47
112455,11555,18,17,white,9,263078,221
112455,12226,18,13,white,11,597092,545
112455,12246,18,15,white,11,906483,1509
112455,12256,18,16,black,12,1886942,3195
112455,12444,18,15,white,7,60952,55
112455,12556,18,19,black,10,990801,1754
112455,13334,18,14,white,7,63582,45
112455,14555,18,20,white,9,341922,474
112455,14666,18,23,black,10,765979,822
112455,15556,18,22,black,10,472440,540
112455,22366,18,19,black,12,1578127,2153
112455,22446,18,18,white,11,670815,857
112455,22456,18,19,black,12,1990079,2502
112455,24555,18,21,white,9,370885,346
112455,25556,18,23,black,10,500172,702
112455,25666,18,25,black,10,449756,531
112455,33445,18,19,white,7,95891,64
112455,33555,18,21,white,9,275324,429
112455,45556,18,25,black,10,482259,574
112456,11122,19,7,white,7,56214,54
112456,11135,19,11,white,7,113141,63
112456,11234,19,11,white,7,108385,65
112456,11245,19,13,white,7,147588,80
112456,11334,19,12,white,7,97477,65
112456,11555,19,17,white,7,100959,72
112456,12226,19,13,white,7,160724,117
112456,12246,19,15,white,7,208933,139
112456,12256,19,16,white,7,197439,149
112456,12444,19,15,white,7,92054,200
112456,12556,19,19,white,9,847404,1424
112456,13334,19,14,white,7,96871,169
112456,14555,19,20,white,7,114773,105
112456,14666,19,23,white,9,661727,1293
112456,15556,19,22,white,11,1452908,2462
112456,22366,19,19,white,7,172110,143
112456,22446,19,18,white,7,171279,191
112456,22456,19,19,white,9,944952,1159
112456,24555,19,21,white,7,121101,85
112456,25556,19,23,white,11,1527896,1744
112456,25666,19,25,black,10,1310843,1467
112456,33445,19,19,white,7,128923,100
112456,33555,19,21,white,7,102231,92
112456,45556,19,25,white,11,1439117,1885
112466,11122,20,7,white,7,36832,18
112466,11135,20,11,white,7,78611,146
112466,11234,20,11,white,7,74721,120
112466,11245,20,13,white,7,107110,144
112466,11334,20,12,white,7,64712,126
112466,11555,20,17,white,7,69179,49
112466,12226,20,13,white,7,92327,82
112466,12246,20,15,white,7,121848,125
112466,12256,20,16,white,7,115175,129
112466,12444,20,15,white,7,60952,64
112466,12556,20,19,white,7,116178,150
112466,13334,20,14,white,7,63582,57
112466,14555,20,20,white,7,80914,44
112466,14666,20,23,white,9,341922,282
112466,15556,20,22,white,7,87892,54
112466,22366,20,19,white,7,98043,60
112466,22446,20,18,white,7,97046,62
112466,22456,20,19,white,7,116548,103
112466,24555,20,21,white,7,85265,49
112466,25556,20,23,white,7,90136,82
112466,25666,20,25,white,9,362340,356
112466,33445,20,19,white,7,90459,86
112466,33555,20,21,white,7,69559,64
112466,45556,20,25,white,7,86757,55
112566,11122,21,7,white,7,36832,18
112566,11135,21,11,white,7,57081,32
112566,11234,21,11,white,7,77505,55
112566,11245,21,13,white,7,74721,79
112566,11334,21,12,white,7,68069,65
112566,11555,21,17,white,7,51246,63
112566,12226,21,13,white,7,92327,74
112566,12246,21,15,white,7,121907,110
112566,12256,21,16,white,7,121848,80
112566,12444,21,15,white,7,63601,33
112566,12556,21,19,white,7,121415,119
112566,13334,21,14,white,7,67075,83
112566,14555,21,20,white,7,57184,67
112566,14666,21,23,white,9,338203,468
112566,15556,21,22,white,7,89756,71
112566,22366,21,19,white,7,98043,85
112566,22446,21,18,white,7,97270,85
112566,22456,21,19,white,7,123492,74
112566,24555,21,21,white,7,59825,54
112566,25556,21,23,white,7,93708,70
112566,25666,21,25,white,9,370885,468
112566,33445,21,19,white,7,66089,61
112566,33555,21,21,white,7,52242,66
112566,45556,21,25,white,7,92113,172
113346,11122,18,7,white,7,38332,22
113346,11135,18,11,white,7,92870,107
113346,11234,18,11,white,7,93543,117
113346,11245,18,13,white,7,119365,149
113346,11334,18,12,white,7,73977,50
113346,11555,18,17,white,9,158779,257
113346,12226,18,13,white,7,99273,60
113346,12246,18,15,white,7,123059,153
113346,12256,18,16,white,7,117138,70
113346,12444,18,15,white,7,72345,74
113346,12556,18,19,white,9,523355,899
113346,13334,18,14,white,7,72212,44
113346,14555,18,20,white,9,187114,283
113346,14666,18,23,black,10,739023,933
113346,15556,18,22,black,12,1276511,2500
113346,22366,18,19,white,9,448382,694
113346,22446,18,18,white,9,417321,681
113346,22456,18,19,white,9,544802,867
113346,24555,18,21,white,9,199560,317
113346,25556,18,23,black,12,1477968,3638
113346,25666,18,25,black,10,762290,1297
113346,33445,18,19,white,9,217381,268
113346,33555,18,21,white,9,164386,210
113346,45556,18,25,black,12,1032612,1838
113446,11122,19,7,white,7,37681,18
113446,11135,19,11,white,7,93888,84
113446,11234,19,11,white,7,82838,64
113446,11245,19,13,white,7,119147,107
113446,11334,19,12,white,7,65546,69
113446,11555,19,17,white,9,157917,310
113446,12226,19,13,white,7,99031,152
113446,12246,19,15,white,7,123499,209
113446,12256,19,16,white,7,116401,158
113446,12444,19,15,white,7,62947,37
113446,12556,19,19,white,9,519748,496
113446,13334,19,14,white,7,63944,33
113446,14555,19,20,white,9,187897,144
113446,14666,19,23,black,10,748876,1352
113446,15556,19,22,black,12,1265379,2581
113446,22366,19,19,white,7,110279,99
113446,22446,19,18,white,9,412022,557
113446,22456,19,19,white,9,544087,613
113446,24555,19,21,white,9,201334,247
113446,25556,19,23,black,12,1463556,3198
113446,25666,19,25,black,10,758241,1264
113446,33445,19,19,white,9,217461,476
113446,33555,19,21,white,9,165173,330
113446,45556,19,25,black,12,1009245,2438
113455,11122,19,7,white,7,37610,83
113455,11135,19,11,white,7,88641,205
113455,11234,19,11,white,7,80162,91
113455,11245,19,13,white,7,117852,126
113455,11334,19,12,white,7,64000,48
113455,11555,19,17,white,9,263078,244
113455,12226,19,13,white,11,597086,839
113455,12246,19,15,white,11,924165,1892
113455,12256,19,16,black,12,1992402,3769
113455,12444,19,15,white,7,61621,74
113455,12556,19,19,black,10,1007965,1939
113455,13334,19,14,white,7,62446,128
113455,14555,19,20,white,9,341922,774
113455,14666,19,23,black,10,765979,1082
113455,15556,19,22,black,10,472440,620
113455,22366,19,19,black,12,1745575,2095
113455,22446,19,18,white,11,732494,931
113455,22456,19,19,black,12,2303422,4276
113455,24555,19,21,white,9,376981,388
113455,25556,19,23,black,10,531489,804
113455,25666,19,25,black,10,477744,788
113455,33445,19,19,white,7,97046,92
113455,33555,19,21,white,9,272431,485
113455,45556,19,25,black,10,482259,1283
113456,11122,20,7,white,7,57063,129
113456,11135,20,11,white,7,116920,81
113456,11234,20,11,white,7,115216,203
113456,11245,20,13,white,7,147853,230
113456,11334,20,12,white,7,94897,68
113456,11555,20,17,white,7,100959,94
113456,12226,20,13,white,7,162946,108
113456,12246,20,15,white,7,207261,119
113456,12256,20,16,white,7,194510,170
113456,12444,20,15,white,7,92980,83
113456,12556,20,19,white,9,850595,1074
113456,13334,20,14,white,7,93664,70
113456,14555,20,20,white,7,114773,123
113456,14666,20,23,white,9,661727,875
113456,15556,20,22,white,11,1452908,2235
113456,22366,20,19,white,7,179327,186
113456,22446,20,18,white,7,172893,205
113456,22456,20,19,white,9,983442,1118
113456,24555,20,21,white,7,122677,106
113456,25556,20,23,white,11,1638968,1992
113456,25666,20,25,black,10,1357250,2386
113456,33445,20,19,white,7,128582,197
113456,33555,20,21,white,7,103107,184
113456,45556,20,25,white,11,1439117,2308
11346,11122,15,7,white,7,33395,56
11346,11135,15,11,white,7,74330,68
11346,11234,15,11,white,7,73332,109
11346,11245,15,13,white,7,97655,97
11346,11334,15,12,white,7,57600,36
11346,11555,15,17,white,9,123167,110
11346,12226,15,13,white,7,78305,50
11346,12246,15,15,white,7,101083,98
11346,12256,15,16,white,7,95881,85
11346,12444,15,15,white,7,54890,55
11346,12556,15,19,white,9,400022,507
11346,13334,15,14,white,7,55824,48
11346,14555,15,20,white,9,146681,171
11346,14666,15,23,black,10,531768,695
11346,15556,15,22,black,12,898773,1606
11346,22366,15,19,white,9,337362,449
11346,22446,15,18,white,9,313361,414
11346,22456,15,19,white,9,414034,445
11346,24555,15,21,white,9,157137,115
11346,25556,15,23,black,12,1053650,2144
11346,25666,15,25,black,10,554050,902
11346,33445,15,19,white,9,173305,216
11346,33555,15,21,white,9,128387,179
11346,45556,15,25,black,12,736172,1153
113466,11122,21,7,white,7,37610,52
113466,11135,21,11,white,7,80723,62
113466,11234,21,11,white,7,80162,74
113466,11245,21,13,white,7,107280,103
113466,11334,21,12,white,7,64000,48
113466,11555,21,17,white,7,69179,55
113466,12226,21,13,white,7,93911,88
113466,12246,21,15,white,7,122695,184
113466,12256,21,16,white,7,116028,221
113466,12444,21,15,white,7,61621,83
113466,12556,21,19,white,7,116864,207
113466,13334,21,14,white,7,62446,68
113466,14555,21,20,white,7,80914,113
113466,14666,21,23,white,9,341922,421
113466,15556,21,22,white,7,87892,83
113466,22366,21,19,white,7,104237,131
113466,22446,21,18,white,7,98497,177
113466,22456,21,19,white,7,118082,108
113466,24555,21,21,white,7,86352,68
113466,25556,21,23,white,7,91321,90
113466,25666,21,25,white,9,368148,625
113466,33445,21,19,white,7,90517,85
113466,33555,21,21,white,7,70586,66
113466,45556,21,25,white,7,86757,165
114456,11122,21,7,white,7,38332,24
114456,11135,21,11,white,7,69768,71
114456,11234,21,11,white,7,56841,79
114456,11245,21,13,white,7,93543,73
114456,11334,21,12,white,7,48351,137
114456,11555,21,17,white,7,59433,34
114456,12226,21,13,white,7,99273,113
114456,12246,21,15,white,7,132525,92
114456,12256,21,16,white,7,123059,114
114456,12444,21,15,white,7,44492,22
114456,12556,21,19,white,9,510887,852
114456,13334,21,14,white,7,48028,75
114456,14555,21,20,white,7,71359,212
114456,14666,21,23,white,9,394416,676
114456,15556,21,22,white,11,838271,1251
114456,22366,21,19,white,7,107320,81
114456,22446,21,18,white,7,106734,80
114456,22456,21,19,white,9,594967,715
114456,24555,21,21,white,7,77020,181
114456,25556,21,23,white,11,947620,1673
114456,25666,21,25,black,10,787318,1177
114456,33445,21,19,white,7,79824,86
114456,33555,21,21,white,7,62011,78
114456,45556,21,25,white,11,833969,1097
114556,11122,22,7,white,7,37681,104
114556,11135,22,11,white,7,60722,130
114556,11234,22,11,white,7,54170,51
114556,11245,22,13,white,7,82838,59
114556,11334,22,12,white,7,46704,38
114556,11555,22,17,white,7,51522,47
114556,12226,22,13,white,7,99031,114
114556,12246,22,15,white,7,134160,108
114556,12256,22,16,white,7,123499,93
114556,12444,22,15,white,7,42847,23
114556,12556,22,19,white,9,502854,766
114556,13334,22,14,white,7,46430,33
114556,14555,22,20,white,7,62277,75
114556,14666,22,23,white,9,391648,820
114556,15556,22,22,white,11,581462,831
114556,22366,22,19,white,7,107016,138
114556,22446,22,18,white,7,107407,93
114556,22456,22,19,white,7,131676,122
114556,24555,22,21,white,7,67789,99
114556,25556,22,23,white,11,638742,729
114556,25666,22,25,black,10,794464,1234
114556,33445,22,19,white,7,71196,78
114556,33555,22,21,white,7,54701,26
114556,45556,22,25,white,11,613616,901
11456,11122,17,7,white,7,33395,31
11456,11135,17,11,white,7,52965,31
11456,11234,17,11,white,7,49474,47
11456,11245,17,13,white,7,73332,80
11456,11334,17,12,white,7,42138,85
11456,11555,17,17,white,7,44994,86
11456,12226,17,13,white,7,78305,128
11456,12246,17,15,white,7,108591,91
11456,12256,17,16,white,7,101083,117
11456,12444,17,15,white,7,38218,18
11456,12556,17,19,white,9,389286,533
11456,13334,17,14,white,7,41636,64
11456,14555,17,20,white,7,54232,88
11456,14666,17,23,white,9,297177,396
11456,15556,17,22,black,14,1534078,2520
11456,22366,17,19,white,7,86243,100
11456,22446,17,18,white,7,86130,65
11456,22456,17,19,white,9,455629,730
11456,24555,17,21,white,7,58717,74
11456,25556,17,23,black,14,1882729,3277
11456,25666,17,25,black,10,565620,567
11456,33445,17,19,white,7,62188,96
11456,33555,17,21,white,7,47155,30
11456,45556,17,25,black,14,1656855,2270
114566,11122,23,7,white,7,37610,30
114566,11135,23,11,white,7,59183,85
114566,11234,23,11,white,7,54071,68
114566,11245,23,13,white,7,80162,120
114566,11334,23,12,white,7,46635,27
114566,11555,23,17,white,7,51246,76
114566,12226,23,13,white,7,93911,121
114566,12246,23,15,white,7,129218,180
114566,12256,23,16,white,7,122695,89
114566,12444,23,15,white,7,42790,50
114566,12556,23,19,white,7,122079,232
114566,13334,23,14,white,7,46370,56
114566,14555,23,20,white,7,60952,66
114566,14666,23,23,white,9,344555,393
114566,15556,23,22,white,7,89756,190
114566,22366,23,19,white,7,101653,168
114566,22446,23,18,white,7,101701,138
114566,22456,23,19,white,7,128043,118
114566,24555,23,21,white,7,66295,37
114566,25556,23,23,white,7,94768,94
114566,25666,23,25,white,9,376981,278
114566,33445,23,19,white,7,69419,44
114566,33555,23,21,white,7,54020,30
114566,45556,23,25,white,7,93708,48
122235,11122,15,7,white,7,26758,18
122235,11135,15,11,white,7,71485,74
122235,11234,15,11,white,9,233055,412
122235,11245,15,13,white,9,425079,865
122235,11334,15,12,white,9,183695,298
122235,11555,15,17,white,9,238797,422
122235,12226,15,13,white,11,425614,645
122235,12246,15,15,white,13,1990742,3906
122235,12256,15,16,black,12,1351755,2764
122235,12444,15,15,white,9,170624,222
122235,12556,15,19,black,10,784835,1747
122235,13334,15,14,white,9,171676,356
122235,14555,15,20,black,10,563373,1641
122235,14666,15,23,black,10,537920,1045
122235,15556,15,22,black,10,390944,570
122235,22366,15,19,black,10,660258,1441
122235,22446,15,18,black,12,1183081,2313
122235,22456,15,19,black,10,804980,969
122235,24555,15,21,black,10,528461,674
122235,25556,15,23,black,10,358289,653
122235,25666,15,25,black,10,332941,861
122235,33445,15,19,black,12,940677,2606
122235,33555,15,21,black,10,361401,897
122235,45556,15,25,black,10,346259,712
122236,11122,16,7,white,7,26758,17
122236,11135,16,11,white,7,72725,82
122236,11234,16,11,white,9,233055,543
122236,11245,16,13,white,9,220815,433
122236,11334,16,12,white,9,183695,350
122236,11555,16,17,white,9,134028,167
122236,12226,16,13,white,7,76224,59
122236,12246,16,15,white,9,408386,417
122236,12256,16,16,white,9,408386,685
122236,12444,16,15,white,9,170624,318
122236,12556,16,19,white,9,415306,755
122236,13334,16,14,white,9,171676,319
122236,14555,16,20,white,9,146768,331
122236,14666,16,23,black,10,563373,989
122236,15556,16,22,black,12,1052082,1858
122236,22366,16,19,white,9,291489,414
122236,22446,16,18,white,9,294075,382
122236,22456,16,19,white,9,378676,454
122236,24555,16,21,white,9,143928,123
122236,25556,16,23,black,12,966189,1058
122236,25666,16,25,black,10,528461,578
122236,33445,16,19,white,9,160839,172
122236,33555,16,21,white,9,122696,165
122236,45556,16,25,black,12,859171,1873
122246,11122,17,7,white,7,26758,16
122246,11135,17,11,white,7,74443,74
122246,11234,17,11,white,7,67974,48
122246,11245,17,13,white,9,233055,242
122246,11334,17,12,white,7,60423,33
122246,11555,17,17,white,9,134028,97
122246,12226,17,13,white,7,76224,64
122246,12246,17,15,white,9,407032,625
122246,12256,17,16,white,9,408386,843
122246,12444,17,15,white,7,56813,32
122246,12556,17,19,white,9,415306,941
122246,13334,17,14,white,7,59289,83
122246,14555,17,20,white,9,161354,300
122246,14666,17,23,black,10,590410,549
122246,15556,17,22,black,12,1052082,1106
122246,22366,17,19,white,9,301872,265
122246,22446,17,18,white,9,292063,249
122246,22456,17,19,white,9,387081,386
122246,24555,17,21,white,9,157602,127
122246,25556,17,23,black,12,966189,1845
122246,25666,17,25,black,10,528461,1035
122246,33445,17,19,white,9,182592,489
122246,33555,17,21,white,9,137052,305
122246,45556,17,25,black,12,836161,1859
122335,11122,16,7,white,7,29808,55
122335,11135,16,11,white,7,85166,69
122335,11234,16,11,white,7,114446,200
122335,11245,16,13,white,7,109301,130
122335,11334,16,12,white,9,211375,266
122335,11555,16,17,white,9,293612,307
122335,12226,16,13,white,11,548095,603
122335,12246,16,15,white,11,973929,1339
122335,12256,16,16,black,12,1657446,2580
122335,12444,16,15,white,9,201754,312
122335,12556,16,19,black,10,970414,1217
122335,13334,16,14,white,9,199408,266
122335,14555,16,20,black,10,691816,937
122335,14666,16,23,black,10,665086,913
122335,15556,16,22,black,10,482330,1018
122335,22366,16,19,black,10,820806,1404
122335,22446,16,18,black,12,1566684,3001
122335,22456,16,19,black,10,1014843,1190
122335,24555,16,21,black,10,669518,687
122335,25556,16,23,black,10,461116,475
122335,25666,16,25,black,10,431039,704
122335,33445,16,19,black,12,1101590,1649
122335,33555,16,21,black,10,458718,632
122335,45556,16,25,black,10,419942,706
122336,11122,17,7,white,7,29808,63
122336,11135,17,11,white,7,86403,88
122336,11234,17,11,white,7,114446,266
122336,11245,17,13,white,7,107758,152
122336,11334,17,12,white,9,211375,295
122336,11555,17,17,white,9,159754,196
122336,12226,17,13,white,7,92269,58
122336,12246,17,15,white,7,111754,114
122336,12256,17,16,white,7,111754,130
122336,12444,17,15,white,9,201754,388
122336,12556,17,19,white,9,491348,876
122336,13334,17,14,white,9,199408,323
122336,14555,17,20,white,9,172313,255
122336,14666,17,23,black,10,691816,1608
122336,15556,17,22,black,12,1278262,2644
122336,22366,17,19,white,9,357186,413
122336,22446,17,18,white,9,359885,544
122336,22456,17,19,white,9,452899,797
122336,24555,17,21,white,9,171109,281
122336,25556,17,23,black,12,1224729,2661
122336,25666,17,25,black,10,669518,1598
122336,33445,17,19,white,9,186611,259
122336,33555,17,21,white,9,146935,138
122336,45556,17,25,black,12,1000581,1958
122345,11122,17,7,white,7,45439,61
122345,11135,17,11,white,7,143453,153
122345,11234,17,11,white,7,137507,141
122345,11245,17,13,white,7,179546,200
122345,11334,17,12,white,7,119416,110
122345,11555,17,17,white,9,500644,665
122345,12226,17,13,white,11,902079,1120
122345,12246,17,15,white,11,1361551,1957
122345,12256,17,16,black,12,2795017,3326
122345,12444,17,15,white,7,118148,109
122345,12556,17,19,black,10,1640346,1488
122345,13334,17,14,white,7,117764,66
122345,14555,17,20,black,10,1259425,1205
122345,14666,17,23,black,10,1109093,1023
122345,15556,17,22,black,10,827256,1059
122345,22366,17,19,black,12,2463607,3285
122345,22446,17,18,black,14,4034496,7369
122345,22456,17,19,black,10,1636217,1912
122345,24555,17,21,black,10,1219460,1122
122345,25556,17,23,black,10,799226,1395
122345,25666,17,25,black,10,749086,1162
122345,33445,17,19,white,9,612531,725
122345,33555,17,21,white,9,478328,574
122345,45556,17,25,black,10,741060,1200
122346,11122,18,7,white,7,45439,137
122346,11135,18,11,white,7,144970,207
122346,11234,18,11,white,7,137507,190
122346,11245,18,13,white,7,181985,147
122346,11334,18,12,white,7,119416,73
122346,11555,18,17,white,9,265233,303
122346,12226,18,13,white,7,151678,167
122346,12246,18,15,white,7,183567,162
122346,12256,18,16,white,7,176307,180
122346,12444,18,15,white,7,118148,182
122346,12556,18,19,white,9,819857,1511
122346,13334,18,14,white,7,117764,117
122346,14555,18,20,white,9,308811,435
122346,14666,18,23,black,10,1259425,1851
122346,15556,18,22,black,12,2209892,3306
122346,22366,18,19,white,9,647196,932
122346,22446,18,18,white,9,609343,1230
122346,22456,18,19,white,9,777331,1155
122346,24555,18,21,white,9,306256,241
122346,25556,18,23,black,12,2132931,3280
122346,25666,18,25,black,10,1158941,2036
122346,33445,18,19,white,9,342662,602
122346,33555,18,21,white,9,267668,302
122346,45556,18,25,black,12,1709559,2868
12235,11122,13,7,white,7,26157,51
12235,11135,13,11,white,7,68015,101
12235,11234,13,11,white,9,218881,183
12235,11245,13,13,white,9,391502,684
12235,11334,13,12,white,9,171994,207
12235,11555,13,17,white,9,220739,366
12235,12226,13,13,white,11,387229,549
12235,12246,13,15,white,13,1771988,2831
12235,12256,13,16,black,12,1226336,2589
12235,12444,13,15,white,9,159700,235
12235,12556,13,19,black,10,719483,679
12235,13334,13,14,white,9,160413,168
12235,14555,13,20,black,10,511005,656
12235,14666,13,23,black,10,488513,751
12235,15556,13,22,black,10,357070,377
12235,22366,13,19,black,10,602398,1060
12235,22446,13,18,black,12,1061741,1803
12235,22456,13,19,black,10,733985,1042
12235,24555,13,21,black,10,478969,758
12235,25556,13,23,black,10,328380,567
12235,25666,13,25,black,10,305575,483
12235,33445,13,19,black,12,813741,1014
12235,33555,13,21,black,10,324536,389
12235,45556,13,25,black,10,306961,364
122355,11122,18,7,white,7,29799,16
122355,11135,18,11,white,7,81294,97
122355,11234,18,11,white,7,98620,136
122355,11245,18,13,white,7,102875,190
122355,11334,18,12,white,7,83245,230
122355,11555,18,17,white,9,265369,566
122355,12226,18,13,white,11,546136,1126
122355,12246,18,15,white,11,899674,1479
122355,12256,18,16,black,12,1847132,3391
122355,12444,18,15,white,7,83178,80
122355,12556,18,19,black,10,959146,1799
122355,13334,18,14,white,7,81430,90
122355,14555,18,20,white,9,330045,427
122355,14666,18,23,black,10,776878,920
122355,15556,18,22,black,10,481001,509
122355,22366,18,19,black,12,1425743,1385
122355,22446,18,18,white,11,735267,637
122355,22456,18,19,black,12,1820327,1835
122355,24555,18,21,white,9,332272,294
122355,25556,18,23,black,10,461716,404
122355,25666,18,25,black,10,412397,408
122355,33445,18,19,white,7,85195,118
122355,33555,18,21,white,9,257195,355
122355,45556,18,25,black,10,472092,805
122356,11122,19,7,white,7,45439,89
122356,11135,19,11,white,7,109115,202
122356,11234,19,11,white,7,140950,84
122356,11245,19,13,white,7,132666,73
122356,11334,19,12,white,7,123571,62
122356,11555,19,17,white,7,99950,44
122356,12226,19,13,white,7,151678,100
122356,12246,19,15,white,7,187476,110
122356,12256,19,16,white,7,183567,94
122356,12444,19,15,white,7,124980,112
122356,12556,19,19,white,9,804936,569
122356,13334,19,14,white,7,122064,85
122356,14555,19,20,white,7,106578,79
122356,14666,19,23,white,9,633933,488
122356,15556,19,22,white,11,1430237,1307
122356,22366,19,19,white,9,647196,528
122356,22446,19,18,white,7,158282,82
122356,22456,19,19,white,9,820856,674
122356,24555,19,21,white,7,107296,46
122356,25556,19,23,white,11,1379808,2418
122356,25666,19,25,black,10,1219460,1952
122356,33445,19,19,white,7,118930,150
122356,33555,19,21,white,7,97335,71
122356,45556,19,25,white,11,1352145,2630
12236,11122,14,7,white,7,26157,34
12236,11135,14,11,white,7,69154,74
12236,11234,14,11,white,9,218881,268
12236,11245,14,13,white,9,206908,203
12236,11334,14,12,white,9,171994,199
12236,11555,14,17,white,9,125437,150
12236,12226,14,13,white,7,72417,43
12236,12246,14,15,white,9,376184,346
12236,12256,14,16,white,9,376184,387
12236,12444,14,15,white,9,159700,178
12236,12556,14,19,white,9,382008,473
12236,13334,14,14,white,9,160413,148
12236,14555,14,20,white,9,136573,91
12236,14666,14,23,black,10,511005,436
12236,15556,14,22,black,12,918227,955
12236,22366,14,19,white,9,268448,245
12236,22446,14,18,white,9,270858,260
12236,22456,14,19,white,9,348617,273
12236,24555,14,21,white,9,134368,117
12236,25556,14,23,black,12,864639,883
12236,25666,14,25,black,10,478969,476
12236,33445,14,19,white,9,149690,135
12236,33555,14,21,white,9,114064,106
12236,45556,14,25,black,12,734642,1086
122366,11122,20,7,white,7,29799,17
122366,11135,20,11,white,7,75155,107
122366,11234,20,11,white,7,98620,91
122366,11245,20,13,white,7,96448,157
122366,11334,20,12,white,7,83245,205
122366,11555,20,17,white,7,68230,45
122366,12226,20,13,white,7,86683,136
122366,12246,20,15,white,7,105102,141
122366,12256,20,16,white,7,105102,159
122366,12444,20,15,white,7,83178,123
122366,12556,20,19,white,7,108958,128
122366,13334,20,14,white,7,81430,106
122366,14555,20,20,white,7,74099,39
122366,14666,20,23,white,9,330045,273
122366,15556,20,22,white,7,85600,81
122366,22366,20,19,white,9,368836,258
122366,22446,20,18,white,7,86948,58
122366,22456,20,19,white,7,101595,63
122366,24555,20,21,white,7,74304,62
122366,25556,20,23,white,7,85248,102
122366,25666,20,25,white,9,332272,427
122366,33445,20,19,white,7,83090,147
122366,33555,20,21,white,7,65556,32
122366,45556,20,25,white,7,80321,83
122445,11122,18,7,white,7,29808,27
122445,11135,18,11,white,7,88203,186
122445,11234,18,11,white,7,72534,42
122445,11245,18,13,white,7,113845,63
122445,11334,18,12,white,7,64346,36
122445,11555,18,17,white,9,293612,224
122445,12226,18,13,white,11,548095,507
122445,12246,18,15,white,11,800949,762
122445,12256,18,16,black,12,1657446,1847
122445,12444,18,15,white,7,60546,81
122445,12556,18,19,black,10,970414,1020
122445,13334,18,14,white,7,63332,35
122445,14555,18,20,black,10,744578,834
122445,14666,18,23,black,10,638566,856
122445,15556,18,22,black,10,482330,749
122445,22366,18,19,black,12,1416750,2236
122445,22446,18,18,white,11,628831,793
122445,22456,18,19,black,10,948279,1555
122445,24555,18,21,black,10,711704,1043
122445,25556,18,23,black,10,461116,598
122445,25666,18,25,black,10,431039,534
122445,33445,18,19,white,9,370541,327
122445,33555,18,21,white,9,289101,264
122445,45556,18,25,black,10,398238,534
122446,11122,19,7,white,7,29808,33
122446,11135,19,11,white,7,89572,55
122446,11234,19,11,white,7,72534,75
122446,11245,19,13,white,7,114446,64
122446,11334,19,12,white,7,64346,62
122446,11555,19,17,white,9,159754,187
122446,12226,19,13,white,7,92269,177
122446,12246,19,15,white,7,116312,133
122446,12256,19,16,white,7,111754,127
122446,12444,19,15,white,7,60546,29
122446,12556,19,19,white,9,491348,452
122446,13334,19,14,white,7,63332,57
122446,14555,19,20,white,9,191064,168
122446,14666,19,23,black,10,744578,790
122446,15556,19,22,black,12,1278262,1589
122446,22366,19,19,white,7,97988,51
122446,22446,19,18,white,9,355247,584
122446,22456,19,19,white,9,465282,694
122446,24555,19,21,white,9,190013,252
122446,25556,19,23,black,12,1224729,1815
122446,25666,19,25,black,10,669518,980
122446,33445,19,19,white,9,214118,225
122446,33555,19,21,white,9,164822,179
122446,45556,19,25,black,12,977341,1571
122466,11122,21,7,white,7,29799,16
122466,11135,21,11,white,7,75497,48
122466,11234,21,11,white,7,70904,102
122466,11245,21,13,white,7,98620,123
122466,11334,21,12,white,7,63583,71
122466,11555,21,17,white,7,68230,51
122466,12226,21,13,white,7,86683,95
122466,12246,21,15,white,7,109850,103
122466,12256,21,16,white,7,105102,83
122466,12444,21,15,white,7,59783,51
122466,12556,21,19,white,7,108958,80
122466,13334,21,14,white,7,62579,60
122466,14555,21,20,white,7,77929,78
122466,14666,21,23,white,9,337164,412
122466,15556,21,22,white,7,85600,111
122466,22366,21,19,white,7,90895,91
122466,22446,21,18,white,7,89227,101
122466,22456,21,19,white,7,104551,87
122466,24555,21,21,white,7,79243,66
122466,25556,21,23,white,7,85248,53
122466,25666,21,25,white,9,332272,372
122466,33445,21,19,white,7,85387,52
122466,33555,21,21,white,7,67245,59
122466,45556,21,25,white,7,82599,91
122566,11122,22,7,white,7,29799,46
122566,11135,22,11,white,7,56023,132
122566,11234,22,11,white,7,73460,47
122566,11245,22,13,white,7,70904,67
122566,11334,22,12,white,7,66854,45
122566,11555,22,17,white,7,51104,68
122566,12226,22,13,white,7,86683,102
122566,12246,22,15,white,7,109977,93
122566,12256,22,16,white,7,109850,97
122566,12444,22,15,white,7,62519,74
122566,12556,22,19,white,7,111855,163
122566,13334,22,14,white,7,65962,39
122566,14555,22,20,white,7,56152,74
122566,14666,22,23,white,9,333614,310
122566,15556,22,22,white,7,86458,79
122566,22366,22,19,white,7,90895,119
122566,22446,22,18,white,7,89527,82
122566,22456,22,19,white,7,109993,83
122566,24555,22,21,white,7,56555,50
122566,25556,22,23,white,7,87223,121
122566,25666,22,25,white,9,340135,457
122566,33445,22,19,white,7,64308,67
122566,33555,22,21,white,7,51278,33
122566,45556,22,25,white,7,86675,69
123334,11122,16,7,white,7,25539,88
123334,11135,16,11,white,11,438573,829
123334,11234,16,11,white,7,95702,121
123334,11245,16,13,black,12,1446488,2393
123334,11334,16,12,white,9,291965,383
123334,11555,16,17,black,10,474386,761
123334,12226,16,13,white,11,427594,797
123334,12246,16,15,black,12,1326441,1917
123334,12256,16,16,black,12,1257131,2470
123334,12444,16,15,white,9,303443,272
123334,12556,16,19,black,10,742836,958
123334,13334,16,14,white,11,417441,409
123334,14555,16,20,black,10,351575,330
123334,14666,16,23,black,10,351575,420
123334,15556,16,22,black,10,352369,421
123334,22366,16,19,black,10,671471,811
123334,22446,16,18,black,10,570321,627
123334,22456,16,19,black,10,614496,624
123334,24555,16,21,black,10,351399,307
123334,25556,16,23,black,10,350677,427
123334,25666,16,25,black,10,346549,465
123334,33445,16,19,black,10,397351,549
123334,33555,16,21,black,10,311902,431
123334,45556,16,25,black,10,180685,296
123445,11122,19,7,white,7,43961,68
123445,11135,19,11,white,7,144321,190
123445,11234,19,11,white,7,122912,190
123445,11245,19,13,white,7,177369,237
123445,11334,19,12,white,7,104628,153
123445,11555,19,17,white,9,494800,767
123445,12226,19,13,white,11,839401,1070
123445,12246,19,15,white,11,1275742,2379
123445,12256,19,16,black,12,2716730,3507
123445,12444,19,15,white,7,103279,80
123445,12556,19,19,black,10,1622768,1927
123445,13334,19,14,white,7,102871,113
123445,14555,19,20,black,10,1261001,2253
123445,14666,19,23,black,10,1075863,1696
123445,15556,19,22,black,10,813100,1065
123445,22366,19,19,black,12,2456399,4588
123445,22446,19,18,white,11,1076480,1975
123445,22456,19,19,black,10,1622736,3801
123445,24555,19,21,black,10,1244423,2312
123445,25556,19,23,black,10,813863,1661
123445,25666,19,25,black,10,763642,801
123445,33445,19,19,white,9,593679,644
123445,33555,19,21,white,9,475133,460
123445,45556,19,25,black,10,672814,1297
123455,11122,20,7,white,7,43961,131
123455,11135,20,11,white,7,136254,194
123455,11234,20,11,white,7,120519,167
123455,11245,20,13,white,7,169810,144
123455,11334,20,12,white,7,103393,122
123455,11555,20,17,white,9,453475,621
123455,12226,20,13,white,11,836572,2193
123455,12246,20,15,white,11,1382784,3030
123455,12256,20,16,black,12,3259884,5509
123455,12444,20,15,white,7,102468,64
123455,12556,20,19,black,10,1617986,3633
123455,13334,20,14,white,7,101622,99
123455,14555,20,20,white,9,562622,1047
123455,14666,20,23,black,10,1290059,1555
123455,15556,20,22,black,10,818294,1493
123455,22366,20,19,black,12,2444165,5265
123455,22446,20,18,white,11,1050418,2135
123455,22456,20,19,black,12,3176360,6586
123455,24555,20,21,white,9,578080,906
123455,25556,20,23,black,10,821980,1271
123455,25666,20,25,black,10,738059,873
123455,33445,20,19,white,7,144943,198
123455,33555,20,21,white,9,439143,865
123455,45556,20,25,black,10,776358,1135
123466,11122,22,7,white,7,43961,30
123466,11135,22,11,white,7,125738,78
123466,11234,22,11,white,7,120519,120
123466,11245,22,13,white,7,157592,169
123466,11334,22,12,white,7,103393,63
123466,11555,22,17,white,7,114431,91
123466,12226,22,13,white,7,144955,253
123466,12246,22,15,white,7,174134,234
123466,12256,22,16,white,7,167294,277
123466,12444,22,15,white,7,102468,120
123466,12556,22,19,white,7,174467,139
123466,13334,22,14,white,7,101622,76
123466,14555,22,20,white,7,127147,88
123466,14666,22,23,white,9,562622,639
123466,15556,22,22,white,7,139581,83
123466,22366,22,19,white,7,155371,234
123466,22446,22,18,white,7,145685,129
123466,22456,22,19,white,7,165837,196
123466,24555,22,21,white,7,130458,80
123466,25556,22,23,white,7,140682,83
123466,25666,22,25,white,9,564647,933
123466,33445,22,19,white,7,137912,133
123466,33555,22,21,white,7,112610,163
123466,45556,22,25,white,7,133030,339
123566,11122,23,7,white,7,43961,99
123566,11135,23,11,white,7,95337,118
123566,11234,23,11,white,7,122616,148
123566,11245,23,13,white,7,116293,122
123566,11334,23,12,white,7,106122,76
123566,11555,23,17,white,7,87290,76
123566,12226,23,13,white,7,144955,126
123566,12246,23,15,white,7,174538,170
123566,12256,23,16,white,7,174134,157
123566,12444,23,15,white,7,107562,114
123566,12556,23,19,white,7,178229,122
123566,13334,23,14,white,7,104466,113
123566,14555,23,20,white,7,93598,67
123566,14666,23,23,white,9,554735,451
123566,15556,23,22,white,7,140364,72
123566,22366,23,19,white,7,155371,174
123566,22446,23,18,white,7,146385,136
123566,22456,23,19,white,7,174126,290
123566,24555,23,21,white,7,95430,135
123566,25556,23,23,white,7,143399,193
123566,25666,23,25,white,9,578080,735
123566,33445,23,19,white,7,105582,114
123566,33555,23,21,white,7,86768,43
123566,45556,23,25,white,7,139651,103
124445,11122,20,7,white,7,25539,41
124445,11135,20,11,white,7,73739,82
124445,11234,20,11,white,7,56414,66
124445,11245,20,13,white,7,95702,151
124445,11334,20,12,white,7,48525,29
124445,11555,20,17,white,9,234628,297
124445,12226,20,13,white,11,427594,631
124445,12246,20,15,white,11,625053,1024
124445,12256,20,16,black,12,1326441,2249
124445,12444,20,15,white,7,45065,119
124445,12556,20,19,black,10,782418,1173
124445,13334,20,14,white,7,47392,33
124445,14555,20,20,black,10,584674,1004
124445,14666,20,23,black,10,498372,1021
124445,15556,20,22,black,10,380631,703
124445,22366,20,19,black,12,1164237,2210
124445,22446,20,18,white,11,467785,843
124445,22456,20,19,black,10,769221,1405
124445,24555,20,21,black,10,571957,1232
124445,25556,20,23,black,10,378129,909
124445,25666,20,25,black,10,351399,567
124445,33445,20,19,white,9,296264,508
124445,33555,20,21,white,9,232956,403
124445,45556,20,25,black,10,307354,428
12445,11122,16,7,white,7,25205,15
12445,11135,16,11,white,7,69974,51
12445,11234,16,11,white,7,55607,64
12445,11245,16,13,white,7,91936,126
12445,11334,16,12,white,7,47822,28
12445,11555,16,17,white,9,218388,251
12445,12226,16,13,white,11,403611,691
12445,12246,16,15,white,11,588829,843
12445,12256,16,16,black,12,1227663,1922
12445,12444,16,15,white,7,44344,52
12445,12556,16,19,black,10,724742,1030
12445,13334,16,14,white,7,46659,51
12445,14555,16,20,black,10,533683,517
12445,14666,16,23,black,10,462673,445
12445,15556,16,22,black,10,351545,360
12445,22366,16,19,black,12,1090010,1266
12445,22446,16,18,white,11,457011,571
12445,22456,16,19,black,10,709966,1048
12445,24555,16,21,black,10,517378,911
12445,25556,16,23,black,10,346271,824
12445,25666,16,25,black,10,321613,754
12445,33445,16,19,white,9,274871,517
12445,33555,16,21,white,9,215314,650
12445,45556,16,25,black,10,283561,583
124455,11122,21,7,white,7,28847,19
124455,11135,21,11,white,7,82720,58
124455,11234,21,11,white,7,61585,57
124455,11245,21,13,white,7,108266,108
124455,11334,21,12,white,7,53884,51
124455,11555,21,17,white,9,262678,291
124455,12226,21,13,white,11,511135,708
124455,12246,21,15,white,11,810595,1081
124455,12256,21,16,black,12,1894254,2810
124455,12444,21,15,white,7,50363,29
124455,12556,21,19,black,10,957583,1627
124455,13334,21,14,white,7,52943,48
124455,14555,21,20,white,9,335032,530
124455,14666,21,23,black,10,745063,978
124455,15556,21,22,black,10,475375,698
124455,22366,21,19,black,12,1438928,2046
124455,22446,21,18,white,11,597752,687
124455,22456,21,19,black,12,1809774,3666
124455,24555,21,21,white,9,344570,418
124455,25556,21,23,black,10,475679,933
124455,25666,21,25,black,10,425959,618
124455,33445,21,19,white,7,90629,156
124455,33555,21,21,white,9,267027,387
124455,45556,21,25,black,10,442332,708
124456,11122,22,7,white,7,44109,117
124456,11135,22,11,white,7,110732,121
124456,11234,22,11,white,7,88968,92
124456,11245,22,13,white,7,138474,156
124456,11334,22,12,white,7,81200,45
124456,11555,22,17,white,7,99275,78
124456,12226,22,13,white,7,152717,80
124456,12246,22,15,white,7,189982,146
124456,12256,22,16,white,7,181875,133
124456,12444,22,15,white,7,76213,37
124456,12556,22,19,white,9,789316,882
124456,13334,22,14,white,7,80760,154
124456,14555,22,20,white,7,112661,102
124456,14666,22,23,white,9,635311,753
124456,15556,22,22,white,11,1394421,1759
124456,22366,22,19,white,7,161555,181
124456,22446,22,18,white,7,158357,100
124456,22456,22,19,white,9,839924,1079
124456,24555,22,21,white,7,116596,68
124456,25556,22,23,white,11,1399955,1842
124456,25666,22,25,black,10,1231935,1956
124456,33445,22,19,white,7,122785,95
124456,33555,22,21,white,7,100094,46
124456,45556,22,25,white,11,1279789,1834
124466,11122,23,7,white,7,28847,22
124466,11135,23,11,white,7,76062,108
124466,11234,23,11,white,7,61585,62
124466,11245,23,13,white,7,98594,91
124466,11334,23,12,white,7,53884,64
124466,11555,23,17,white,7,67740,70
124466,12226,23,13,white,7,87454,62
124466,12246,23,15,white,7,110886,87
124466,12256,23,16,white,7,104608,92
124466,12444,23,15,white,7,50363,37
124466,12556,23,19,white,7,108408,86
124466,13334,23,14,white,7,52943,32
124466,14555,23,20,white,7,78903,65
124466,14666,23,23,white,9,335032,326
124466,15556,23,22,white,7,84841,60
124466,22366,23,19,white,7,91976,91
124466,22446,23,18,white,7,89621,72
124466,22456,23,19,white,7,105013,200
124466,24555,23,21,white,7,81487,109
124466,25556,23,23,white,7,85640,76
124466,25666,23,25,white,9,332431,331
124466,33445,23,19,white,7,84826,83
124466,33555,23,21,white,7,67773,100
124466,45556,23,25,white,7,82687,43
124566,11122,24,7,white,7,43961,28
124566,11135,24,11,white,7,95704,54
124566,11234,24,11,white,7,86042,69
124566,11245,24,13,white,7,120519,81
124566,11334,24,12,white,7,79387,52
124566,11555,24,17,white,7,87290,50
124566,12226,24,13,white,7,144955,124
124566,12246,24,15,white,7,181853,131
124566,12256,24,16,white,7,174134,195
124566,12444,24,15,white,7,74426,57
124566,12556,24,19,white,7,178229,167
124566,13334,24,14,white,7,78932,107
124566,14555,24,20,white,7,97839,54
124566,14666,24,23,white,9,564888,495
124566,15556,24,22,white,7,140364,79
124566,22366,24,19,white,7,151703,124
124566,22446,24,18,white,7,148905,126
124566,22456,24,19,white,7,176576,189
124566,24555,24,21,white,7,101358,126
124566,25556,24,23,white,7,143399,108
124566,25666,24,25,white,9,578080,645
124566,33445,24,19,white,7,108865,148
124566,33555,24,21,white,7,88854,119
124566,45556,24,25,white,7,141438,98
12466,11122,19,7,white,7,25057,55
12466,11135,19,11,white,7,57956,40
12466,11234,19,11,white,7,53539,42
12466,11245,19,13,white,7,77910,48
12466,11334,19,12,white,7,46716,64
12466,11555,19,17,white,7,51497,43
12466,12226,19,13,white,7,67389,45
12466,12246,19,15,white,7,88461,77
12466,12256,19,16,white,7,84317,50
12466,12444,19,15,white,7,43202,22
12466,12556,19,19,white,7,86685,62
12466,13334,19,14,white,7,45559,49
12466,14555,19,20,white,7,60008,32
12466,14666,19,23,white,9,242324,222
12466,15556,19,22,white,7,66334,67
12466,22366,19,19,white,7,72290,65
12466,22446,19,18,white,7,70638,150
12466,22456,19,19,white,7,84845,87
12466,24555,19,21,white,7,61736,32
12466,25556,19,23,white,7,67149,55
12466,25666,19,25,white,9,242976,260
12466,33445,19,19,white,7,66422,37
12466,33555,19,21,white,7,51431,31
12466,45556,19,25,white,7,65434,89
124666,11122,25,7,white,7,25391,72
124666,11135,25,11,white,7,58755,58
124666,11234,25,11,white,7,54006,33
124666,11245,25,13,white,7,78835,54
124666,11334,25,12,white,7,47183,118
124666,11555,25,17,white,7,52277,28
124666,12226,25,13,white,7,68853,77
124666,12246,25,15,white,7,90090,54
124666,12256,25,16,white,7,85923,80
124666,12444,25,15,white,7,43699,26
124666,12556,25,19,white,7,88288,78
124666,13334,25,14,white,7,46056,36
124666,14555,25,20,white,7,60871,75
124666,14666,25,23,white,9,307498,375
124666,15556,25,22,white,7,67830,79
124666,22366,25,19,white,7,73828,65
124666,22446,25,18,white,7,72128,86
124666,22456,25,19,white,7,86508,76
124666,24555,25,21,white,7,62712,103
124666,25556,25,23,white,7,68728,40
124666,25666,25,25,white,9,308022,429
124666,33445,25,19,white,7,67369,47
124666,33555,25,21,white,7,52282,45
124666,45556,25,25,white,7,67063,102
125566,11122,25,7,white,7,28847,56
125566,11135,25,11,white,7,48167,48
125566,11234,25,11,white,7,63227,47
125566,11245,25,13,white,7,61585,113
125566,11334,25,12,white,7,56236,52
125566,11555,25,17,white,7,42758,49
125566,12226,25,13,white,7,87454,115
125566,12246,25,15,white,7,112691,94
125566,12256,25,16,white,7,110886,107
125566,12444,25,15,white,7,52198,41
125566,12556,25,19,white,7,111663,61
125566,13334,25,14,white,7,55440,30
125566,14555,25,20,white,7,48472,41
125566,14666,25,23,white,9,333375,335
125566,15556,25,22,white,7,85071,95
125566,22366,25,19,white,7,91976,134
125566,22446,25,18,white,7,90761,82
125566,22456,25,19,white,7,112091,69
125566,24555,25,21,white,7,50018,25
125566,25556,25,23,white,7,87720,45
125566,25666,25,25,white,9,344570,382
125566,33445,25,19,white,7,55970,34
125566,33555,25,21,white,7,44580,65
125566,45556,25,25,white,7,87876,115
12566,11122,20,7,white,7,25057,25
12566,11135,20,11,white,7,41262,38
12566,11234,20,11,white,7,55221,46
12566,11245,20,13,white,7,53539,103
12566,11334,20,12,white,7,48996,67
12566,11555,20,17,white,7,36796,68
12566,12226,20,13,white,7,67389,39
12566,12246,20,15,white,7,88515,133
12566,12256,20,16,white,7,88461,94
12566,12444,20,15,white,7,44987,46
12566,12556,20,19,white,7,89231,116
12566,13334,20,14,white,7,47959,39
12566,14555,20,20,white,7,41295,43
12566,14666,20,23,white,9,240741,302
12566,15556,20,22,white,7,66829,50
12566,22366,20,19,white,7,72290,91
12566,22446,20,18,white,7,70860,109
12566,22456,20,19,white,7,89507,113
12566,24555,20,21,white,7,42150,22
12566,25556,20,23,white,7,68682,53
12566,25666,20,25,white,9,248827,242
12566,33445,20,19,white,7,47884,27
12566,33555,20,21,white,7,37595,83
12566,45556,20,25,white,7,68743,55
125666,11122,26,7,white,7,25391,34
125666,11135,26,11,white,7,41729,58
125666,11234,26,11,white,7,55688,71
125666,11245,26,13,white,7,54006,78
125666,11334,26,12,white,7,49463,65
125666,11555,26,17,white,7,37263,50
125666,12226,26,13,white,7,68853,66
125666,12246,26,15,white,7,90120,144
125666,12256,26,16,white,7,90090,123
125666,12444,26,15,white,7,45484,60
125666,12556,26,19,white,7,90848,87
125666,13334,26,14,white,7,48456,81
125666,14555,26,20,white,7,41792,21
125666,14666,26,23,white,9,310796,315
125666,15556,26,22,white,7,68320,64
125666,22366,26,19,white,7,73828,39
125666,22446,26,18,white,7,72317,41
125666,22456,26,19,white,7,91166,96
125666,24555,26,21,white,7,42682,21
125666,25556,26,23,white,7,70262,39
125666,25666,26,25,white,9,313298,319
125666,33445,26,19,white,7,48421,58
125666,33555,26,21,white,7,38132,56
125666,45556,26,25,white,7,70337,88
133335,11122,18,7,white,7,14787,8
133335,11135,18,11,white,7,33156,101
133335,11234,18,11,white,7,46701,59
133335,11245,18,13,white,7,46294,46
133335,11334,18,12,white,9,80132,93
133335,11555,18,17,white,9,100889,83
133335,12226,18,13,white,11,197842,323
133335,12246,18,15,white,11,424413,575
133335,12256,18,16,black,12,658264,1001
133335,12444,18,15,white,9,81895,78
133335,12556,18,19,black,10,361136,650
133335,13334,18,14,white,9,72211,163
133335,14555,18,20,black,10,235343,237
133335,14666,18,23,black,10,222375,336
133335,15556,18,22,black,10,162864,471
133335,22366,18,19,black,10,317137,575
133335,22446,18,18,black,12,673450,895
133335,22456,18,19,black,10,417656,438
133335,24555,18,21,black,10,243873,322
133335,25556,18,23,black,10,174740,207
133335,25666,18,25,black,10,160139,148
133335,33445,18,19,black,12,371159,406
133335,33555,18,21,black,10,147308,162
133335,45556,18,25,black,10,141974,160
133444,11122,19,7,white,7,17142,13
133444,11135,19,11,white,11,274988,271
133444,11234,19,11,white,7,56224,37
133444,11245,19,13,white,11,585642,618
133444,11334,19,12,white,7,42704,30
133444,11555,19,17,black,10,272440,364
133444,12226,19,13,white,11,245695,399
133444,12246,19,15,white,11,592777,939
133444,12256,19,16,black,12,788874,1138
133444,12444,19,15,white,9,183196,136
133444,12556,19,19,black,10,458380,593
133444,13334,19,14,white,7,40847,22
133444,14555,19,20,black,10,189542,385
133444,14666,19,23,black,10,189542,340
133444,15556,19,22,black,10,206901,403
133444,22366,19,19,black,12,793637,1407
133444,22446,19,18,black,12,776235,1302
133444,22456,19,19,black,10,400628,507
133444,24555,19,21,black,10,205251,182
133444,25556,19,23,black,10,223120,258
133444,25666,19,25,black,10,218315,190
133444,33445,19,19,black,12,591504,593
133444,33555,19,21,black,10,238575,222
133444,45556,19,25,black,10,97405,104
133455,11122,21,7,white,7,29821,49
133455,11135,21,11,white,7,84343,52
133455,11234,21,11,white,7,75447,44
133455,11245,21,13,white,7,107650,178
133455,11334,21,12,white,7,60452,44
133455,11555,21,17,white,9,265369,284
133455,12226,21,13,white,11,487753,604
133455,12246,21,15,white,11,898616,991
133455,12256,21,16,black,12,2036175,3239
133455,12444,21,15,white,7,60731,31
133455,12556,21,19,black,10,992679,912
133455,13334,21,14,white,7,58717,71
133455,14555,21,20,white,9,337164,388
133455,14666,21,23,black,10,766514,826
133455,15556,21,22,black,10,481001,434
133455,22366,21,19,black,12,1675352,2688
133455,22446,21,18,white,11,718719,1109
133455,22456,21,19,black,12,2242556,3532
133455,24555,21,21,white,9,355031,346
133455,25556,21,23,black,10,515358,468
133455,25666,21,25,black,10,463593,360
133455,33445,21,19,white,7,89227,68
133455,33555,21,21,white,9,253761,169
133455,45556,21,25,black,10,459543,393
134444,11122,20,7,white,7,14028,7
134444,11135,20,11,white,11,196520,242
134444,11234,20,11,white,7,42996,43
134444,11245,20,13,white,11,399085,394
134444,11334,20,12,white,7,31977,30
134444,11555,20,17,black,10,192249,173
134444,12226,20,13,white,11,187565,190
134444,12246,20,15,white,11,405882,660
134444,12256,20,16,black,12,581869,941
134444,12444,20,15,white,9,124619,204
134444,12556,20,19,black,10,340245,611
134444,13334,20,14,white,7,30194,66
134444,14555,20,20,black,10,127641,418
134444,14666,20,23,black,10,127641,127
134444,15556,20,22,black,10,150071,265
134444,22366,20,19,black,12,566884,962
134444,22446,20,18,black,12,503210,715
134444,22456,20,19,black,10,281809,549
134444,24555,20,21,black,10,138397,298
134444,25556,20,23,black,10,161902,244
134444,25666,20,25,black,10,155522,265
134444,33445,20,19,black,12,426393,500
134444,33555,20,21,black,10,180794,177
134444,45556,20,25,black,10,66943,158
134455,11122,22,7,white,7,29047,63
134455,11135,22,11,white,7,84716,90
134455,11234,22,11,white,7,64509,116
134455,11245,22,13,white,7,108191,110
134455,11334,22,12,white,7,51732,51
134455,11555,22,17,white,9,262678,229
134455,12226,22,13,white,11,476783,426
134455,12246,22,15,white,11,838311,1148
134455,12256,22,16,black,12,2001946,2923
134455,12444,22,15,white,7,50996,25
134455,12556,22,19,black,10,980370,1396
134455,13334,22,14,white,7,50256,27
134455,14555,22,20,white,9,335032,229
134455,14666,22,23,black,10,745063,892
134455,15556,22,22,black,10,475375,417
134455,22366,22,19,black,12,1617742,1997
134455,22446,22,18,white,11,666049,821
134455,22456,22,19,black,12,2108013,3202
134455,24555,22,21,white,9,353603,431
134455,25556,22,23,black,10,508849,896
134455,25666,22,25,black,10,457488,832
134455,33445,22,19,white,7,89621,137
134455,33555,22,21,white,9,260036,254
134455,45556,22,25,black,10,442332,477
13455,11122,18,7,white,7,25224,18
13455,11135,18,11,white,7,65520,37
13455,11234,18,11,white,7,56312,71
13455,11245,18,13,white,7,86610,61
13455,11334,18,12,white,7,44743,28
13455,11555,18,17,white,9,190812,179
13455,12226,18,13,white,11,381816,403
13455,12246,18,15,white,11,649046,803
13455,12256,18,16,black,12,1359152,1908
13455,12444,18,15,white,7,43818,26
13455,12556,18,19,black,10,724828,946
13455,13334,18,14,white,7,43083,24
13455,14555,18,20,white,9,242324,376
13455,14666,18,23,black,10,555143,893
13455,15556,18,22,black,10,344641,519
13455,22366,18,19,black,12,1219092,2103
13455,22446,18,18,white,11,500447,866
13455,22456,18,19,black,12,1564482,2833
13455,24555,18,21,white,9,256350,396
13455,25556,18,23,black,10,369351,476
13455,25666,18,25,black,10,330001,490
13455,33445,18,19,white,7,70638,63
13455,33555,18,21,white,9,185324,316
13455,45556,18,25,black,10,325447,724
134555,11122,23,7,white,7,25558,67
134555,11135,23,11,white,7,66892,102
134555,11234,23,11,white,7,56779,38
134555,11245,23,13,white,7,88147,81
134555,11334,23,12,white,7,45210,36
134555,11555,23,17,white,9,216807,347
134555,12226,23,13,white,11,392798,702
134555,12246,23,15,white,11,774416,1449
134555,12256,23,16,white,11,976037,2550
134555,12444,23,15,white,7,44315,204
134555,12556,23,19,black,12,1765551,2147
134555,13334,23,14,white,7,43580,33
134555,14555,23,20,white,9,307498,477
134555,14666,23,23,black,10,603697,1405
134555,15556,23,22,black,10,367082,525
134555,22366,23,19,black,12,1285952,2164
134555,22446,23,18,white,11,599294,947
134555,22456,23,19,black,14,3517970,4545
134555,24555,23,21,white,9,323032,278
134555,25556,23,23,black,10,393457,406
134555,25666,23,25,black,10,352946,340
134555,33445,23,19,white,7,72128,90
134555,33555,23,21,white,9,221907,469
134555,45556,23,25,black,10,353200,593
134556,11122,24,7,white,7,44062,62
134556,11135,24,11,white,7,98930,184
134556,11234,24,11,white,7,89847,100
134556,11245,24,13,white,7,123173,121
134556,11334,24,12,white,7,74806,82
134556,11555,24,17,white,7,87154,167
134556,12226,24,13,white,7,154198,178
134556,12246,24,15,white,7,190740,321
134556,12256,24,16,white,7,178921,254
134556,12444,24,15,white,7,75348,133
134556,12556,24,19,white,9,784213,783
134556,13334,24,14,white,7,73638,46
134556,14555,24,20,white,7,98848,54
134556,14666,24,23,white,9,628478,543
134556,15556,24,22,white,11,946124,1001
134556,22366,24,19,white,7,165626,161
134556,22446,24,18,white,7,160627,120
134556,22456,24,19,white,7,189243,283
134556,24555,24,21,white,7,104062,124
134556,25556,24,23,white,11,999405,1578
134556,25666,24,25,black,10,1299889,1496
134556,33445,24,19,white,7,107049,80
134556,33555,24,21,white,7,88000,86
134556,45556,24,25,white,11,923503,898
134566,11122,25,7,white,7,44062,29
134566,11135,25,11,white,7,97406,110
134566,11234,25,11,white,7,89766,73
134566,11245,25,13,white,7,120795,178
134566,11334,25,12,white,7,74747,80
134566,11555,25,17,white,7,87290,51
134566,12226,25,13,white,7,147380,76
134566,12246,25,15,white,7,182946,130
134566,12256,25,16,white,7,175294,133
134566,12444,25,15,white,7,75324,42
134566,12556,25,19,white,7,179206,110
134566,13334,25,14,white,7,73579,44
134566,14555,25,20,white,7,97839,51
134566,14666,25,23,white,9,564888,1118
134566,15556,25,22,white,7,140364,147
134566,22366,25,19,white,7,157432,155
134566,22446,25,18,white,7,150597,286
134566,22456,25,19,white,7,178117,94
134566,24555,25,21,white,7,102800,50
134566,25556,25,23,white,7,144794,121
134566,25666,25,25,white,9,592841,425
134566,33445,25,19,white,7,105345,50
134566,33555,25,21,white,7,87539,44
134566,45556,25,25,white,7,141438,68
145555,11122,25,7,white,7,14028,12
145555,11135,25,11,white,7,29269,37
145555,11234,25,11,white,7,23838,14
145555,11245,25,13,white,7,42996,54
145555,11334,25,12,white,7,18767,11
145555,11555,25,17,white,9,85249,103
145555,12226,25,13,white,11,187565,430
145555,12246,25,15,white,11,348230,729
145555,12256,25,16,white,11,405882,585
145555,12444,25,15,white,7,16904,11
145555,12556,25,19,black,12,654734,1418
145555,13334,25,14,white,7,17821,59
145555,14555,25,20,white,9,122898,247
145555,14666,25,23,black,10,252616,564
145555,15556,25,22,black,10,142830,314
145555,22366,25,19,black,12,566818,1046
145555,22446,25,18,white,11,245054,428
145555,22456,25,19,white,15,1405250,2966
145555,24555,25,21,white,9,129164,325
145555,25556,25,23,black,10,153636,372
145555,25666,25,25,black,10,138397,245
145555,33445,25,19,white,7,33166,39
145555,33555,25,21,white,9,88844,82
145555,45556,25,25,black,10,139873,258
222246,11122,18,7,white,7,9766,14
222246,11135,18,11,white,7,37633,101
222246,11234,18,11,white,7,37073,68
222246,11245,18,13,white,9,131464,178
222246,11334,18,12,white,7,29736,38
222246,11555,18,17,white,9,65917,66
222246,12226,18,13,white,7,37232,47
222246,12246,18,15,white,9,209448,263
222246,12256,18,16,white,9,210614,574
222246,12444,18,15,white,7,28157,144
222246,12556,18,19,white,9,222628,452
222246,13334,18,14,white,7,28339,69
222246,14555,18,20,white,9,84070,94
222246,14666,18,23,black,10,290529,681
222246,15556,18,22,black,12,556871,997
222246,22366,18,19,white,9,146485,410
222246,22446,18,18,white,9,139764,235
222246,22456,18,19,white,9,195832,340
222246,24555,18,21,white,9,79543,191
222246,25556,18,23,black,12,436738,854
222246,25666,18,25,black,10,242549,376
222246,33445,18,19,white,9,98472,130
222246,33555,18,21,white,9,68017,104
222246,45556,18,25,black,12,396401,814
222335,11122,17,7,white,7,11426,13
222335,11135,17,11,white,7,45165,202
222335,11234,17,11,white,7,64616,184
222335,11245,17,13,white,7,61583,74
222335,11334,17,12,white,9,118522,288
222335,11555,17,17,white,9,163215,321
222335,12226,17,13,white,11,261652,470
222335,12246,17,15,white,11,606187,1164
222335,12256,17,16,black,12,926693,1567
222335,12444,17,15,white,9,109974,139
222335,12556,17,19,black,10,534922,1121
222335,13334,17,14,white,9,108711,154
222335,14555,17,20,black,10,384919,428
222335,14666,17,23,black,10,377657,944
222335,15556,17,22,black,10,266597,353
222335,22366,17,19,black,10,413417,705
222335,22446,17,18,black,12,822369,1407
222335,22456,17,19,black,10,528459,841
222335,24555,17,21,black,10,336774,486
222335,25556,17,23,black,10,220665,276
222335,25666,17,25,black,10,202608,307
222335,33445,17,19,black,12,588607,931
222335,33555,17,21,black,10,223868,386
222335,45556,17,25,black,10,212294,476
222346,11122,19,7,white,7,17405,92
222346,11135,19,11,white,7,79641,79
222346,11234,19,11,white,7,79528,68
222346,11245,19,13,white,7,103022,92
222346,11334,19,12,white,7,64869,78
222346,11555,19,17,white,9,141404,151
222346,12226,19,13,white,7,81068,100
222346,12246,19,15,white,7,102734,151
222346,12256,19,16,white,7,97840,186
222346,12444,19,15,white,7,63837,150
222346,12556,19,19,white,9,480780,696
222346,13334,19,14,white,7,62547,131
222346,14555,19,20,white,9,170707,234
222346,14666,19,23,black,10,683401,1604
222346,15556,19,22,black,12,1305433,2790
222346,22366,19,19,white,9,341141,542
222346,22446,19,18,white,9,322372,456
222346,22456,19,19,white,9,432054,549
222346,24555,19,21,white,9,164060,281
222346,25556,19,23,black,12,1075963,1462
222346,25666,19,25,black,10,588372,649
222346,33445,19,19,white,9,195354,228
222346,33555,19,21,white,9,143759,111
222346,45556,19,25,black,12,920408,1274
222446,11122,20,7,white,7,11426,7
222446,11135,20,11,white,7,48799,63
222446,11234,20,11,white,7,41715,53
222446,11245,20,13,white,7,64616,150
222446,11334,20,12,white,7,34050,81
222446,11555,20,17,white,9,84490,191
222446,12226,20,13,white,7,48818,111
222446,12246,20,15,white,7,65003,88
222446,12256,20,16,white,7,61953,111
222446,12444,20,15,white,7,31918,65
222446,12556,20,19,white,9,285349,257
222446,13334,20,14,white,7,32742,25
222446,14555,20,20,white,9,105731,113
222446,14666,20,23,black,10,399683,473
222446,15556,20,22,black,12,745900,862
222446,22366,20,19,white,7,51965,59
222446,22446,20,18,white,9,184787,153
222446,22456,20,19,white,9,255592,269
222446,24555,20,21,white,9,101550,193
222446,25556,20,23,black,12,611942,1179
222446,25666,20,25,black,10,336774,726
222446,33445,20,19,white,9,121863,245
222446,33555,20,21,white,9,87595,167
222446,45556,20,25,black,12,515462,980
222456,11122,21,7,white,7,17405,38
222456,11135,21,11,white,7,59607,66
222456,11234,21,11,white,7,57085,45
222456,11245,21,13,white,7,79528,71
222456,11334,21,12,white,7,48907,50
222456,11555,21,17,white,7,50940,51
222456,12226,21,13,white,7,81068,58
222456,12246,21,15,white,7,109043,97
222456,12256,21,16,white,7,102734,96
222456,12444,21,15,white,7,47352,37
222456,12556,21,19,white,9,461003,906
222456,13334,21,14,white,7,47791,65
222456,14555,21,20,white,7,60321,136
222456,14666,21,23,white,9,367499,655
222456,15556,21,22,white,11,809809,931
222456,22366,21,19,white,7,85425,72
222456,22446,21,18,white,7,87101,94
222456,22456,21,19,white,9,466777,568
222456,24555,21,21,white,7,58941,43
222456,25556,21,23,white,11,701191,814
222456,25666,21,25,black,10,606746,547
222456,33445,21,19,white,7,67528,38
222456,33555,21,21,white,7,51063,29
222456,45556,21,25,white,11,748372,765
22246,11122,16,7,white,7,9712,5
22246,11135,16,11,white,7,37255,45
22246,11234,16,11,white,7,36511,47
22246,11245,16,13,white,9,126690,123
22246,11334,16,12,white,7,29312,18
22246,11555,16,17,white,9,63987,50
22246,12226,16,13,white,7,36745,26
22246,12246,16,15,white,9,201835,430
22246,12256,16,16,white,9,202808,413
22246,12444,16,15,white,7,27643,174
22246,12556,16,19,white,9,214437,529
22246,13334,16,14,white,7,27907,22
22246,14555,16,20,white,9,80911,166
22246,14666,16,23,black,10,278985,553
22246,15556,16,22,black,12,516374,886
22246,22366,16,19,white,9,141251,229
22246,22446,16,18,white,9,134518,222
22246,22456,16,19,white,9,187591,238
22246,24555,16,21,white,9,76547,125
22246,25556,16,23,black,12,413567,634
22246,25666,16,25,black,10,232330,372
22246,33445,16,19,white,9,94499,152
22246,33555,16,21,white,9,65532,63
22246,45556,16,25,black,12,367067,797
222466,11122,22,7,white,7,11426,6
222466,11135,22,11,white,7,41804,82
222466,11234,22,11,white,7,40304,29
222466,11245,22,13,white,7,58563,85
222466,11334,22,12,white,7,33014,66
222466,11555,22,17,white,7,34768,23
222466,12226,22,13,white,7,46375,57
222466,12246,22,15,white,7,63930,127
222466,12256,22,16,white,7,60352,109
222466,12444,22,15,white,7,31465,35
222466,12556,22,19,white,7,62999,60
222466,13334,22,14,white,7,31756,49
222466,14555,22,20,white,7,43054,57
222466,14666,22,23,white,9,176773,252
222466,15556,22,22,white,7,45575,39
222466,22366,22,19,white,7,48287,39
222466,22446,22,18,white,7,49310,70
222466,22456,22,19,white,7,61899,50
222466,24555,22,21,white,7,42161,24
222466,25556,22,23,white,7,45454,27
222466,25666,22,25,white,9,163085,163
222466,33445,22,19,white,7,48195,32
222466,33555,22,21,white,7,34905,28
222466,45556,22,25,white,7,46551,30
223334,11122,17,7,white,7,11026,7
223334,11135,17,11,white,11,302840,361
223334,11234,17,11,white,7,62090,79
223334,11245,17,13,black,12,1032511,1957
223334,11334,17,12,white,9,193063,379
223334,11555,17,17,black,10,326702,432
223334,12226,17,13,white,11,240688,291
223334,12246,17,15,black,12,865784,1540
223334,12256,17,16,black,12,819577,909
223334,12444,17,15,white,9,205309,352
223334,12556,17,19,black,10,491709,678
223334,13334,17,14,white,11,274402,323
223334,14555,17,20,black,10,233023,214
223334,14666,17,23,black,10,233023,479
223334,15556,17,22,black,10,239818,515
223334,22366,17,19,black,10,396578,494
223334,22446,17,18,black,10,328779,389
223334,22456,17,19,black,10,356907,669
223334,24555,17,21,black,10,199325,327
223334,25556,17,23,black,10,199682,323
223334,25666,17,25,black,10,195427,166
223334,33445,17,19,black,10,242961,279
223334,33555,17,21,black,10,186159,350
223334,45556,17,25,black,10,109168,243
223335,11122,18,7,white,7,11026,6
223335,11135,18,11,white,7,43886,26
223335,11234,18,11,white,7,62064,71
223335,11245,18,13,white,7,59524,60
223335,11334,18,12,white,9,108273,141
223335,11555,18,17,white,9,157907,156
223335,12226,18,13,white,11,240688,225
223335,12246,18,15,white,11,547601,516
223335,12256,18,16,black,12,865784,884
223335,12444,18,15,white,9,103725,141
223335,12556,18,19,black,10,517312,589
223335,13334,18,14,white,9,99953,109
223335,14555,18,20,black,10,365271,313
223335,14666,18,23,black,10,359622,339
223335,15556,18,22,black,10,257289,250
223335,22366,18,19,black,10,396578,596
223335,22446,18,18,black,12,780861,1337
223335,22456,18,19,black,10,506108,490
223335,24555,18,21,black,10,323125,493
223335,25556,18,23,black,10,216842,218
223335,25666,18,25,black,10,199325,194
223335,33445,18,19,black,12,520197,553
223335,33555,18,21,black,10,214400,366
223335,45556,18,25,black,10,201103,306
223345,11122,19,7,white,7,19039,22
223345,11135,19,11,white,7,91695,139
223345,11234,19,11,white,7,92243,58
223345,11245,19,13,white,7,116166,104
223345,11334,19,12,white,7,75903,53
223345,11555,19,17,white,9,332024,333
223345,12226,19,13,white,11,475073,438
223345,12246,19,15,white,11,848280,962
223345,12256,19,16,black,12,1807806,2109
223345,12444,19,15,white,7,76240,52
223345,12556,19,19,black,10,1071623,1633
223345,13334,19,14,white,7,73584,49
223345,14555,19,20,black,10,814245,1041
223345,14666,19,23,black,10,751534,1191
223345,15556,19,22,black,10,546920,604
223345,22366,19,19,black,12,1542020,1632
223345,22446,19,18,black,14,2436849,3004
223345,22456,19,19,black,10,1018075,877
223345,24555,19,21,black,10,739023,610
223345,25556,19,23,black,10,475529,451
223345,25666,19,25,black,10,440810,395
223345,33445,19,19,white,9,391585,347
223345,33555,19,21,white,9,293547,221
223345,45556,19,25,black,10,428014,336
22335,11122,15,7,white,7,10825,11
22335,11135,15,11,white,7,41492,35
22335,11234,15,11,white,7,59259,33
22335,11245,15,13,white,7,56852,127
22335,11334,15,12,white,9,102692,154
22335,11555,15,17,white,9,146195,156
22335,12226,15,13,white,11,225414,310
22335,12246,15,15,white,11,510650,1059
22335,12256,15,16,black,12,796580,1474
22335,12444,15,15,white,9,97624,101
22335,12556,15,19,black,10,477915,421
22335,13334,15,14,white,9,94276,74
22335,14555,15,20,black,10,334070,563
22335,14666,15,23,black,10,329090,456
22335,15556,15,22,black,10,236355,322
22335,22366,15,19,black,10,362413,438
22335,22446,15,18,black,12,694207,777
22335,22456,15,19,black,10,459747,420
22335,24555,15,21,black,10,291790,293
22335,25556,15,23,black,10,195856,162
22335,25666,15,25,black,10,179582,230
22335,33445,15,19,black,12,470869,480
22335,33555,15,21,black,10,191818,195
22335,45556,15,25,black,10,181337,170
223355,11122,20,7,white,7,12539,9
223355,11135,20,11,white,7,52190,30
223355,11234,20,11,white,7,66893,59
223355,11245,20,13,white,7,68017,76
223355,11334,20,12,white,7,53358,39
223355,11555,20,17,white,9,162935,171
223355,12226,20,13,white,11,286993,248
223355,12246,20,15,white,11,567148,909
223355,12256,20,16,black,12,1170969,1791
223355,12444,20,15,white,7,54185,30
223355,12556,20,19,black,10,623867,654
223355,13334,20,14,white,7,51167,99
223355,14555,20,20,white,9,206834,395
223355,14666,20,23,black,10,524522,785
223355,15556,20,22,black,10,316707,518
223355,22366,20,19,black,12,891769,1457
223355,22446,20,18,white,11,442654,485
223355,22456,20,19,black,12,1180490,1446
223355,24555,20,21,white,9,196430,139
223355,25556,20,23,black,10,271332,254
223355,25666,20,25,black,10,240193,241
223355,33445,20,19,white,7,56447,30
223355,33555,20,21,white,9,155327,136
223355,45556,20,25,black,10,287379,253
223356,11122,21,7,white,7,19039,67
223356,11135,21,11,white,7,70699,59
223356,11234,21,11,white,7,94064,56
223356,11245,21,13,white,7,87991,124
223356,11334,21,12,white,7,77600,106
223356,11555,21,17,white,7,61528,85
223356,12226,21,13,white,7,96009,70
223356,12246,21,15,white,7,120670,113
223356,12256,21,16,white,7,117039,106
223356,12444,21,15,white,7,81603,41
223356,12556,21,19,white,9,526924,431
223356,13334,21,14,white,7,75357,61
223356,14555,21,20,white,7,67053,66
223356,14666,21,23,white,9,423100,364
223356,15556,21,22,white,11,948235,917
223356,22366,21,19,white,9,403286,588
223356,22446,21,18,white,7,100053,111
223356,22456,21,19,white,9,524793,623
223356,24555,21,21,white,7,65563,49
223356,25556,21,23,white,11,838271,1108
223356,25666,21,25,black,10,739023,609
223356,33445,21,19,white,7,74988,42
223356,33555,21,21,white,7,59883,49
223356,45556,21,25,white,11,855310,1155
223446,11122,21,7,white,7,19027,75
223446,11135,21,11,white,7,93691,201
223446,11234,21,11,white,7,81574,182
223446,11245,21,13,white,7,116785,145
223446,11334,21,12,white,7,67331,62
223446,11555,21,17,white,9,162788,261
223446,12226,21,13,white,7,95798,95
223446,12246,21,15,white,7,116666,139
223446,12256,21,16,white,7,111071,128
223446,12444,21,15,white,7,65890,85
223446,12556,21,19,white,9,542074,752
223446,13334,21,14,white,7,65175,44
223446,14555,21,20,white,9,193743,212
223446,14666,21,23,black,10,825750,1594
223446,15556,21,22,black,12,1485080,2421
223446,22366,21,19,white,7,101952,94
223446,22446,21,18,white,9,373785,492
223446,22456,21,19,white,9,495230,531
223446,24555,21,21,white,9,187897,224
223446,25556,21,23,black,12,1265379,2314
223446,25666,21,25,black,10,702854,741
223446,33445,21,19,white,9,217461,199
223446,33555,21,21,white,9,165173,135
223446,45556,21,25,black,12,1009245,1302
224446,11122,22,7,white,7,11026,46
224446,11135,22,11,white,7,47655,34
224446,11234,22,11,white,7,37734,24
224446,11245,22,13,white,7,62064,38
224446,11334,22,12,white,7,30808,18
224446,11555,22,17,white,9,80407,108
224446,12226,22,13,white,7,47558,39
224446,12246,22,15,white,7,62304,81
224446,12256,22,16,white,7,59788,76
224446,12444,22,15,white,7,28437,17
224446,12556,22,19,white,9,265936,474
224446,13334,22,14,white,7,29602,15
224446,14555,22,20,white,9,98797,118
224446,14666,22,23,black,10,381621,650
224446,15556,22,22,black,12,680955,935
224446,22366,22,19,white,7,50694,58
224446,22446,22,18,white,9,173562,170
224446,22456,22,19,white,9,238414,249
224446,24555,22,21,white,9,95514,126
224446,25556,22,23,black,12,574219,675
224446,25666,22,25,black,10,323125,288
224446,33445,22,19,white,9,112929,132
224446,33555,22,21,white,9,83111,132
224446,45556,22,25,black,12,458680,808
224456,11122,23,7,white,7,19039,40
224456,11135,23,11,white,7,71756,96
224456,11234,23,11,white,7,57919,137
224456,11245,23,13,white,7,92243,76
224456,11334,23,12,white,7,50140,102
224456,11555,23,17,white,7,61528,34
224456,12226,23,13,white,7,96009,89
224456,12246,23,15,white,7,123359,77
224456,12256,23,16,white,7,117039,137
224456,12444,23,15,white,7,47732,58
224456,12556,23,19,white,9,526924,798
224456,13334,23,14,white,7,49262,36
224456,14555,23,20,white,7,72749,69
224456,14666,23,23,white,9,428500,480
224456,15556,23,22,white,11,948235,1150
224456,22366,23,19,white,7,99399,71
224456,22446,23,18,white,7,99931,62
224456,22456,23,19,white,9,534624,678
224456,24555,23,21,white,7,71359,79
224456,25556,23,23,white,11,838271,1084
224456,25666,23,25,black,10,739023,1265
224456,33445,23,19,white,7,79824,72
224456,33555,23,21,white,7,62011,65
224456,45556,23,25,white,11,833969,926
22446,11122,18,7,white,7,10825,8
22446,11135,18,11,white,7,44817,47
22446,11234,18,11,white,7,37169,50
22446,11245,18,13,white,7,59259,67
22446,11334,18,12,white,7,30289,44
22446,11555,18,17,white,9,75361,108
22446,12226,18,13,white,7,44536,75
22446,12246,18,15,white,7,59354,43
22446,12256,18,16,white,7,56972,51
22446,12444,18,15,white,7,27961,34
22446,12556,18,19,white,9,247785,445
22446,13334,18,14,white,7,29056,23
22446,14555,18,20,white,9,92765,240
22446,14666,18,23,black,10,346801,691
22446,15556,18,22,black,12,606085,979
22446,22366,18,19,white,7,47775,41
22446,22446,18,18,white,9,159205,124
22446,22456,18,19,white,9,219556,362
22446,24555,18,21,white,9,89387,105
22446,25556,18,23,black,12,511155,802
22446,25666,18,25,black,10,291790,569
22446,33445,18,19,white,9,106737,221
22446,33555,18,21,white,9,77718,140
22446,45556,18,25,black,12,415046,603
224466,11122,24,7,white,7,12539,8
224466,11135,24,11,white,7,50064,27
224466,11234,24,11,white,7,40914,46
224466,11245,24,13,white,7,66893,69
224466,11334,24,12,white,7,33964,59
224466,11555,24,17,white,7,42165,63
224466,12226,24,13,white,7,55217,70
224466,12246,24,15,white,7,72854,64
224466,12256,24,16,white,7,68524,82
224466,12444,24,15,white,7,31750,33
224466,12556,24,19,white,7,72212,117
224466,13334,24,14,white,7,32878,55
224466,14555,24,20,white,7,51811,55
224466,14666,24,23,white,9,212421,274
224466,15556,24,22,white,7,53774,38
224466,22366,24,19,white,7,56644,52
224466,22446,24,18,white,7,56938,102
224466,22456,24,19,white,7,69726,131
224466,24555,24,21,white,7,50884,30
224466,25556,24,23,white,7,53638,42
224466,25666,24,25,white,9,196430,180
224466,33445,24,19,white,7,56317,89
224466,33555,24,21,white,7,42492,47
224466,45556,24,25,white,7,54355,62
233334,11122,18,7,white,7,9600,5
233334,11135,18,11,white,11,216703,314
233334,11234,18,11,white,7,47412,95
233334,11245,18,13,black,12,747901,1488
233334,11334,18,12,white,9,134121,332
233334,11555,18,17,black,10,233086,506
233334,12226,18,13,white,11,172826,341
233334,12246,18,15,black,12,646695,1353
233334,12256,18,16,black,12,612386,1284
233334,12444,18,15,white,9,149750,223
233334,12556,18,19,black,10,375045,813
233334,13334,18,14,white,11,188460,457
233334,14555,18,20,black,10,165075,307
233334,14666,18,23,black,10,165075,242
233334,15556,18,22,black,10,177819,165
233334,22366,18,19,black,10,293538,548
233334,22446,18,18,black,10,253382,233
233334,22456,18,19,black,10,282564,306
233334,24555,18,21,black,10,148166,125
233334,25556,18,23,black,10,154504,227
233334,25666,18,25,black,10,148223,193
233334,33445,18,19,black,10,165372,272
233334,33555,18,21,black,10,126347,227
233334,45556,18,25,black,10,79088,193
233335,11122,19,7,white,7,9600,13
233335,11135,19,11,white,7,32826,88
233335,11234,19,11,white,7,47030,107
233335,11245,19,13,white,7,47083,28
233335,11334,19,12,white,9,81565,98
233335,11555,19,17,white,9,112544,87
233335,12226,19,13,white,11,172826,209
233335,12246,19,15,white,11,421417,488
233335,12256,19,16,black,12,646695,732
233335,12444,19,15,white,9,83049,62
233335,12556,19,19,black,10,385725,592
233335,13334,19,14,white,9,73009,80
233335,14555,19,20,black,10,258395,298
233335,14666,19,23,black,10,253580,252
233335,15556,19,22,black,10,185411,220
233335,22366,19,19,black,10,293538,378
233335,22446,19,18,black,12,600125,1088
233335,22456,19,19,black,10,385839,524
233335,24555,19,21,black,10,235343,233
233335,25556,19,23,black,10,162864,467
233335,25666,19,25,black,10,148166,389
233335,33445,19,19,black,12,371159,660
233335,33555,19,21,black,10,147308,443
233335,45556,19,25,black,10,141974,430
23334,11122,15,7,white,7,9600,8
23334,11135,15,11,white,11,213279,317
23334,11234,15,11,white,7,47182,65
23334,11245,15,13,black,12,737062,782
23334,11334,15,12,white,9,132162,154
23334,11555,15,17,black,10,229486,200
23334,12226,15,13,white,11,170552,166
23334,12246,15,15,black,12,636136,693
23334,12256,15,16,black,12,606297,605
23334,12444,15,15,white,9,147904,105
23334,12556,15,19,black,10,370167,285
23334,13334,15,14,white,11,183981,206
23334,14555,15,20,black,10,162349,264
23334,14666,15,23,black,10,162349,340
23334,15556,15,22,black,10,175465,367
23334,22366,15,19,black,10,288639,534
23334,22446,15,18,black,10,248725,432
23334,22456,15,19,black,10,277787,567
23334,24555,15,21,black,10,145432,367
23334,25556,15,23,black,10,152169,280
23334,25666,15,25,black,10,145832,327
23334,33445,15,19,black,10,162178,348
23334,33555,15,21,black,10,124069,311
23334,45556,15,25,black,10,77821,168
233344,11122,19,7,white,7,11308,66
233344,11135,19,11,white,11,294724,319
233344,11234,19,11,white,7,58044,96
233344,11245,19,13,black,12,1026308,1830
233344,11334,19,12,white,7,45027,26
233344,11555,19,17,black,10,320070,492
233344,12226,19,13,white,11,220224,348
233344,12246,19,15,black,12,923123,2424
233344,12256,19,16,black,12,799890,1813
233344,12444,19,15,white,9,166239,238
233344,12556,19,19,black,10,490853,453
233344,13334,19,14,white,7,42719,46
233344,14555,19,20,black,10,218139,213
233344,14666,19,23,black,10,218139,190
233344,15556,19,22,black,10,237174,272
233344,22366,19,19,black,12,727676,815
233344,22446,19,18,black,10,340351,312
233344,22456,19,19,black,10,374218,375
233344,24555,19,21,black,10,197217,247
233344,25556,19,23,black,10,210193,234
233344,25666,19,25,black,10,205214,230
233344,33445,19,19,black,10,289279,250
233344,33555,19,21,black,10,230569,228
233344,45556,19,25,black,10,101992,90
233345,11122,20,7,white,7,17199,11
233345,11135,20,11,white,7,73939,135
233345,11234,20,11,white,7,73746,73
233345,11245,20,13,white,7,95855,135
233345,11334,20,12,white,7,59423,63
233345,11555,20,17,white,9,261034,440
233345,12226,20,13,white,11,362359,739
233345,12246,20,15,white,11,694363,1552
233345,12256,20,16,black,12,1443002,2712
233345,12444,20,15,white,7,61818,123
233345,12556,20,19,black,10,868573,1605
233345,13334,20,14,white,7,56998,162
233345,14555,20,20,black,10,635357,1450
233345,14666,20,23,black,10,584445,1187
233345,15556,20,22,black,10,434780,786
233345,22366,20,19,black,12,1242690,2394
233345,22446,20,18,black,14,2003981,3752
233345,22456,20,19,black,10,818333,884
233345,24555,20,21,black,10,590410,614
233345,25556,20,23,black,10,390944,634
233345,25666,20,25,black,10,360112,471
233345,33445,20,19,white,9,292063,383
233345,33555,20,21,white,9,221401,289
233345,45556,20,25,black,10,348987,431
233346,11122,21,7,white,7,17199,20
233346,11135,21,11,white,7,74100,104
233346,11234,21,11,white,7,73746,68
233346,11245,21,13,white,7,97326,116
233346,11334,21,12,white,7,59423,59
233346,11555,21,17,white,9,136221,179
233346,12226,21,13,white,7,78479,91
233346,12246,21,15,white,7,96450,158
233346,12256,21,16,white,7,92811,58
233346,12444,21,15,white,7,61818,98
233346,12556,21,19,white,9,438429,493
233346,13334,21,14,white,7,56998,29
233346,14555,21,20,white,9,163551,186
233346,14666,21,23,black,10,635357,620
233346,15556,21,22,black,12,1169992,1772
233346,22366,21,19,white,9,323713,347
233346,22446,21,18,white,9,310712,373
233346,22456,21,19,white,9,412772,565
233346,24555,21,21,white,9,161354,191
233346,25556,21,23,black,12,1052082,1639
233346,25666,21,25,black,10,563373,790
233346,33445,21,19,white,9,177169,273
233346,33555,21,21,white,9,131072,235
233346,45556,21,25,black,12,836161,1588
233444,11122,20,7,white,7,11267,21
233444,11135,20,11,white,11,300336,861
233444,11234,20,11,white,7,55705,135
233444,11245,20,13,white,11,602694,1165
233444,11334,20,12,white,7,43205,61
233444,11555,20,17,black,10,317011,474
233444,12226,20,13,white,11,215578,279
233444,12246,20,15,white,11,551868,811
233444,12256,20,16,black,12,772980,1250
233444,12444,20,15,white,9,185947,320
233444,12556,20,19,black,10,482941,910
233444,13334,20,14,white,7,40909,84
233444,14555,20,20,black,10,210368,318
233444,14666,20,23,black,10,210368,368
233444,15556,20,22,black,10,233592,464
233444,22366,20,19,black,12,704192,1295
233444,22446,20,18,black,12,692153,1691
233444,22456,20,19,black,10,364727,612
233444,24555,20,21,black,10,189542,471
233444,25556,20,23,black,10,206901,391
233444,25666,20,25,black,10,202271,263
233444,33445,20,19,black,12,591504,1241
233444,33555,20,21,black,10,238575,372
233444,45556,20,25,black,10,97405,140
234444,11122,21,7,white,7,9358,11
234444,11135,21,11,white,11,217951,371
234444,11234,21,11,white,7,42534,67
234444,11245,21,13,white,11,420537,880
234444,11334,21,12,white,7,32324,81
234444,11555,21,17,black,10,228867,408
234444,12226,21,13,white,11,166126,351
234444,12246,21,15,white,11,382252,695
234444,12256,21,16,black,12,578521,811
234444,12444,21,15,white,9,126722,154
234444,12556,21,19,black,10,364853,606
234444,13334,21,14,white,7,30171,43
234444,14555,21,20,black,10,144278,238
234444,14666,21,23,black,10,144278,237
234444,15556,21,22,black,10,172441,273
234444,22366,21,19,black,12,504408,975
234444,22446,21,18,black,12,438422,778
234444,22456,21,19,black,10,255827,248
234444,24555,21,21,black,10,127641,147
234444,25556,21,23,black,10,150071,217
234444,25666,21,25,black,10,143895,147
234444,33445,21,19,black,12,426393,433
234444,33555,21,21,black,10,180794,185
234444,45556,21,25,black,10,66943,75
234566,11122,26,7,white,7,28820,51
234566,11135,26,11,white,7,100184,60
234566,11234,26,11,white,7,90622,121
234566,11245,26,13,white,7,123485,216
234566,11334,26,12,white,7,77015,66
234566,11555,26,17,white,7,89723,67
234566,12226,26,13,white,7,148879,180
234566,12246,26,15,white,7,177387,376
234566,12256,26,16,white,7,170834,187
234566,12444,26,15,white,7,80985,64
234566,12556,26,19,white,7,179206,101
234566,13334,26,14,white,7,75089,45
234566,14555,26,20,white,7,99718,100
234566,14666,26,23,white,9,583262,463
234566,15556,26,22,white,7,141292,90
234566,22366,26,19,white,7,149303,282
234566,22446,26,18,white,7,144799,298
234566,22456,26,19,white,7,170321,229
234566,24555,26,21,white,7,97839,141
234566,25556,26,23,white,7,140364,142
234566,25666,26,25,white,9,562622,677
234566,33445,26,19,white,7,105345,84
234566,33555,26,21,white,7,87539,93
234566,45556,26,25,white,7,141438,103
245555,11122,26,7,white,7,9358,5
245555,11135,26,11,white,7,29396,46
245555,11234,26,11,white,7,24925,16
245555,11245,26,13,white,7,42534,33
245555,11334,26,12,white,7,19552,13
245555,11555,26,17,white,9,85996,107
245555,12226,26,13,white,11,166126,140
245555,12246,26,15,white,11,331095,323
245555,12256,26,16,white,11,382252,485
245555,12444,26,15,white,7,18302,13
245555,12556,26,19,black,12,682372,933
245555,13334,26,14,white,7,18332,14
245555,14555,26,20,white,9,126741,123
245555,14666,26,23,black,10,286011,396
245555,15556,26,22,black,10,164512,257
245555,22366,26,19,black,12,507691,974
245555,22446,26,18,white,11,227026,409
245555,22456,26,19,white,15,1208464,2619
245555,24555,26,21,white,9,122898,151
245555,25556,26,23,black,10,142830,237
245555,25666,26,25,black,10,127641,229
245555,33445,26,19,white,7,33166,62
245555,33555,26,21,white,9,88844,203
245555,45556,26,25,black,10,139873,314
333335,11122,20,7,white,7,5358,5
333335,11135,20,11,white,7,15389,51
333335,11234,20,11,white,7,23711,17
333335,11245,20,13,white,7,24133,94
333335,11334,20,12,white,9,39163,80
333335,11555,20,17,white,9,49991,128
333335,12226,20,13,white,11,78429,156
333335,12246,20,15,white,11,205918,355
333335,12256,20,16,black,12,302338,625
333335,12444,20,15,white,9,41607,110
333335,12556,20,19,black,10,183713,289
333335,13334,20,14,white,9,33274,38
333335,14555,20,20,black,10,114094,222
333335,14666,20,23,black,10,110334,141
333335,15556,20,22,black,10,79497,77
333335,22366,20,19,black,10,147846,154
333335,22446,20,18,black,12,318558,510
333335,22456,20,19,black,10,204998,418
333335,24555,20,21,black,10,114094,267
333335,25556,20,23,black,10,79497,162
333335,25666,20,25,black,10,69601,100
333335,33445,20,19,black,12,148621,191
333335,33555,20,21,black,10,58502,74
333335,45556,20,25,black,10,59760,97
333345,11122,21,7,white,7,9591,43
333345,11135,21,11,white,7,36281,35
333345,11234,21,11,white,7,38042,29
333345,11245,21,13,white,7,50082,91
333345,11334,21,12,white,7,28461,74
333345,11555,21,17,white,9,122467,227
333345,12226,21,13,white,11,169052,312
333345,12246,21,15,white,11,384065,395
333345,12256,21,16,black,12,743430,1316
333345,12444,21,15,white,7,28757,17
333345,12556,21,19,black,10,439092,639
333345,13334,21,14,white,7,26533,69
333345,14555,21,20,black,10,290529,444
333345,14666,21,23,black,10,277953,501
333345,15556,21,22,black,10,198954,312
333345,22366,21,19,black,12,688755,880
333345,22446,21,18,black,14,1059398,2360
333345,22456,21,19,black,10,473609,793
333345,24555,21,21,black,10,290529,328
333345,25556,21,23,black,10,198954,189
333345,25666,21,25,black,10,177572,212
333345,33445,21,19,white,9,139764,165
333345,33555,21,21,white,9,102944,79
333345,45556,21,25,black,10,150218,140
33335,11122,17,7,white,7,5358,3
33335,11135,17,11,white,7,15389,10
33335,11234,17,11,white,7,23711,30
33335,11245,17,13,white,7,24133,16
33335,11334,17,12,white,9,39058,58
33335,11555,17,17,white,9,49850,65
33335,12226,17,13,white,11,77945,198
33335,12246,17,15,white,11,204634,324
33335,12256,17,16,black,12,301069,495
33335,12444,17,15,white,9,41459,45
33335,12556,17,19,black,10,182807,193
33335,13334,17,14,white,9,33180,35
33335,14555,17,20,black,10,113164,184
33335,14666,17,23,black,10,109692,101
33335,15556,17,22,black,10,79100,71
33335,22366,17,19,black,10,147237,160
33335,22446,17,18,black,12,319908,473
33335,22456,17,19,black,10,203626,264
33335,24555,17,21,black,10,113164,181
33335,25556,17,23,black,10,79100,86
33335,25666,17,25,black,10,69261,156
33335,33445,17,19,black,12,147582,177
33335,33555,17,21,black,10,58075,91
33335,45556,17,25,black,10,59155,81
333355,11122,22,7,white,7,6473,9
333355,11135,22,11,white,7,20672,15
333355,11234,22,11,white,7,28362,37
333355,11245,22,13,white,7,30108,37
333355,11334,22,12,white,7,20425,24
333355,11555,22,17,white,9,53904,47
333355,12226,22,13,white,11,101771,103
333355,12246,22,15,white,11,253466,411
333355,12256,22,16,black,12,412598,844
333355,12444,22,15,white,7,20955,14
333355,12556,22,19,black,10,242220,480
333355,13334,22,14,white,7,18672,13
333355,14555,22,20,white,9,75727,90
333355,14666,22,23,black,10,189504,230
333355,15556,22,22,black,10,109492,152
333355,22366,22,19,black,12,398474,691
333355,22446,22,18,white,11,222217,382
333355,22456,22,19,black,12,576028,846
333355,24555,22,21,white,9,75727,78
333355,25556,22,23,black,10,109492,151
333355,25666,22,25,black,10,94795,128
333355,33445,22,19,white,7,23309,38
333355,33555,22,21,white,9,48390,48
333355,45556,22,25,black,10,100899,141
333356,11122,23,7,white,7,9591,7
333356,11135,23,11,white,7,26659,23
333356,11234,23,11,white,7,38285,39
333356,11245,23,13,white,7,36973,75
333356,11334,23,12,white,7,28652,16
333356,11555,23,17,white,7,21901,38
333356,12226,23,13,white,7,37889,72
333356,12246,23,15,white,7,52879,85
333356,12256,23,16,white,7,50297,33
333356,12444,23,15,white,7,30541,36
333356,12556,23,19,white,9,219612,187
333356,13334,23,14,white,7,26721,17
333356,14555,23,20,white,7,25910,55
333356,14666,23,23,white,9,165282,562
333356,15556,23,22,white,11,341630,741
333356,22366,23,19,white,9,161184,265
333356,22446,23,18,white,7,41981,27
333356,22456,23,19,white,9,241259,311
333356,24555,23,21,white,7,25910,24
333356,25556,23,23,white,11,341630,533
333356,25666,23,25,black,10,290529,598
333356,33445,23,19,white,7,28601,21
333356,33555,23,21,white,7,20702,73
333356,45556,23,25,white,11,334424,787
333444,11122,21,7,white,7,6633,4
333444,11135,21,11,white,11,141312,285
333444,11234,21,11,white,7,31154,49
333444,11245,21,13,white,11,291033,456
333444,11334,21,12,white,7,23476,14
333444,11555,21,17,black,10,151035,187
333444,12226,21,13,white,11,105474,116
333444,12246,21,15,white,11,275292,456
333444,12256,21,16,black,12,431322,587
333444,12444,21,15,white,9,89287,139
333444,12556,21,19,black,10,260614,314
333444,13334,21,14,white,7,21701,15
333444,14555,21,20,black,10,99582,144
333444,14666,21,23,black,10,99582,189
333444,15556,21,22,black,10,115941,211
333444,22366,21,19,black,12,417533,599
333444,22446,21,18,black,12,365757,452
333444,22456,21,19,black,10,208906,205
333444,24555,21,21,black,10,99582,120
333444,25556,21,23,black,10,115941,118
333444,25666,21,25,black,10,108721,333
333444,33445,21,19,black,12,259665,555
333444,33555,21,21,black,10,109639,100
333444,45556,21,25,black,10,46486,91
33444,11122,18,7,white,7,6221,7
33444,11135,18,11,white,11,120828,167
33444,11234,18,11,white,7,27259,37
33444,11245,18,13,white,11,240668,339
33444,11334,18,12,white,7,20339,15
33444,11555,18,17,black,10,131583,141
33444,12226,18,13,white,11,93585,172
33444,12246,18,15,white,11,228074,343
33444,12256,18,16,black,12,374184,493
33444,12444,18,15,white,9,73597,91
33444,12556,18,19,black,10,232722,229
33444,13334,18,14,white,7,18667,12
33444,14555,18,20,black,10,83524,97
33444,14666,18,23,black,10,83524,125
33444,15556,18,22,black,10,101862,133
33444,22366,18,19,black,12,360003,433
33444,22446,18,18,black,12,294600,419
33444,22456,18,19,black,10,179735,210
33444,24555,18,21,black,10,83524,106
33444,25556,18,23,black,10,101862,149
33444,25666,18,25,black,10,94123,99
33444,33445,18,19,black,12,214029,295
33444,33555,18,21,black,10,97424,139
33444,45556,18,25,black,10,39225,83
334444,11122,22,7,white,7,6221,4
334444,11135,22,11,white,11,122050,200
334444,11234,22,11,white,7,27286,57
334444,11245,22,13,white,11,242587,359
334444,11334,22,12,white,7,20366,15
334444,11555,22,17,black,10,134089,255
334444,12226,22,13,white,11,94763,96
334444,12246,22,15,white,11,229939,341
334444,12256,22,16,black,12,376957,566
334444,12444,22,15,white,9,74305,83
334444,12556,22,19,black,10,235735,310
334444,13334,22,14,white,7,18697,13
334444,14555,22,20,black,10,84775,204
334444,14666,22,23,black,10,84775,295
334444,15556,22,22,black,10,103428,204
334444,22366,22,19,black,12,359253,737
334444,22446,22,18,black,12,294302,329
334444,22456,22,19,black,10,182154,206
334444,24555,22,21,black,10,84775,188
334444,25556,22,23,black,10,103428,178
334444,25666,22,25,black,10,95790,165
334444,33445,22,19,black,12,218388,550
334444,33555,22,21,black,10,99918,341
334444,45556,22,25,black,10,39710,74
334445,11122,23,7,white,7,10999,9
334445,11135,23,11,white,7,46353,49
334445,11234,23,11,white,7,37671,25
334445,11245,23,13,white,7,59427,48
334445,11334,23,12,white,7,28591,19
334445,11555,23,17,white,9,157907,248
334445,12226,23,13,white,11,200146,316
334445,12246,23,15,white,11,419177,685
334445,12256,23,16,black,12,914835,1319
334445,12444,23,15,white,7,29101,16
334445,12556,23,19,black,10,551367,837
334445,13334,23,14,white,7,26870,17
334445,14555,23,20,black,10,381621,447
334445,14666,23,23,black,10,342472,492
334445,15556,23,22,black,10,257289,370
334445,22366,23,19,black,12,839805,1316
334445,22446,23,18,white,11,325478,654
334445,22456,23,19,black,10,564404,891
334445,24555,23,21,black,10,381621,381
334445,25556,23,23,black,10,257289,306
334445,25666,23,25,black,10,233023,474
334445,33445,23,19,white,9,173562,327
334445,33555,23,21,white,9,138353,248
334445,45556,23,25,black,10,186122,263
334446,11122,24,7,white,7,10999,9
334446,11135,24,11,white,7,46401,35
334446,11234,24,11,white,7,37671,45
334446,11245,24,13,white,7,59863,82
334446,11334,24,12,white,7,28591,22
334446,11555,24,17,white,9,80407,71
334446,12226,24,13,white,7,48412,28
334446,12246,24,15,white,7,60072,86
334446,12256,24,16,white,7,57465,65
334446,12444,24,15,white,7,29101,21
334446,12556,24,19,white,9,275804,322
334446,13334,24,14,white,7,26870,51
334446,14555,24,20,white,9,98797,125
334446,14666,24,23,black,10,381621,554
334446,15556,24,22,black,12,680955,1433
334446,22366,24,19,white,7,51917,65
334446,22446,24,18,white,9,193063,254
334446,22456,24,19,white,9,268687,445
334446,24555,24,21,white,9,98797,150
334446,25556,24,23,black,12,680955,1027
334446,25666,24,25,black,10,365271,733
334446,33445,24,19,white,9,104218,274
334446,33555,24,21,white,9,77268,196
334446,45556,24,25,black,12,458680,876
334566,11122,27,7,white,7,18961,11
334566,11135,27,11,white,7,61554,48
334566,11234,27,11,white,7,55966,75
334566,11245,27,13,white,7,79694,130
334566,11334,27,12,white,7,44971,45
334566,11555,27,17,white,7,53290,30
334566,12226,27,13,white,7,93456,64
334566,12246,27,15,white,7,117204,105
334566,12256,27,16,white,7,111736,116
334566,12444,27,15,white,7,47755,25
334566,12556,27,19,white,7,118387,157
334566,13334,27,14,white,7,43417,68
334566,14555,27,20,white,7,62337,48
334566,14666,27,23,white,9,361866,363
334566,15556,27,22,white,7,90003,52
334566,22366,27,19,white,7,94577,80
334566,22446,27,18,white,7,94808,169
334566,22456,27,19,white,7,117828,233
334566,24555,27,21,white,7,62337,30
334566,25556,27,23,white,7,90003,56
334566,25666,27,25,white,9,359127,319
334566,33445,27,19,white,7,64000,36
334566,33555,27,21,white,7,51246,53
334566,45556,27,25,white,7,93708,57
34444,11122,19,7,white,7,5418,4
34444,11135,19,11,white,11,83925,170
34444,11234,19,11,white,7,20275,23
34444,11245,19,13,white,11,156738,150
34444,11334,19,12,white,7,14305,11
34444,11555,19,17,black,10,88203,116
34444,12226,19,13,white,11,70047,77
34444,12246,19,15,white,11,150093,145
34444,12256,19,16,black,12,280252,291
34444,12444,19,15,white,9,45312,45
34444,12556,19,19,black,10,169591,180
34444,13334,19,14,white,7,12854,8
34444,14555,19,20,black,10,54406,98
34444,14666,19,23,black,10,54406,255
34444,15556,19,22,black,10,73490,642
34444,22366,19,19,black,12,254436,415
34444,22446,19,18,black,12,175138,431
34444,22456,19,19,black,10,124395,165
34444,24555,19,21,black,10,54406,60
34444,25556,19,23,black,10,73490,108
34444,25666,19,25,black,10,66080,99
34444,33445,19,19,black,12,144584,185
34444,33555,19,21,black,10,72412,99
34444,45556,19,25,black,10,26532,83
344444,11122,23,7,white,7,5418,4
344444,11135,23,11,white,11,83933,259
344444,11234,23,11,white,7,20275,35
344444,11245,23,13,white,11,156669,399
344444,11334,23,12,white,7,14305,27
344444,11555,23,17,black,10,88347,210
344444,12226,23,13,white,11,70065,139
344444,12246,23,15,white,11,150037,444
344444,12256,23,16,black,12,278039,633
344444,12444,23,15,white,9,45329,75
344444,12556,23,19,black,10,169753,318
344444,13334,23,14,white,7,12854,9
344444,14555,23,20,black,10,54475,137
344444,14666,23,23,black,10,54475,112
344444,15556,23,22,black,10,73577,99
344444,22366,23,19,black,12,252244,409
344444,22446,23,18,black,12,171483,307
344444,22456,23,19,black,10,124537,194
344444,24555,23,21,black,10,54475,121
344444,25556,23,23,black,10,73577,93
344444,25666,23,25,black,10,66150,104
344444,33445,23,19,black,12,141951,271
344444,33555,23,21,black,10,72556,163
344444,45556,23,25,black,10,26556,50
344445,11122,24,7,white,7,9621,6
344445,11135,24,11,white,7,35309,19
344445,11234,24,11,white,7,27059,41
344445,11245,24,13,white,7,46042,48
344445,11334,24,12,white,7,19985,51
344445,11555,24,17,white,9,112544,121
344445,12226,24,13,white,11,152181,223
344445,12246,24,15,white,11,310496,331
344445,12256,24,16,black,12,683422,1039
344445,12444,24,15,white,7,19948,50
344445,12556,24,19,black,10,407468,508
344445,13334,24,14,white,7,18463,11
344445,14555,24,20,black,10,263563,226
344445,14666,24,23,black,10,238041,248
344445,15556,24,22,black,10,185411,203
344445,22366,24,19,black,12,610945,1084
344445,22446,24,18,white,11,232582,638
344445,22456,24,19,black,10,395296,642
344445,24555,24,21,black,10,263563,518
344445,25556,24,23,black,10,185411,453
344445,25666,24,25,black,10,165075,369
344445,33445,24,19,white,9,124518,254
344445,33555,24,21,white,9,100889,209
344445,45556,24,25,black,10,127268,117
344446,11122,25,7,white,7,9621,12
344446,11135,25,11,white,7,35420,20
344446,11234,25,11,white,7,27059,39
344446,11245,25,13,white,7,45760,85
344446,11334,25,12,white,7,19985,14
344446,11555,25,17,white,9,62365,72
344446,12226,25,13,white,7,36442,22
344446,12246,25,15,white,7,46458,92
344446,12256,25,16,white,7,45887,31
344446,12444,25,15,white,7,19948,14
344446,12556,25,19,white,9,206644,206
344446,13334,25,14,white,7,18463,20
344446,14555,25,20,white,9,76228,57
344446,14666,25,23,black,10,263563,331
344446,15556,25,22,black,12,486595,908
344446,22366,25,19,white,7,39515,78
344446,22446,25,18,white,9,134121,251
344446,22456,25,19,white,9,195079,319
344446,24555,25,21,white,9,76228,87
344446,25556,25,23,black,12,486595,971
344446,25666,25,25,black,10,258395,498
344446,33445,25,19,white,9,80132,142
344446,33555,25,21,white,9,61051,159
344446,45556,25,25,black,12,331765,617
344566,11122,28,7,white,7,19285,61
344566,11135,28,11,white,7,61091,87
344566,11234,28,11,white,7,44053,45
344566,11245,28,13,white,7,76605,182
344566,11334,28,12,white,7,35707,24
344566,11555,28,17,white,7,52697,116
344566,12226,28,13,white,7,92042,109
344566,12246,28,15,white,7,113176,314
344566,12256,28,16,white,7,108278,178
344566,12444,28,15,white,7,37644,27
344566,12556,28,19,white,7,114083,141
344566,13334,28,14,white,7,34552,34
344566,14555,28,20,white,7,61027,103
344566,14666,28,23,white,9,347662,797
344566,15556,28,22,white,7,86936,91
344566,22366,28,19,white,7,91996,89
344566,22446,28,18,white,7,89647,50
344566,22456,28,19,white,7,108935,84
344566,24555,28,21,white,7,61027,33
344566,25556,28,23,white,7,86936,70
344566,25666,28,25,white,9,348016,256
344566,33445,28,19,white,7,60452,124
344566,33555,28,21,white,7,51104,102
344566,45556,28,25,white,7,87223,119
345555,11122,27,7,white,7,9373,5
345555,11135,27,11,white,7,29702,19
345555,11234,27,11,white,7,25250,81
345555,11245,27,13,white,7,41867,114
345555,11334,27,12,white,7,18828,12
345555,11555,27,17,white,9,85996,80
345555,12226,27,13,white,11,147085,155
345555,12246,27,15,white,11,336800,351
345555,12256,27,16,white,11,381635,427
345555,12444,27,15,white,7,18642,32
345555,12556,27,19,black,12,719553,1489
345555,13334,27,14,white,7,17414,48
345555,14555,27,20,white,9,126741,217
345555,14666,27,23,black,10,286011,637
345555,15556,27,22,black,10,164512,176
345555,22366,27,19,black,12,579545,598
345555,22446,27,18,white,11,252170,316
345555,22456,27,19,white,15,1489851,1647
345555,24555,27,21,white,9,126741,127
345555,25556,27,23,black,10,164512,143
345555,25666,27,25,black,10,144278,165
345555,33445,27,19,white,7,31977,37
345555,33555,27,21,white,9,85249,67
345555,45556,27,25,black,10,139873,150
345566,11122,29,7,white,7,19030,22
345566,11135,29,11,white,7,50501,29
345566,11234,29,11,white,7,42354,26
345566,11245,29,13,white,7,65413,40
345566,11334,29,12,white,7,34616,20
345566,11555,29,17,white,7,44182,22
345566,12226,29,13,white,7,91194,46
345566,12246,29,15,white,7,113768,160
345566,12256,29,16,white,7,107574,143
345566,12444,29,15,white,7,36135,77
345566,12556,29,19,white,7,111818,79
345566,13334,29,14,white,7,33551,80
345566,14555,29,20,white,7,51449,63
345566,14666,29,23,white,9,344549,267
345566,15556,29,22,white,7,85449,50
345566,22366,29,19,white,7,90793,81
345566,22446,29,18,white,7,89966,99
345566,22456,29,19,white,7,109531,148
345566,24555,29,21,white,7,51449,39
345566,25556,29,23,white,7,85449,67
345566,25666,29,25,white,9,345147,318
345566,33445,29,19,white,7,51732,32
345566,33555,29,21,white,7,42758,60
345566,45556,29,25,white,7,87720,60
34566,11122,24,7,white,7,16712,20
34566,11135,24,11,white,7,44112,25
34566,11234,24,11,white,7,38127,28
34566,11245,24,13,white,7,57616,69
34566,11334,24,12,white,7,30650,73
34566,11555,24,17,white,7,38221,61
34566,12226,24,13,white,7,69970,108
34566,12246,24,15,white,7,89258,64
34566,12256,24,16,white,7,86002,71
34566,12444,24,15,white,7,31899,24
34566,12556,24,19,white,7,89961,126
34566,13334,24,14,white,7,29401,75
34566,14555,24,20,white,7,44282,39
34566,14666,24,23,white,9,251316,229
34566,15556,24,22,white,7,67175,48
34566,22366,24,19,white,7,71510,60
34566,22446,24,18,white,7,70329,65
34566,22456,24,19,white,7,87867,59
34566,24555,24,21,white,7,44282,61
34566,25556,24,23,white,7,67175,44
34566,25666,24,25,white,9,250653,220
34566,33445,24,19,white,7,44743,28
34566,33555,24,21,white,7,36796,20
34566,45556,24,25,white,7,68682,39
345666,11122,30,7,white,7,16913,31
345666,11135,30,11,white,7,44579,37
345666,11234,30,11,white,7,38461,122
345666,11245,30,13,white,7,58083,37
345666,11334,30,12,white,7,30984,17
345666,11555,30,17,white,7,38688,37
345666,12226,30,13,white,7,71347,40
345666,12246,30,15,white,7,90742,66
345666,12256,30,16,white,7,87439,50
345666,12444,30,15,white,7,32263,18
345666,12556,30,19,white,7,91413,85
345666,13334,30,14,white,7,29765,57
345666,14555,30,20,white,7,44779,67
345666,14666,30,23,white,9,318731,505
345666,15556,30,22,white,7,68628,142
345666,22366,30,19,white,7,72794,94
345666,22446,30,18,white,7,71668,88
345666,22456,30,19,white,7,89362,125
345666,24555,30,21,white,7,44779,68
345666,25556,30,23,white,7,68628,76
345666,25666,30,25,white,9,317528,275
345666,33445,30,19,white,7,45210,25
345666,33555,30,21,white,7,37263,36
345666,45556,30,25,white,7,70262,37
445555,11122,28,7,white,7,6221,3
445555,11135,28,11,white,7,18349,62
445555,11234,28,11,white,7,12302,7
445555,11245,28,13,white,7,27286,20
445555,11334,28,12,white,7,8906,14
445555,11555,28,17,white,9,50311,38
445555,12226,28,13,white,11,94763,91
445555,12246,28,15,white,11,197520,344
445555,12256,28,16,white,11,229939,491
445555,12444,28,15,white,7,8252,50
445555,12556,28,19,black,12,413029,1116
445555,13334,28,14,white,7,8259,12
445555,14555,28,20,white,9,73722,97
445555,14666,28,23,black,10,164243,233
445555,15556,28,22,black,10,97149,173
445555,22366,28,19,black,12,354905,830
445555,22446,28,18,white,11,134871,281
445555,22456,28,19,white,13,516850,1091
445555,24555,28,21,white,9,73722,126
445555,25556,28,23,black,10,97149,246
445555,25666,28,25,black,10,84775,130
445555,33445,28,19,white,7,20366,29
445555,33555,28,21,white,9,50311,90
445555,45556,28,25,black,10,77654,188
45555,11122,24,7,white,7,5418,3
45555,11135,24,11,white,7,12721,8
45555,11234,24,11,white,7,12176,47
45555,11245,24,13,white,7,20275,25
45555,11334,24,12,white,7,8387,5
45555,11555,24,17,white,9,29556,60
45555,12226,24,13,white,11,70047,122
45555,12246,24,15,white,11,142847,238
45555,12256,24,16,white,11,150093,310
45555,12444,24,15,white,7,7519,6
45555,12556,24,19,black,12,251969,397
45555,13334,24,14,white,7,7521,5
45555,14555,24,20,white,9,44927,40
45555,14666,24,23,black,10,113674,99
45555,15556,24,22,black,10,61356,57
45555,22366,24,19,black,12,251871,510
45555,22446,24,18,white,11,97011,258
45555,22456,24,19,white,15,433926,999
45555,24555,24,21,white,9,44927,122
45555,25556,24,23,black,10,61356,73
45555,25666,24,25,black,10,54406,65
45555,33445,24,19,white,7,14305,11
45555,33555,24,21,white,9,29556,81
45555,45556,24,25,black,10,52642,117
455555,11122,29,7,white,7,5418,3
455555,11135,29,11,white,7,12721,16
455555,11234,29,11,white,7,12176,7
455555,11245,29,13,white,7,20275,57
455555,11334,29,12,white,7,8387,5
455555,11555,29,17,white,9,29567,52
455555,12226,29,13,white,11,70065,78
455555,12246,29,15,white,11,142805,234
455555,12256,29,16,white,11,150037,377
455555,12444,29,15,white,7,7519,5
455555,12556,29,19,black,12,246513,245
455555,13334,29,14,white,7,7521,11
455555,14555,29,20,white,9,44945,36
455555,14666,29,23,black,10,113839,118
455555,15556,29,22,black,10,61432,85
455555,22366,29,19,black,12,249795,283
455555,22446,29,18,white,11,97015,160
455555,22456,29,19,white,11,171606,365
455555,24555,29,21,white,9,44945,53
455555,25556,29,23,black,10,61432,106
455555,25666,29,25,black,10,54475,138
455555,33445,29,19,white,7,14305,10
455555,33555,29,21,white,9,29567,54
455555,45556,29,25,black,10,52718,122
455556,11122,30,7,white,7,9621,11
455556,11135,30,11,white,7,18702,53
455556,11234,30,11,white,7,16681,12
455556,11245,30,13,white,7,27059,23
455556,11334,30,12,white,7,12738,10
455556,11555,30,17,white,7,15379,9
455556,12226,30,13,white,7,36442,22
455556,12246,30,15,white,7,50553,50
455556,12256,30,16,white,7,46458,89
455556,12444,30,15,white,7,12078,33
455556,12556,30,19,white,9,182330,355
455556,13334,30,14,white,7,12084,61
455556,14555,30,20,white,7,19560,12
455556,14666,30,23,white,9,149750,478
455556,15556,30,22,white,11,188460,198
455556,22366,30,19,white,7,38025,58
455556,22446,30,18,white,7,37917,51
455556,22456,30,19,white,7,47412,40
455556,24555,30,21,white,7,19560,14
455556,25556,30,23,white,11,188460,395
455556,25666,30,25,black,10,263563,592
455556,33445,30,19,white,7,19985,33
455556,33555,30,21,white,7,15379,36
455556,45556,30,25,white,11,178089,312
