white,black,pieza,casilla,respuestas,ganan,tablas,pierden,plies,gana1,gana2,sindef
12335,24456,2,esquina,32,2,0,30,8,39.4,60.6,0.0
12335,24456,1,esquina,32,2,0,30,8,37.8,62.2,0.0
12335,24456,3,esquina,32,2,0,30,8,34.8,65.2,0.0
12335,24456,5,centro,32,16,0,16,10,34.4,65.4,0.2
12335,24456,2,centro,32,8,0,24,10,30.2,69.8,0.0
12335,24456,5,esquina,32,3,0,29,8,29.2,70.8,0.0
12335,24456,3,centro,32,8,0,24,10,26.4,73.6,0.0
12335,24456,5,lado,32,20,1,11,8,26.2,73.6,0.2
12335,24456,1,centro,32,8,0,24,10,21.4,78.6,0.0
12335,24456,1,lado,32,17,0,15,8,19.0,81.0,0.0
12335,24456,2,lado,32,17,0,15,8,18.8,81.2,0.0
12335,24456,3,lado,32,16,0,16,8,18.4,81.6,0.0
12335,24466,3,esquina,24,1,0,23,8,41.2,58.8,0.0
12335,24466,2,esquina,24,1,0,23,8,41.2,58.8,0.0
12335,24466,1,esquina,24,1,0,23,8,37.2,62.8,0.0
12335,24466,5,esquina,24,2,0,22,8,34.4,65.4,0.2
12335,24466,5,centro,24,12,0,12,10,33.2,66.8,0.0
12335,24466,5,lado,24,14,1,9,8,31.0,69.0,0.0
12335,24466,3,centro,24,4,0,20,10,30.2,69.8,0.0
12335,24466,2,centro,24,4,0,20,10,29.6,70.4,0.0
12335,24466,3,lado,24,12,0,12,8,22.4,77.6,0.0
12335,24466,1,lado,24,13,0,11,8,20.6,79.2,0.2
12335,24466,1,centro,24,4,0,20,10,20.4,79.6,0.0
12335,24466,2,lado,24,13,0,11,8,18.4,81.4,0.2
12335,24556,2,esquina,32,2,0,30,8,37.2,62.8,0.0
12335,24556,1,esquina,32,2,0,30,8,35.2,64.8,0.0
12335,24556,3,esquina,32,2,0,30,8,29.6,70.4,0.0
12335,24556,5,centro,32,16,0,16,10,28.8,71.2,0.0
12335,24556,5,esquina,32,3,0,29,8,27.4,72.6,0.0
12335,24556,2,centro,32,16,0,16,10,25.6,74.4,0.0
12335,24556,3,centro,32,16,0,16,10,21.8,78.2,0.0
12335,24556,5,lado,32,20,1,11,8,20.2,79.8,0.0
12335,24556,1,centro,32,16,0,16,10,17.8,82.2,0.0
12335,24556,3,lado,32,17,0,15,8,17.2,82.8,0.0
12335,24556,1,lado,32,17,0,15,8,15.6,84.4,0.0
12335,24556,2,lado,32,17,0,15,8,15.4,84.4,0.2
12335,24566,2,esquina,32,2,0,30,8,34.8,65.2,0.0
12335,24566,1,esquina,32,2,0,30,8,32.8,67.2,0.0
12335,24566,5,centro,32,16,0,16,10,28.4,71.4,0.2
12335,24566,3,esquina,32,2,0,30,8,27.6,72.4,0.0
12335,24566,5,esquina,32,3,0,29,8,26.8,73.2,0.0
12335,24566,2,centro,32,16,0,16,10,25.2,74.8,0.0
12335,24566,3,centro,32,16,0,16,10,21.2,78.8,0.0
12335,24566,5,lado,32,20,1,11,8,18.4,81.6,0.0
12335,24566,1,centro,32,16,0,16,10,17.2,82.8,0.0
12335,24566,3,lado,32,17,0,15,8,16.0,84.0,0.0
12335,24566,2,lado,32,17,0,15,8,13.8,86.0,0.2
12335,24566,1,lado,32,17,0,15,8,13.8,86.2,0.0
12335,44556,3,esquina,24,2,0,22,8,29.4,70.6,0.0
12335,44556,2,esquina,24,2,0,22,8,27.6,72.4,0.0
12335,44556,1,esquina,24,2,0,22,8,27.6,72.4,0.0
12335,44556,5,esquina,24,3,0,21,8,21.6,78.4,0.0
12335,44556,5,centro,24,16,0,8,10,13.4,86.6,0.0
12335,44556,5,lado,24,18,0,6,8,12.6,87.4,0.0
12335,44556,3,lado,24,14,0,10,8,12.4,87.6,0.0
12335,44556,2,lado,24,14,0,10,8,12.4,87.6,0.0
12335,44556,1,lado,24,14,0,10,8,12.4,87.6,0.0
12335,44556,3,centro,24,16,0,8,10,7.8,92.2,0.0
12335,44556,2,centro,24,16,0,8,10,7.2,92.8,0.0
12335,44556,1,centro,24,16,0,8,10,7.2,92.8,0.0
12335,44566,3,esquina,24,2,0,22,8,28.2,71.8,0.0
12335,44566,2,esquina,24,2,0,22,8,27.0,73.0,0.0
12335,44566,1,esquina,24,2,0,22,8,27.0,73.0,0.0
12335,44566,5,esquina,24,3,0,21,8,21.6,78.4,0.0
12335,44566,5,lado,24,18,0,6,8,12.8,87.2,0.0
12335,44566,5,centro,24,16,0,8,10,12.4,87.6,0.0
12335,44566,2,lado,24,14,0,10,8,11.6,88.4,0.0
12335,44566,1,lado,24,14,0,10,8,11.6,88.4,0.0
12335,44566,3,lado,24,14,0,10,8,11.2,88.8,0.0
12335,44566,3,centro,24,16,0,8,10,7.6,92.4,0.0
12335,44566,2,centro,24,16,0,8,10,6.0,94.0,0.0
12335,44566,1,centro,24,16,0,8,10,6.0,94.0,0.0
12335,45566,3,esquina,24,2,0,22,8,26.8,73.2,0.0
12335,45566,1,esquina,24,2,0,22,8,23.8,76.2,0.0
12335,45566,2,esquina,24,2,0,22,8,23.8,76.2,0.0
12335,45566,5,esquina,24,3,0,21,8,21.6,78.4,0.0
12335,45566,5,centro,24,16,0,8,10,12.6,87.4,0.0
12335,45566,5,lado,24,18,0,6,8,9.4,90.6,0.0
12335,45566,3,lado,24,14,0,10,8,9.2,90.8,0.0
12335,45566,1,lado,24,14,0,10,8,8.8,91.2,0.0
12335,45566,2,lado,24,14,0,10,8,8.8,91.2,0.0
12335,45566,3,centro,24,16,0,8,10,6.2,93.8,0.0
12335,45566,1,centro,24,16,0,8,10,5.4,94.6,0.0
12335,45566,2,centro,24,16,0,8,10,5.4,94.6,0.0
12345,23446,4,centro,32,4,0,28,12,56.8,43.2,0.0
12345,23446,5,lado,32,1,1,30,10,55.8,44.0,0.2
12345,23446,3,esquina,32,1,0,31,10,55.2,44.4,0.4
12345,23446,2,esquina,32,1,0,31,10,54.8,45.2,0.0
12345,23446,5,centro,32,8,0,24,10,54.4,45.6,0.0
12345,23446,1,esquina,32,1,0,31,10,53.4,46.6,0.0
12345,23446,4,esquina,32,1,0,31,10,53.2,46.6,0.2
12345,23446,3,centro,32,4,0,28,12,49.2,50.8,0.0
12345,23446,5,esquina,32,2,0,30,10,45.2,54.4,0.4
12345,23446,2,centro,32,4,0,28,12,45.0,54.4,0.6
12345,23446,4,lado,32,4,4,24,10,40.8,58.2,1.0
12345,23446,3,lado,32,8,0,24,10,39.6,60.2,0.2
12345,23446,1,centro,32,4,0,28,12,39.2,60.4,0.4
12345,23446,2,lado,32,11,0,21,10,36.4,63.0,0.6
12345,23446,1,lado,32,11,0,21,10,35.4,64.0,0.6
12345,23456,3,esquina,40,2,0,38,8,45.0,55.0,0.0
12345,23456,2,esquina,40,2,0,38,8,44.2,55.8,0.0
12345,23456,4,esquina,40,2,0,38,8,43.6,56.4,0.0
12345,23456,1,esquina,40,2,0,38,8,43.2,56.8,0.0
12345,23456,5,centro,40,12,0,28,10,42.6,57.4,0.0
12345,23456,5,esquina,40,3,0,37,8,40.6,59.4,0.0
12345,23456,4,centro,40,8,0,32,10,35.8,64.2,0.0
12345,23456,3,centro,40,8,0,32,10,34.0,66.0,0.0
12345,23456,2,centro,40,8,0,32,10,32.2,67.8,0.0
12345,23456,5,lado,40,18,1,21,8,31.6,68.2,0.2
12345,23456,3,lado,40,18,0,22,8,27.8,72.0,0.2
12345,23456,1,lado,40,19,0,21,8,27.0,73.0,0.0
12345,23456,1,centro,40,8,0,32,10,26.6,73.4,0.0
12345,23456,2,lado,40,19,0,21,8,26.4,73.6,0.0
12345,23456,4,lado,40,15,0,25,8,26.0,73.8,0.2
12345,23466,2,esquina,32,1,0,31,8,44.0,55.8,0.2
12345,23466,5,centro,32,12,0,20,10,43.4,56.6,0.0
12345,23466,1,esquina,32,1,0,31,8,43.0,56.8,0.2
12345,23466,4,centro,32,4,0,28,10,42.0,58.0,0.0
12345,23466,3,esquina,32,1,0,31,8,41.4,58.4,0.2
12345,23466,4,esquina,32,1,0,31,8,40.0,59.8,0.2
12345,23466,5,esquina,32,2,0,30,8,36.4,63.2,0.4
12345,23466,3,centro,32,4,0,28,10,36.4,63.6,0.0
12345,23466,5,lado,32,14,1,17,8,34.4,65.4,0.2
12345,23466,2,centro,32,4,0,28,10,31.8,68.2,0.0
12345,23466,4,lado,32,13,0,19,8,28.8,70.8,0.4
12345,23466,3,lado,32,14,0,18,8,25.4,74.4,0.2
12345,23466,1,centro,32,4,0,28,10,25.0,75.0,0.0
12345,23466,2,lado,32,15,0,17,8,23.2,76.6,0.2
12345,23466,1,lado,32,15,0,17,8,23.2,76.6,0.2
12345,23556,5,centro,32,8,0,24,10,36.8,63.2,0.0
12345,23556,2,esquina,32,2,0,30,8,36.0,64.0,0.0
12345,23556,1,esquina,32,2,0,30,8,35.2,64.8,0.0
12345,23556,3,esquina,32,2,0,30,8,34.8,65.2,0.0
12345,23556,3,centro,32,16,0,16,10,34.2,65.8,0.0
12345,23556,4,esquina,32,2,0,30,8,32.4,67.6,0.0
12345,23556,4,centro,32,16,0,16,10,31.2,68.8,0.0
12345,23556,5,esquina,32,2,0,30,8,30.8,69.2,0.0
12345,23556,2,centro,32,16,0,16,10,29.2,70.8,0.0
12345,23556,4,lado,32,13,1,18,8,23.4,76.6,0.0
12345,23556,5,lado,32,17,1,14,8,22.0,78.0,0.0
12345,23556,1,centro,32,16,0,16,10,21.2,78.8,0.0
12345,23556,3,lado,32,15,1,16,8,20.0,80.0,0.0
12345,23556,1,lado,32,16,0,16,8,19.2,80.8,0.0
12345,23556,2,lado,32,16,0,16,8,17.4,82.6,0.0
12345,23566,5,centro,32,12,0,20,10,35.0,65.0,0.0
12345,23566,2,esquina,32,2,0,30,8,34.2,65.8,0.0
12345,23566,1,esquina,32,2,0,30,8,32.6,67.4,0.0
12345,23566,3,esquina,32,2,0,30,8,32.4,67.6,0.0
12345,23566,3,centro,32,16,0,16,10,32.2,67.8,0.0
12345,23566,5,esquina,32,2,0,30,8,30.6,69.4,0.0
12345,23566,4,esquina,32,2,0,30,8,30.6,69.4,0.0
12345,23566,4,centro,32,16,0,16,10,29.8,70.2,0.0
12345,23566,2,centro,32,16,0,16,10,27.6,72.4,0.0
12345,23566,4,lado,32,15,1,16,8,21.0,79.0,0.0
12345,23566,5,lado,32,17,1,14,8,20.6,79.4,0.0
12345,23566,1,centro,32,16,0,16,10,20.2,79.8,0.0
12345,23566,1,lado,32,16,0,16,8,17.6,82.4,0.0
12345,23566,3,lado,32,15,1,16,8,16.8,83.2,0.0
12345,23566,2,lado,32,16,0,16,8,15.6,84.4,0.0
12345,24456,5,centro,32,16,0,16,10,41.6,58.4,0.0
12345,24456,2,esquina,32,2,0,30,8,37.6,62.4,0.0
12345,24456,1,esquina,32,2,0,30,8,37.2,62.8,0.0
12345,24456,4,esquina,32,2,0,30,8,36.2,63.8,0.0
12345,24456,3,esquina,32,2,0,30,8,35.8,64.2,0.0
12345,24456,4,centro,32,8,0,24,10,34.4,65.6,0.0
12345,24456,5,esquina,32,3,0,29,8,29.6,70.4,0.0
12345,24456,2,centro,32,8,0,24,10,29.2,70.8,0.0
12345,24456,5,lado,32,16,1,15,8,27.0,73.0,0.0
12345,24456,3,centro,32,8,0,24,10,26.6,73.4,0.0
12345,24456,3,lado,32,15,0,17,8,21.0,79.0,0.0
12345,24456,1,centro,32,8,0,24,10,21.0,79.0,0.0
12345,24456,1,lado,32,16,0,16,8,20.2,79.8,0.0
12345,24456,4,lado,32,16,0,16,8,18.6,81.4,0.0
12345,24456,2,lado,32,16,0,16,8,17.4,82.6,0.0
12345,24466,2,esquina,24,1,0,23,8,44.4,55.6,0.0
12345,24466,4,esquina,24,1,0,23,8,42.6,57.4,0.0
12345,24466,3,esquina,24,1,0,23,8,42.4,57.6,0.0
12345,24466,1,esquina,24,1,0,23,8,41.8,58.2,0.0
12345,24466,5,esquina,24,2,0,22,8,38.8,61.2,0.0
12345,24466,4,centro,24,4,0,20,10,36.2,63.8,0.0
12345,24466,5,centro,24,12,0,12,10,34.0,66.0,0.0
12345,24466,2,centro,24,4,0,20,10,32.0,68.0,0.0
12345,24466,5,lado,24,12,1,11,8,31.4,68.6,0.0
12345,24466,3,centro,24,4,0,20,10,29.4,70.6,0.0
12345,24466,3,lado,24,11,0,13,8,25.8,74.2,0.0
12345,24466,1,lado,24,12,0,12,8,23.8,76.2,0.0
12345,24466,4,lado,24,12,0,12,8,23.2,76.6,0.2
12345,24466,2,lado,24,12,0,12,8,22.2,77.8,0.0
12345,24466,1,centro,24,4,0,20,10,22.0,78.0,0.0
12345,24556,5,centro,32,16,0,16,10,32.6,67.4,0.0
12345,24556,2,esquina,32,2,0,30,8,32.0,68.0,0.0
12345,24556,1,esquina,32,2,0,30,8,31.2,68.8,0.0
12345,24556,4,esquina,32,2,0,30,8,31.0,69.0,0.0
12345,24556,4,centro,32,16,0,16,10,30.6,69.4,0.0
12345,24556,3,esquina,32,2,0,30,8,30.0,70.0,0.0
12345,24556,5,esquina,32,3,0,29,8,25.4,74.6,0.0
12345,24556,2,centro,32,16,0,16,10,24.6,75.4,0.0
12345,24556,3,centro,32,16,0,16,10,21.8,78.2,0.0
12345,24556,5,lado,32,18,1,13,8,21.4,78.6,0.0
12345,24556,3,lado,32,16,0,16,8,18.2,81.8,0.0
12345,24556,1,lado,32,16,0,16,8,17.8,82.2,0.0
12345,24556,1,centro,32,16,0,16,10,17.6,82.4,0.0
12345,24556,4,lado,32,17,0,15,8,17.4,82.6,0.0
12345,24556,2,lado,32,16,0,16,8,16.4,83.6,0.0
12345,24566,5,centro,32,16,0,16,10,31.2,68.8,0.0
12345,24566,2,esquina,32,2,0,30,8,30.4,69.6,0.0
12345,24566,1,esquina,32,2,0,30,8,29.4,70.6,0.0
12345,24566,4,centro,32,16,0,16,10,29.2,70.8,0.0
12345,24566,4,esquina,32,2,0,30,8,29.0,71.0,0.0
12345,24566,3,esquina,32,2,0,30,8,28.4,71.6,0.0
12345,24566,5,esquina,32,3,0,29,8,25.0,75.0,0.0
12345,24566,2,centro,32,16,0,16,10,24.0,76.0,0.0
12345,24566,5,lado,32,18,1,13,8,22.0,78.0,0.0
12345,24566,3,centro,32,16,0,16,10,21.4,78.6,0.0
12345,24566,4,lado,32,17,0,15,8,16.4,83.6,0.0
12345,24566,1,centro,32,16,0,16,10,16.4,83.6,0.0
12345,24566,3,lado,32,16,0,16,8,16.2,83.8,0.0
12345,24566,1,lado,32,16,0,16,8,15.4,84.6,0.0
12345,24566,2,lado,32,16,0,16,8,14.0,86.0,0.0
12345,25566,2,esquina,24,2,0,22,8,33.0,67.0,0.0
12345,25566,4,esquina,24,2,0,22,8,31.8,68.2,0.0
12345,25566,3,esquina,24,2,0,22,8,31.8,68.2,0.0
12345,25566,5,esquina,24,2,0,22,8,30.8,69.2,0.0
12345,25566,1,esquina,24,2,0,22,8,30.6,69.4,0.0
12345,25566,2,centro,24,16,0,8,10,25.4,74.6,0.0
12345,25566,5,centro,24,12,0,12,10,25.2,74.8,0.0
12345,25566,4,centro,24,16,0,8,10,21.0,79.0,0.0
12345,25566,3,centro,24,16,0,8,10,21.0,79.0,0.0
12345,25566,1,centro,24,16,0,8,10,14.6,85.4,0.0
12345,25566,1,lado,24,13,0,11,8,14.2,85.8,0.0
12345,25566,4,lado,24,13,0,11,8,13.4,86.6,0.0
12345,25566,3,lado,24,13,0,11,8,13.4,86.6,0.0
12345,25566,5,lado,24,15,0,9,8,12.8,87.2,0.0
12345,25566,2,lado,24,13,0,11,8,12.6,87.4,0.0
12345,34456,5,centro,32,16,0,16,10,38.4,61.6,0.0
12345,34456,3,esquina,32,2,0,30,8,34.4,65.6,0.0
12345,34456,2,esquina,32,2,0,30,8,33.4,66.6,0.0
12345,34456,1,esquina,32,2,0,30,8,33.4,66.6,0.0
12345,34456,4,centro,32,8,0,24,10,32.6,67.4,0.0
12345,34456,4,esquina,32,2,0,30,8,32.6,67.4,0.0
12345,34456,5,esquina,32,3,0,29,8,28.4,71.6,0.0
12345,34456,3,centro,32,8,0,24,10,26.6,73.4,0.0
12345,34456,5,lado,32,17,0,15,8,25.2,74.8,0.0
12345,34456,2,lado,32,16,0,16,8,17.6,82.4,0.0
12345,34456,1,lado,32,16,0,16,8,17.6,82.4,0.0
12345,34456,2,centro,32,8,0,24,10,17.2,82.8,0.0
12345,34456,1,centro,32,8,0,24,10,17.2,82.8,0.0
12345,34456,4,lado,32,16,0,16,8,16.6,83.4,0.0
12345,34456,3,lado,32,16,0,16,8,15.4,84.6,0.0
12345,34466,3,esquina,24,1,0,23,8,43.0,57.0,0.0
12345,34466,4,esquina,24,1,0,23,8,41.0,59.0,0.0
12345,34466,1,esquina,24,1,0,23,8,40.6,59.4,0.0
12345,34466,2,esquina,24,1,0,23,8,40.6,59.4,0.0
12345,34466,5,esquina,24,2,0,22,8,36.0,64.0,0.0
12345,34466,4,centro,24,4,0,20,10,32.6,67.4,0.0
12345,34466,5,centro,24,12,0,12,10,30.4,69.6,0.0
12345,34466,5,lado,24,13,0,11,8,29.2,70.8,0.0
12345,34466,3,centro,24,4,0,20,10,28.8,71.2,0.0
12345,34466,4,lado,24,12,0,12,8,22.2,77.6,0.2
12345,34466,2,lado,24,12,0,12,8,21.8,78.2,0.0
12345,34466,1,lado,24,12,0,12,8,21.8,78.2,0.0
12345,34466,3,lado,24,12,0,12,8,21.2,78.8,0.0
12345,34466,2,centro,24,4,0,20,10,19.2,80.8,0.0
12345,34466,1,centro,24,4,0,20,10,19.2,80.8,0.0
12345,34556,5,centro,32,16,0,16,10,31.0,69.0,0.0
12345,34556,4,centro,32,16,0,16,10,29.0,71.0,0.0
12345,34556,3,esquina,32,2,0,30,8,28.6,71.4,0.0
12345,34556,4,esquina,32,2,0,30,8,28.2,71.8,0.0
12345,34556,2,esquina,32,2,0,30,8,27.4,72.6,0.0
12345,34556,1,esquina,32,2,0,30,8,27.4,72.6,0.0
12345,34556,5,esquina,32,3,0,29,8,23.8,76.2,0.0
12345,34556,3,centro,32,16,0,16,10,22.4,77.6,0.0
12345,34556,5,lado,32,19,0,13,8,19.4,80.6,0.0
12345,34556,4,lado,32,17,0,15,8,15.4,84.6,0.0
12345,34556,2,lado,32,16,0,16,8,15.2,84.8,0.0
12345,34556,1,lado,32,16,0,16,8,15.2,84.8,0.0
12345,34556,3,lado,32,16,0,16,8,14.6,85.4,0.0
12345,34556,2,centro,32,16,0,16,10,13.8,86.2,0.0
12345,34556,1,centro,32,16,0,16,10,13.8,86.2,0.0
12345,34566,5,centro,32,16,0,16,10,29.4,70.6,0.0
12345,34566,3,esquina,32,2,0,30,8,27.6,72.4,0.0
12345,34566,4,centro,32,16,0,16,10,27.2,72.8,0.0
12345,34566,4,esquina,32,2,0,30,8,27.0,73.0,0.0
12345,34566,1,esquina,32,2,0,30,8,26.0,74.0,0.0
12345,34566,2,esquina,32,2,0,30,8,26.0,74.0,0.0
12345,34566,5,esquina,32,3,0,29,8,23.4,76.6,0.0
12345,34566,3,centro,32,16,0,16,10,21.6,78.4,0.0
12345,34566,5,lado,32,19,0,13,8,20.4,79.6,0.0
12345,34566,4,lado,32,17,0,15,8,14.6,85.4,0.0
12345,34566,1,lado,32,16,0,16,8,13.8,86.2,0.0
12345,34566,2,lado,32,16,0,16,8,13.8,86.2,0.0
12345,34566,1,centro,32,16,0,16,10,12.8,87.2,0.0
12345,34566,2,centro,32,16,0,16,10,12.8,87.2,0.0
12345,34566,3,lado,32,16,0,16,8,12.4,87.6,0.0
12345,35566,3,esquina,24,2,0,22,8,31.8,68.2,0.0
12345,35566,4,esquina,24,2,0,22,8,29.8,70.2,0.0
12345,35566,2,esquina,24,2,0,22,8,29.6,70.4,0.0
12345,35566,1,esquina,24,2,0,22,8,29.6,70.4,0.0
12345,35566,5,esquina,24,2,0,22,8,28.4,71.6,0.0
12345,35566,3,centro,24,16,0,8,10,21.0,79.0,0.0
12345,35566,5,centro,24,12,0,12,10,20.4,79.6,0.0
12345,35566,4,centro,24,16,0,8,10,16.8,83.2,0.0
12345,35566,4,lado,24,13,0,11,8,13.2,86.8,0.0
12345,35566,5,lado,24,15,0,9,8,12.8,87.2,0.0
12345,35566,2,lado,24,13,0,11,8,11.4,88.6,0.0
12345,35566,1,lado,24,13,0,11,8,11.4,88.6,0.0
12345,35566,3,lado,24,13,0,11,8,10.8,89.2,0.0
12345,35566,2,centro,24,16,0,8,10,10.6,89.4,0.0
12345,35566,1,centro,24,16,0,8,10,10.6,89.4,0.0
12345,44556,4,esquina,24,2,0,22,8,31.2,68.8,0.0
12345,44556,3,esquina,24,2,0,22,8,29.6,70.4,0.0
12345,44556,2,esquina,24,2,0,22,8,29.6,70.4,0.0
12345,44556,1,esquina,24,2,0,22,8,29.6,70.4,0.0
12345,44556,5,esquina,24,3,0,21,8,23.6,76.4,0.0
12345,44556,4,centro,24,16,0,8,10,17.0,83.0,0.0
12345,44556,5,centro,24,16,0,8,10,15.6,84.4,0.0
12345,44556,3,lado,24,13,0,11,8,14.4,85.6,0.0
12345,44556,2,lado,24,13,0,11,8,14.4,85.6,0.0
12345,44556,1,lado,24,13,0,11,8,14.4,85.6,0.0
12345,44556,5,lado,24,16,0,8,8,14.0,86.0,0.0
12345,44556,4,lado,24,14,0,10,8,12.8,87.2,0.0
12345,44556,3,centro,24,16,0,8,10,7.6,92.4,0.0
12345,44556,2,centro,24,16,0,8,10,7.6,92.4,0.0
12345,44556,1,centro,24,16,0,8,10,7.6,92.4,0.0
12345,44566,4,esquina,24,2,0,22,8,30.0,69.8,0.2
12345,44566,2,esquina,24,2,0,22,8,28.4,71.6,0.0
12345,44566,1,esquina,24,2,0,22,8,28.4,71.6,0.0
12345,44566,3,esquina,24,2,0,22,8,28.4,71.6,0.0
12345,44566,5,esquina,24,3,0,21,8,23.0,77.0,0.0
12345,44566,4,centro,24,16,0,8,10,17.2,82.8,0.0
12345,44566,5,centro,24,16,0,8,10,14.8,85.2,0.0
12345,44566,5,lado,24,16,0,8,8,14.2,85.8,0.0
12345,44566,2,lado,24,13,0,11,8,12.6,87.4,0.0
12345,44566,1,lado,24,13,0,11,8,12.6,87.4,0.0
12345,44566,3,lado,24,13,0,11,8,12.6,87.4,0.0
12345,44566,4,lado,24,14,0,10,8,11.0,89.0,0.0
12345,44566,2,centro,24,16,0,8,10,7.2,92.8,0.0
12345,44566,1,centro,24,16,0,8,10,7.2,92.8,0.0
12345,44566,3,centro,24,16,0,8,10,7.2,92.8,0.0
12345,45566,4,esquina,24,2,0,22,8,29.0,71.0,0.0
12345,45566,3,esquina,24,2,0,22,8,27.2,72.8,0.0
12345,45566,2,esquina,24,2,0,22,8,27.2,72.8,0.0
12345,45566,1,esquina,24,2,0,22,8,27.2,72.8,0.0
12345,45566,5,esquina,24,3,0,21,8,23.0,77.0,0.0
12345,45566,4,centro,24,16,0,8,10,15.8,84.2,0.0
12345,45566,5,centro,24,16,0,8,10,14.2,85.8,0.0
12345,45566,5,lado,24,16,0,8,8,11.2,88.8,0.0
12345,45566,2,lado,24,13,0,11,8,10.6,89.4,0.0
12345,45566,1,lado,24,13,0,11,8,10.6,89.4,0.0
12345,45566,3,lado,24,13,0,11,8,10.6,89.4,0.0
12345,45566,4,lado,24,14,0,10,8,8.4,91.6,0.0
12345,45566,2,centro,24,16,0,8,10,6.4,93.6,0.0
12345,45566,1,centro,24,16,0,8,10,6.4,93.6,0.0
12345,45566,3,centro,24,16,0,8,10,6.4,93.6,0.0
12355,23446,5,lado,32,0,0,32,0,64.4,34.4,1.2
12355,23446,3,centro,32,0,0,32,0,62.0,37.6,0.4
12355,23446,5,centro,32,4,0,28,12,60.4,39.4,0.2
12355,23446,5,esquina,32,0,0,32,0,58.4,40.2,1.4
12355,23446,2,esquina,32,1,0,31,10,57.8,42.2,0.0
12355,23446,2,centro,32,0,0,32,0,56.8,42.6,0.6
12355,23446,3,esquina,32,1,0,31,10,54.8,45.0,0.2
12355,23446,1,esquina,32,1,0,31,10,54.6,45.2,0.2
12355,23446,1,centro,32,0,0,32,0,50.2,49.2,0.6
12355,23446,3,lado,32,7,1,24,10,39.6,59.6,0.8
12355,23446,1,lado,32,9,2,21,10,32.2,67.2,0.6
12355,23446,2,lado,32,9,2,21,10,31.2,68.0,0.8
12355,23456,5,centro,40,4,0,36,10,50.4,49.4,0.2
12355,23456,5,esquina,40,2,0,38,10,50.0,49.6,0.4
12355,23456,2,esquina,40,2,0,38,8,43.6,56.2,0.2
12355,23456,3,esquina,40,2,0,38,8,43.4,56.6,0.0
12355,23456,1,esquina,40,2,0,38,8,42.4,57.4,0.2
12355,23456,5,lado,40,8,0,32,10,38.0,61.6,0.4
12355,23456,3,centro,40,8,0,32,12,38.0,61.8,0.2
12355,23456,2,centro,40,8,0,32,12,32.4,67.4,0.2
12355,23456,1,centro,40,8,0,32,12,28.4,70.8,0.8
12355,23456,3,lado,40,15,0,25,8,27.0,72.6,0.4
12355,23456,1,lado,40,16,0,24,8,26.2,73.8,0.0
12355,23456,2,lado,40,16,0,24,8,25.6,74.4,0.0
12355,23466,5,centro,32,4,0,28,10,44.8,55.2,0.0
12355,23466,2,esquina,32,1,0,31,8,44.0,56.0,0.0
12355,23466,1,esquina,32,1,0,31,8,43.0,56.6,0.4
12355,23466,5,esquina,32,1,0,31,10,41.2,58.4,0.4
12355,23466,3,esquina,32,1,0,31,8,41.2,58.6,0.2
12355,23466,3,centro,32,4,0,28,12,40.8,59.2,0.0
12355,23466,5,lado,32,9,2,21,10,38.8,60.6,0.6
12355,23466,2,centro,32,4,0,28,12,38.0,61.2,0.8
12355,23466,1,centro,32,4,0,28,12,30.6,69.2,0.2
12355,23466,3,lado,32,14,0,18,8,26.6,72.6,0.8
12355,23466,1,lado,32,15,0,17,8,23.2,76.0,0.8
12355,23466,2,lado,32,15,0,17,8,22.0,77.4,0.6
12355,24456,5,centro,32,4,0,28,10,50.4,49.4,0.2
12355,24456,5,esquina,32,2,0,30,10,43.6,56.2,0.2
12355,24456,2,esquina,32,2,0,30,8,42.4,57.6,0.0
12355,24456,1,esquina,32,2,0,30,8,41.2,58.8,0.0
12355,24456,3,esquina,32,2,0,30,8,39.6,60.0,0.4
12355,24456,2,centro,32,8,0,24,12,37.2,62.6,0.2
12355,24456,5,lado,32,6,0,26,10,35.0,64.2,0.8
12355,24456,3,centro,32,8,0,24,12,33.8,66.0,0.2
12355,24456,3,lado,32,12,0,20,8,29.4,70.0,0.6
12355,24456,1,centro,32,8,0,24,12,28.4,71.4,0.2
12355,24456,1,lado,32,13,0,19,8,23.4,76.4,0.2
12355,24456,2,lado,32,13,0,19,8,22.2,77.4,0.4
12355,24466,5,esquina,24,1,0,23,10,47.2,52.8,0.0
12355,24466,2,esquina,24,1,0,23,8,44.8,55.2,0.0
12355,24466,3,esquina,24,1,0,23,8,43.2,56.6,0.2
12355,24466,1,esquina,24,1,0,23,8,42.0,58.0,0.0
12355,24466,5,centro,24,4,0,20,10,39.0,61.0,0.0
12355,24466,5,lado,24,7,2,15,10,35.4,63.8,0.8
12355,24466,2,centro,24,4,0,20,12,33.8,66.0,0.2
12355,24466,3,centro,24,4,0,20,12,30.6,69.2,0.2
12355,24466,3,lado,24,11,0,13,8,26.2,73.2,0.6
12355,24466,1,centro,24,4,0,20,12,25.6,74.0,0.4
12355,24466,1,lado,24,12,0,12,8,22.6,77.0,0.4
12355,24466,2,lado,24,12,0,12,8,20.8,79.0,0.2
12355,24556,5,centro,32,8,0,24,10,41.6,58.2,0.2
12355,24556,2,esquina,32,2,0,30,8,38.0,62.0,0.0
12355,24556,3,esquina,32,2,0,30,8,36.2,63.8,0.0
12355,24556,1,esquina,32,2,0,30,8,36.2,63.8,0.0
12355,24556,5,esquina,32,2,0,30,8,34.6,65.4,0.0
12355,24556,2,centro,32,16,0,16,10,28.8,71.2,0.0
12355,24556,3,centro,32,16,0,16,10,27.0,73.0,0.0
12355,24556,5,lado,32,14,1,17,8,25.4,74.2,0.4
12355,24556,3,lado,32,13,3,16,8,21.8,78.0,0.2
12355,24556,1,centro,32,16,0,16,10,20.8,79.2,0.0
12355,24556,1,lado,32,14,2,16,8,20.8,79.2,0.0
12355,24556,2,lado,32,14,2,16,8,20.0,80.0,0.0
12355,24566,5,centro,32,12,0,20,10,37.0,63.0,0.0
12355,24566,2,esquina,32,2,0,30,8,35.2,64.8,0.0
12355,24566,1,esquina,32,2,0,30,8,33.6,66.4,0.0
12355,24566,3,esquina,32,2,0,30,8,33.6,66.4,0.0
12355,24566,5,esquina,32,2,0,30,8,31.8,68.2,0.0
12355,24566,2,centro,32,16,0,16,10,28.4,71.6,0.0
12355,24566,3,centro,32,16,0,16,10,25.8,74.2,0.0
12355,24566,5,lado,32,16,1,15,8,21.2,78.8,0.0
12355,24566,1,centro,32,16,0,16,10,20.8,79.2,0.0
12355,24566,3,lado,32,15,1,16,8,18.6,81.4,0.0
12355,24566,1,lado,32,16,0,16,8,16.6,83.4,0.0
12355,24566,2,lado,32,16,0,16,8,15.8,84.2,0.0
12355,34456,5,centro,32,4,0,28,10,49.2,50.8,0.0
12355,34456,3,esquina,32,2,0,30,8,38.6,61.4,0.0
12355,34456,5,esquina,32,2,0,30,10,38.2,61.8,0.0
12355,34456,2,esquina,32,2,0,30,8,37.2,62.8,0.0
12355,34456,1,esquina,32,2,0,30,8,37.2,62.8,0.0
12355,34456,3,centro,32,8,0,24,12,33.2,66.6,0.2
12355,34456,5,lado,32,6,0,26,10,31.0,69.0,0.0
12355,34456,2,centro,32,8,0,24,12,23.8,76.0,0.2
12355,34456,1,centro,32,8,0,24,12,23.8,76.0,0.2
12355,34456,2,lado,32,13,0,19,8,22.2,77.6,0.2
12355,34456,1,lado,32,13,0,19,8,22.2,77.8,0.0
12355,34456,3,lado,32,13,0,19,8,20.0,79.6,0.4
12355,34466,5,esquina,24,1,0,23,10,44.2,55.8,0.0
12355,34466,3,esquina,24,1,0,23,8,41.0,59.0,0.0
12355,34466,2,esquina,24,1,0,23,8,40.4,59.6,0.0
12355,34466,1,esquina,24,1,0,23,8,40.4,59.6,0.0
12355,34466,5,centro,24,4,0,20,10,36.2,63.8,0.0
12355,34466,5,lado,24,7,2,15,10,31.8,68.2,0.0
12355,34466,3,centro,24,4,0,20,12,30.4,69.6,0.0
12355,34466,2,centro,24,4,0,20,12,21.2,78.8,0.0
12355,34466,1,centro,24,4,0,20,12,21.2,78.8,0.0
12355,34466,2,lado,24,12,0,12,8,21.0,79.0,0.0
12355,34466,1,lado,24,12,0,12,8,21.0,79.0,0.0
12355,34466,3,lado,24,12,0,12,8,17.4,82.6,0.0
12355,34556,5,centro,32,8,0,24,10,39.4,60.4,0.2
12355,34556,3,esquina,32,2,0,30,8,34.8,65.2,0.0
12355,34556,2,esquina,32,2,0,30,8,33.4,66.6,0.0
12355,34556,1,esquina,32,2,0,30,8,33.4,66.6,0.0
12355,34556,5,esquina,32,2,0,30,8,32.2,67.8,0.0
12355,34556,3,centro,32,16,0,16,10,26.0,74.0,0.0
12355,34556,5,lado,32,15,0,17,8,23.0,76.6,0.4
12355,34556,2,lado,32,14,2,16,8,19.4,80.6,0.0
12355,34556,1,lado,32,14,2,16,8,19.4,80.6,0.0
12355,34556,3,lado,32,14,2,16,8,18.0,82.0,0.0
12355,34556,2,centro,32,16,0,16,10,17.6,82.4,0.0
12355,34556,1,centro,32,16,0,16,10,17.6,82.4,0.0
12355,34566,5,centro,32,12,0,20,10,35.4,64.6,0.0
12355,34566,3,esquina,32,2,0,30,8,32.6,67.4,0.0
12355,34566,2,esquina,32,2,0,30,8,31.2,68.8,0.0
12355,34566,1,esquina,32,2,0,30,8,31.2,68.8,0.0
12355,34566,5,esquina,32,2,0,30,8,29.4,70.6,0.0
12355,34566,3,centro,32,16,0,16,10,25.4,74.6,0.0
12355,34566,5,lado,32,17,0,15,8,19.6,80.4,0.0
12355,34566,2,centro,32,16,0,16,10,17.4,82.6,0.0
12355,34566,1,centro,32,16,0,16,10,17.4,82.6,0.0
12355,34566,2,lado,32,16,0,16,8,14.8,85.2,0.0
12355,34566,1,lado,32,16,0,16,8,14.8,85.2,0.0
12355,34566,3,lado,32,16,0,16,8,14.0,86.0,0.0
12355,44556,5,esquina,24,2,0,22,8,34.2,65.8,0.0
12355,44556,3,esquina,24,2,0,22,8,32.8,66.8,0.4
12355,44556,2,esquina,24,2,0,22,8,32.8,66.8,0.4
12355,44556,1,esquina,24,2,0,22,8,32.8,66.8,0.4
12355,44556,5,centro,24,8,0,16,10,28.2,71.8,0.0
12355,44556,5,lado,24,12,0,12,8,20.2,79.6,0.2
12355,44556,3,lado,24,11,2,11,8,15.2,84.6,0.2
12355,44556,2,lado,24,11,2,11,8,15.2,84.6,0.2
12355,44556,1,lado,24,11,2,11,8,15.2,84.6,0.2
12355,44556,3,centro,24,16,0,8,10,10.6,89.4,0.0
12355,44556,2,centro,24,16,0,8,10,10.6,89.4,0.0
12355,44556,1,centro,24,16,0,8,10,10.6,89.4,0.0
12355,44566,5,esquina,24,2,0,22,8,32.0,68.0,0.0
12355,44566,3,esquina,24,2,0,22,8,29.8,70.2,0.0
12355,44566,2,esquina,24,2,0,22,8,29.8,70.2,0.0
12355,44566,1,esquina,24,2,0,22,8,29.8,70.2,0.0
12355,44566,5,centro,24,12,0,12,10,23.0,77.0,0.0
12355,44566,5,lado,24,14,0,10,8,16.0,84.0,0.0
12355,44566,3,lado,24,13,0,11,8,13.0,87.0,0.0
12355,44566,2,lado,24,13,0,11,8,13.0,87.0,0.0
12355,44566,1,lado,24,13,0,11,8,13.0,87.0,0.0
12355,44566,3,centro,24,16,0,8,10,9.4,90.6,0.0
12355,44566,2,centro,24,16,0,8,10,9.4,90.6,0.0
12355,44566,1,centro,24,16,0,8,10,9.4,90.6,0.0
12355,45566,5,esquina,24,2,0,22,8,31.0,69.0,0.0
12355,45566,3,esquina,24,2,0,22,8,26.4,73.6,0.0
12355,45566,2,esquina,24,2,0,22,8,26.4,73.6,0.0
12355,45566,1,esquina,24,2,0,22,8,26.4,73.6,0.0
12355,45566,5,centro,24,12,0,12,10,22.0,78.0,0.0
12355,45566,5,lado,24,14,0,10,8,13.6,86.4,0.0
12355,45566,3,lado,24,13,0,11,8,12.0,88.0,0.0
12355,45566,2,lado,24,13,0,11,8,12.0,88.0,0.0
12355,45566,1,lado,24,13,0,11,8,12.0,88.0,0.0
12355,45566,3,centro,24,16,0,8,10,8.6,91.4,0.0
12355,45566,2,centro,24,16,0,8,10,8.6,91.4,0.0
12355,45566,1,centro,24,16,0,8,10,8.6,91.4,0.0
12445,23346,4,esquina,32,0,0,32,0,69.2,30.0,0.8
12445,23346,4,centro,32,0,4,28,0,66.0,32.0,2.0
12445,23346,5,centro,32,4,0,28,12,65.8,32.8,1.4
12445,23346,5,lado,32,0,1,31,0,63.2,35.8,1.0
12445,23346,2,esquina,32,1,0,31,12,62.4,37.0,0.6
12445,23346,4,lado,32,0,0,32,0,61.0,37.4,1.6
12445,23346,1,esquina,32,1,0,31,12,59.2,40.6,0.2
12445,23346,2,centro,32,0,0,32,0,59.0,40.0,1.0
12445,23346,5,esquina,32,1,0,31,10,56.6,42.8,0.6
12445,23346,1,centro,32,0,0,32,0,54.0,44.8,1.2
12445,23346,1,lado,32,3,8,21,12,40.2,58.2,1.6
12445,23346,2,lado,32,3,8,21,12,39.4,59.8,0.8
12445,23356,5,centro,32,4,0,28,12,57.2,42.6,0.2
12445,23356,4,esquina,32,2,0,30,10,49.2,50.2,0.6
12445,23356,2,esquina,32,2,0,30,8,46.8,53.0,0.2
12445,23356,2,centro,32,8,0,24,12,44.6,54.8,0.6
12445,23356,1,esquina,32,2,0,30,8,44.6,55.2,0.2
12445,23356,4,lado,32,6,0,26,10,43.8,55.6,0.6
12445,23356,4,centro,32,8,0,24,12,43.6,55.6,0.8
12445,23356,5,esquina,32,2,0,30,10,42.4,57.0,0.6
12445,23356,1,centro,32,8,0,24,12,36.4,63.0,0.6
12445,23356,5,lado,32,8,2,22,10,35.2,64.8,0.0
12445,23356,1,lado,32,11,2,19,8,26.2,72.4,1.4
12445,23356,2,lado,32,11,2,19,8,25.2,74.2,0.6
12445,23366,4,esquina,24,1,0,23,10,54.4,45.4,0.2
12445,23366,2,esquina,24,1,0,23,8,50.8,49.2,0.0
12445,23366,1,esquina,24,1,0,23,8,47.8,52.2,0.0
12445,23366,5,esquina,24,1,0,23,10,47.4,52.0,0.6
12445,23366,5,centro,24,4,0,20,12,46.4,53.4,0.2
12445,23366,4,centro,24,4,0,20,12,46.4,53.6,0.0
12445,23366,2,centro,24,4,0,20,12,43.6,56.0,0.4
12445,23366,4,lado,24,7,0,17,10,41.6,57.2,1.2
12445,23366,5,lado,24,7,0,17,10,37.2,62.2,0.6
12445,23366,1,centro,24,4,0,20,12,35.2,64.2,0.6
12445,23366,1,lado,24,12,0,12,8,27.2,71.8,1.0
12445,23366,2,lado,24,12,0,12,8,24.2,75.2,0.6
12445,23446,4,esquina,32,0,0,32,0,62.6,36.6,0.8
12445,23446,4,centro,32,4,0,28,12,61.2,38.8,0.0
12445,23446,5,centro,32,8,0,24,12,60.8,38.6,0.6
12445,23446,2,esquina,32,1,0,31,12,60.8,38.6,0.6
12445,23446,5,lado,32,1,0,31,12,60.2,38.8,1.0
12445,23446,1,esquina,32,1,0,31,12,59.0,40.8,0.2
12445,23446,2,centro,32,0,0,32,0,55.4,44.2,0.4
12445,23446,4,lado,32,3,1,28,10,50.8,48.0,1.2
12445,23446,5,esquina,32,2,0,30,10,50.4,48.2,1.4
12445,23446,1,centro,32,0,0,32,0,49.4,50.2,0.4
12445,23446,1,lado,32,6,5,21,12,35.6,63.4,1.0
12445,23446,2,lado,32,7,4,21,12,35.4,63.6,1.0
12445,23456,5,centro,40,12,0,28,10,50.6,49.2,0.2
12445,23456,4,esquina,40,2,0,38,8,46.8,53.2,0.0
12445,23456,2,esquina,40,2,0,38,8,44.6,55.4,0.0
12445,23456,1,esquina,40,2,0,38,8,43.0,57.0,0.0
12445,23456,4,centro,40,8,0,32,10,39.2,60.6,0.2
12445,23456,5,esquina,40,3,0,37,8,34.8,65.0,0.2
12445,23456,2,centro,40,8,0,32,10,34.6,65.2,0.2
12445,23456,4,lado,40,11,3,26,8,31.4,68.4,0.2
12445,23456,5,lado,40,14,5,21,8,31.0,68.8,0.2
12445,23456,1,centro,40,8,0,32,10,29.4,70.6,0.0
12445,23456,1,lado,40,17,0,23,8,24.4,75.6,0.0
12445,23456,2,lado,40,17,0,23,8,23.2,76.6,0.2
12445,23466,2,esquina,32,1,0,31,8,47.4,52.4,0.2
12445,23466,5,centro,32,12,0,20,10,46.2,53.8,0.0
12445,23466,1,esquina,32,1,0,31,8,46.0,53.4,0.6
12445,23466,4,centro,32,4,0,28,10,45.2,54.8,0.0
12445,23466,4,esquina,32,1,0,31,8,45.0,54.2,0.8
12445,23466,5,esquina,32,2,0,30,8,40.0,60.0,0.0
12445,23466,2,centro,32,4,0,28,10,38.2,61.4,0.4
12445,23466,5,lado,32,13,2,17,8,31.2,68.2,0.6
12445,23466,1,centro,32,4,0,28,10,31.0,68.8,0.2
12445,23466,4,lado,32,12,1,19,8,30.2,69.6,0.2
12445,23466,1,lado,32,15,0,17,8,26.0,73.4,0.6
12445,23466,2,lado,32,15,0,17,8,25.6,73.8,0.6
12445,23556,5,centro,32,8,0,24,10,40.8,59.2,0.0
12445,23556,2,esquina,32,2,0,30,8,40.4,59.6,0.0
12445,23556,1,esquina,32,2,0,30,8,38.0,62.0,0.0
12445,23556,4,esquina,32,2,0,30,8,34.8,65.2,0.0
12445,23556,4,centro,32,16,0,16,10,34.2,65.8,0.0
12445,23556,5,esquina,32,2,0,30,8,33.2,66.8,0.0
12445,23556,2,centro,32,16,0,16,10,32.8,67.2,0.0
12445,23556,1,centro,32,16,0,16,10,24.4,75.6,0.0
12445,23556,4,lado,32,12,2,18,8,24.2,75.8,0.0
12445,23556,5,lado,32,16,2,14,8,20.2,79.8,0.0
12445,23556,1,lado,32,14,0,18,8,20.0,80.0,0.0
12445,23556,2,lado,32,14,0,18,8,19.4,80.4,0.2
12445,23566,2,esquina,32,2,0,30,8,39.2,60.8,0.0
12445,23566,5,centro,32,12,0,20,10,38.8,61.2,0.0
12445,23566,1,esquina,32,2,0,30,8,37.2,62.8,0.0
12445,23566,5,esquina,32,2,0,30,8,32.6,67.4,0.0
12445,23566,4,esquina,32,2,0,30,8,32.6,67.4,0.0
12445,23566,2,centro,32,16,0,16,10,32.2,67.8,0.0
12445,23566,4,centro,32,16,0,16,10,32.0,68.0,0.0
12445,23566,1,centro,32,16,0,16,10,23.8,76.2,0.0
12445,23566,4,lado,32,14,2,16,8,21.4,78.6,0.0
12445,23566,5,lado,32,16,2,14,8,19.0,81.0,0.0
12445,23566,1,lado,32,16,0,16,8,17.6,82.4,0.0
12445,23566,2,lado,32,16,0,16,8,17.2,82.8,0.0
12445,33446,4,esquina,24,0,0,24,0,61.8,38.0,0.2
12445,33446,4,centro,24,4,0,20,12,61.4,38.2,0.4
12445,33446,2,esquina,24,1,0,23,12,61.4,37.8,0.8
12445,33446,1,esquina,24,1,0,23,12,61.4,37.8,0.8
12445,33446,5,centro,24,8,0,16,12,58.6,41.0,0.4
12445,33446,5,lado,24,1,0,23,12,55.4,44.2,0.4
12445,33446,5,esquina,24,2,0,22,10,51.4,47.8,0.8
12445,33446,4,lado,24,3,1,20,10,44.8,54.2,1.0
12445,33446,2,centro,24,0,0,24,0,39.6,59.2,1.2
12445,33446,1,centro,24,0,0,24,0,39.6,59.2,1.2
12445,33446,2,lado,24,6,2,16,12,33.4,66.2,0.4
12445,33446,1,lado,24,6,2,16,12,33.4,66.2,0.4
12445,33456,5,centro,32,12,0,20,10,44.0,55.8,0.2
12445,33456,4,esquina,32,2,0,30,8,39.4,60.6,0.0
12445,33456,2,esquina,32,2,0,30,8,39.2,60.8,0.0
12445,33456,1,esquina,32,2,0,30,8,39.2,60.8,0.0
12445,33456,4,centro,32,8,0,24,10,36.0,64.0,0.0
12445,33456,5,esquina,32,3,0,29,8,33.6,66.0,0.4
12445,33456,5,lado,32,12,4,16,8,28.6,71.2,0.2
12445,33456,2,centro,32,8,0,24,10,25.8,74.2,0.0
12445,33456,1,centro,32,8,0,24,10,25.8,74.2,0.0
12445,33456,4,lado,32,9,3,20,8,24.6,75.0,0.4
12445,33456,2,lado,32,14,0,18,8,18.8,81.0,0.2
12445,33456,1,lado,32,14,0,18,8,18.8,81.0,0.2
12445,33466,4,esquina,24,1,0,23,8,45.8,54.0,0.2
12445,33466,2,esquina,24,1,0,23,8,41.8,58.0,0.2
12445,33466,1,esquina,24,1,0,23,8,41.8,58.0,0.2
12445,33466,4,centro,24,4,0,20,10,40.0,60.0,0.0
12445,33466,5,esquina,24,2,0,22,8,39.4,60.6,0.0
12445,33466,5,centro,24,12,0,12,10,36.2,63.6,0.2
12445,33466,5,lado,24,11,1,12,8,32.6,67.2,0.2
12445,33466,4,lado,24,10,1,13,8,27.2,72.4,0.4
12445,33466,1,lado,24,12,0,12,8,23.2,76.6,0.2
12445,33466,2,lado,24,12,0,12,8,23.0,76.6,0.4
12445,33466,2,centro,24,4,0,20,10,22.6,77.4,0.0
12445,33466,1,centro,24,4,0,20,10,22.6,77.4,0.0
12445,33556,4,esquina,24,2,0,22,8,35.6,64.4,0.0
12445,33556,5,esquina,24,2,0,22,8,33.8,66.2,0.0
12445,33556,2,esquina,24,2,0,22,8,33.8,66.2,0.0
12445,33556,1,esquina,24,2,0,22,8,33.8,66.2,0.0
12445,33556,5,centro,24,8,0,16,10,31.4,68.6,0.0
12445,33556,4,centro,24,16,0,8,10,23.4,76.6,0.0
12445,33556,4,lado,24,10,1,13,8,21.4,78.6,0.0
12445,33556,2,lado,24,11,0,13,8,17.2,82.8,0.0
12445,33556,1,lado,24,11,0,13,8,17.2,82.8,0.0
12445,33556,5,lado,24,14,1,9,8,17.0,83.0,0.0
12445,33556,2,centro,24,16,0,8,10,16.4,83.6,0.0
12445,33556,1,centro,24,16,0,8,10,16.4,83.6,0.0
12445,33566,4,esquina,24,2,0,22,8,34.4,65.6,0.0
12445,33566,5,esquina,24,2,0,22,8,33.2,66.8,0.0
12445,33566,2,esquina,24,2,0,22,8,32.0,68.0,0.0
12445,33566,1,esquina,24,2,0,22,8,32.0,68.0,0.0
12445,33566,5,centro,24,12,0,12,10,27.4,72.6,0.0
12445,33566,4,centro,24,16,0,8,10,22.8,77.2,0.0
12445,33566,4,lado,24,12,1,11,8,18.2,81.8,0.0
12445,33566,5,lado,24,14,1,9,8,16.8,83.2,0.0
12445,33566,1,lado,24,13,0,11,8,15.4,84.6,0.0
12445,33566,2,lado,24,13,0,11,8,15.4,84.6,0.0
12445,33566,1,centro,24,16,0,8,10,14.8,85.2,0.0
12445,33566,2,centro,24,16,0,8,10,14.8,85.2,0.0
12445,34456,5,centro,32,16,0,16,10,40.6,59.2,0.2
12445,34456,4,esquina,32,2,0,30,8,38.0,62.0,0.0
12445,34456,2,esquina,32,2,0,30,8,37.6,62.4,0.0
12445,34456,1,esquina,32,2,0,30,8,37.6,62.4,0.0
12445,34456,4,centro,32,8,0,24,10,35.8,64.2,0.0
12445,34456,5,esquina,32,3,0,29,8,33.6,66.4,0.0
12445,34456,5,lado,32,16,1,15,8,25.8,74.2,0.0
12445,34456,2,centro,32,8,0,24,10,23.4,76.6,0.0
12445,34456,1,centro,32,8,0,24,10,23.4,76.6,0.0
12445,34456,4,lado,32,14,0,18,8,23.0,77.0,0.0
12445,34456,2,lado,32,16,0,16,8,19.2,80.8,0.0
12445,34456,1,lado,32,16,0,16,8,19.2,80.8,0.0
12445,34466,4,esquina,24,1,0,23,8,44.4,55.4,0.2
12445,34466,2,esquina,24,1,0,23,8,41.0,59.0,0.0
12445,34466,1,esquina,24,1,0,23,8,41.0,59.0,0.0
12445,34466,4,centro,24,4,0,20,10,39.2,60.8,0.0
12445,34466,5,esquina,24,2,0,22,8,38.0,62.0,0.0
12445,34466,5,centro,24,12,0,12,10,36.2,63.8,0.0
12445,34466,5,lado,24,12,1,11,8,29.2,70.8,0.0
12445,34466,2,lado,24,12,0,12,8,23.2,76.8,0.0
12445,34466,1,lado,24,12,0,12,8,23.2,76.8,0.0
12445,34466,4,lado,24,11,0,13,8,23.0,77.0,0.0
12445,34466,2,centro,24,4,0,20,10,20.4,79.6,0.0
12445,34466,1,centro,24,4,0,20,10,20.4,79.6,0.0
12445,34556,2,esquina,32,2,0,30,8,34.8,65.2,0.0
12445,34556,1,esquina,32,2,0,30,8,34.8,65.2,0.0
12445,34556,5,centro,32,16,0,16,10,32.4,67.6,0.0
12445,34556,4,esquina,32,2,0,30,8,32.0,68.0,0.0
12445,34556,4,centro,32,16,0,16,10,31.2,68.8,0.0
12445,34556,5,esquina,32,3,0,29,8,30.2,69.8,0.0
12445,34556,4,lado,32,16,0,16,8,18.4,81.6,0.0
12445,34556,5,lado,32,18,1,13,8,18.0,82.0,0.0
12445,34556,2,centro,32,16,0,16,10,18.0,82.0,0.0
12445,34556,1,centro,32,16,0,16,10,18.0,82.0,0.0
12445,34556,2,lado,32,16,0,16,8,16.4,83.4,0.2
12445,34556,1,lado,32,16,0,16,8,16.4,83.4,0.2
12445,34566,2,esquina,32,2,0,30,8,33.0,67.0,0.0
12445,34566,1,esquina,32,2,0,30,8,33.0,67.0,0.0
12445,34566,5,centro,32,16,0,16,10,32.2,67.8,0.0
12445,34566,4,esquina,32,2,0,30,8,30.6,69.4,0.0
12445,34566,4,centro,32,16,0,16,10,30.0,70.0,0.0
12445,34566,5,esquina,32,3,0,29,8,29.8,70.2,0.0
12445,34566,2,centro,32,16,0,16,10,17.8,82.2,0.0
12445,34566,1,centro,32,16,0,16,10,17.8,82.2,0.0
12445,34566,5,lado,32,18,1,13,8,17.2,82.8,0.0
12445,34566,4,lado,32,16,0,16,8,16.4,83.6,0.0
12445,34566,2,lado,32,16,0,16,8,14.8,85.2,0.0
12445,34566,1,lado,32,16,0,16,8,14.8,85.2,0.0
12445,35566,4,esquina,24,2,0,22,8,31.2,68.8,0.0
12445,35566,5,esquina,24,2,0,22,8,30.6,69.4,0.0
12445,35566,2,esquina,24,2,0,22,8,28.4,71.6,0.0
12445,35566,1,esquina,24,2,0,22,8,28.4,71.6,0.0
12445,35566,5,centro,24,12,0,12,10,25.6,74.4,0.0
12445,35566,4,centro,24,16,0,8,10,20.8,79.2,0.0
12445,35566,2,lado,24,13,0,11,8,14.2,85.8,0.0
12445,35566,1,lado,24,13,0,11,8,14.2,85.8,0.0
12445,35566,4,lado,24,13,0,11,8,13.4,86.6,0.0
12445,35566,5,lado,24,15,0,9,8,13.4,86.6,0.0
12445,35566,2,centro,24,16,0,8,10,12.4,87.6,0.0
12445,35566,1,centro,24,16,0,8,10,12.4,87.6,0.0
12455,23346,5,lado,32,0,0,32,0,74.0,22.8,3.2
12455,23346,5,esquina,32,0,0,32,0,71.6,27.4,1.0
12455,23346,4,centro,32,0,0,32,0,71.2,28.2,0.6
12455,23346,5,centro,32,0,4,28,0,69.0,29.8,1.2
12455,23346,2,esquina,32,0,0,32,0,64.6,34.8,0.6
12455,23346,2,centro,32,0,0,32,0,64.4,34.4,1.2
12455,23346,4,esquina,32,0,0,32,0,62.8,36.0,1.2
12455,23346,1,esquina,32,0,0,32,0,62.4,37.2,0.4
12455,23346,1,centro,32,0,0,32,0,60.4,38.2,1.4
12455,23346,4,lado,32,0,0,32,0,56.0,43.6,0.4
12455,23346,1,lado,32,1,10,21,12,42.0,57.0,1.0
12455,23346,2,lado,32,1,10,21,12,41.6,57.0,1.4
12455,23356,5,centro,32,4,0,28,12,60.8,38.4,0.8
12455,23356,5,esquina,32,2,0,30,10,52.0,47.6,0.4
12455,23356,2,esquina,32,2,0,30,8,49.6,50.2,0.2
12455,23356,1,esquina,32,2,0,30,8,47.8,52.0,0.2
12455,23356,5,lado,32,6,0,26,10,47.4,51.4,1.2
12455,23356,2,centro,32,4,4,24,12,46.4,53.0,0.6
12455,23356,4,esquina,32,2,0,30,10,46.0,53.6,0.4
12455,23356,4,centro,32,8,0,24,12,44.8,55.0,0.2
12455,23356,4,lado,32,6,0,26,10,40.0,59.2,0.8
12455,23356,1,centro,32,4,4,24,12,38.4,60.4,1.2
12455,23356,1,lado,32,11,2,19,8,27.8,71.0,1.2
12455,23356,2,lado,32,11,2,19,8,26.6,72.4,1.0
12455,23366,5,esquina,24,1,0,23,10,54.8,44.8,0.4
12455,23366,2,esquina,24,1,0,23,8,49.8,50.2,0.0
12455,23366,4,esquina,24,1,0,23,10,47.4,52.0,0.6
12455,23366,1,esquina,24,1,0,23,8,47.2,52.8,0.0
12455,23366,5,centro,24,4,0,20,12,46.4,53.6,0.0
12455,23366,4,centro,24,4,0,20,12,46.4,53.4,0.2
12455,23366,2,centro,24,4,0,20,12,42.8,56.8,0.4
12455,23366,5,lado,24,7,0,17,10,41.6,57.0,1.4
12455,23366,4,lado,24,7,0,17,10,37.2,62.2,0.6
12455,23366,1,centro,24,4,0,20,12,33.6,66.0,0.4
12455,23366,1,lado,24,12,0,12,8,26.4,72.6,1.0
12455,23366,2,lado,24,12,0,12,8,25.2,74.4,0.4
12455,23446,5,lado,32,0,0,32,0,73.6,24.6,1.8
12455,23446,4,centro,32,0,0,32,0,70.0,29.2,0.8
12455,23446,5,centro,32,4,0,28,12,66.2,33.4,0.4
12455,23446,5,esquina,32,0,0,32,0,66.0,32.4,1.6
12455,23446,2,esquina,32,0,0,32,0,64.2,35.2,0.6
12455,23446,1,esquina,32,0,0,32,0,62.0,37.2,0.8
12455,23446,2,centro,32,0,0,32,0,61.6,36.6,1.8
12455,23446,4,esquina,32,0,0,32,0,60.6,38.8,0.6
12455,23446,1,centro,32,0,0,32,0,56.6,41.6,1.8
12455,23446,4,lado,32,3,1,28,10,48.4,50.8,0.8
12455,23446,1,lado,32,1,10,21,12,37.6,61.2,1.2
12455,23446,2,lado,32,1,10,21,12,37.4,61.0,1.6
12455,23456,5,esquina,40,2,0,38,10,54.2,45.0,0.8
12455,23456,5,centro,40,4,0,36,12,53.6,46.2,0.2
12455,23456,2,esquina,40,2,0,38,8,48.2,51.4,0.4
12455,23456,5,lado,40,8,0,32,10,46.8,52.6,0.6
12455,23456,1,esquina,40,2,0,38,8,46.6,52.8,0.6
12455,23456,4,esquina,40,2,0,38,8,46.4,53.4,0.2
12455,23456,4,centro,40,8,0,32,12,45.4,54.6,0.0
12455,23456,2,centro,40,8,0,32,12,36.4,62.8,0.8
12455,23456,1,centro,40,8,0,32,12,32.2,66.8,1.0
12455,23456,4,lado,40,10,4,26,8,30.6,68.8,0.6
12455,23456,1,lado,40,16,0,24,8,28.6,71.4,0.0
12455,23456,2,lado,40,16,0,24,8,26.6,73.4,0.0
12455,23466,4,centro,32,4,0,28,12,49.2,50.2,0.6
12455,23466,5,centro,32,4,0,28,10,48.6,51.4,0.0
12455,23466,5,esquina,32,1,0,31,10,47.4,51.4,1.2
12455,23466,2,esquina,32,1,0,31,8,46.8,52.6,0.6
12455,23466,1,esquina,32,1,0,31,8,45.8,53.2,1.0
12455,23466,4,esquina,32,1,0,31,8,44.8,54.8,0.4
12455,23466,2,centro,32,4,0,28,12,42.6,56.6,0.8
12455,23466,5,lado,32,9,2,21,10,42.0,57.4,0.6
12455,23466,1,centro,32,4,0,28,12,35.4,64.0,0.6
12455,23466,4,lado,32,11,2,19,8,30.0,69.0,1.0
12455,23466,1,lado,32,15,0,17,8,26.0,73.2,0.8
12455,23466,2,lado,32,15,0,17,8,24.6,74.2,1.2
12455,23556,5,centro,32,8,0,24,10,48.8,51.0,0.2
12455,23556,2,esquina,32,2,0,30,8,40.2,59.6,0.2
12455,23556,4,esquina,32,2,0,30,8,38.8,61.2,0.0
12455,23556,1,esquina,32,2,0,30,8,38.6,61.4,0.0
12455,23556,5,esquina,32,2,0,30,8,38.2,61.8,0.0
12455,23556,4,centro,32,16,0,16,10,34.2,65.8,0.0
12455,23556,2,centro,32,16,0,16,10,33.8,66.2,0.0
12455,23556,5,lado,32,12,2,18,8,27.6,72.0,0.4
12455,23556,1,centro,32,16,0,16,10,25.4,74.6,0.0
12455,23556,4,lado,32,12,2,18,8,24.2,75.8,0.0
12455,23556,1,lado,32,14,0,18,8,23.0,77.0,0.0
12455,23556,2,lado,32,14,0,18,8,21.6,78.4,0.0
12455,23566,5,centro,32,12,0,20,10,40.8,59.2,0.0
12455,23566,2,esquina,32,2,0,30,8,37.6,62.4,0.0
12455,23566,1,esquina,32,2,0,30,8,36.2,63.8,0.0
12455,23566,5,esquina,32,2,0,30,8,35.2,64.8,0.0
12455,23566,4,esquina,32,2,0,30,8,34.6,65.4,0.0
12455,23566,2,centro,32,16,0,16,10,32.8,67.2,0.0
12455,23566,4,centro,32,16,0,16,10,32.6,67.2,0.2
12455,23566,1,centro,32,16,0,16,10,24.2,75.8,0.0
12455,23566,5,lado,32,14,2,16,8,21.4,78.6,0.0
12455,23566,4,lado,32,14,2,16,8,19.6,80.4,0.0
12455,23566,1,lado,32,16,0,16,8,19.2,80.8,0.0
12455,23566,2,lado,32,16,0,16,8,18.2,81.8,0.0
12455,33446,5,lado,24,0,0,24,0,69.2,29.4,1.4
12455,33446,5,centro,24,4,0,20,12,66.8,32.8,0.4
12455,33446,5,esquina,24,0,0,24,0,66.2,33.4,0.4
12455,33446,4,esquina,24,0,0,24,0,65.0,34.6,0.4
12455,33446,4,centro,24,0,0,24,0,64.0,35.4,0.6
12455,33446,2,esquina,24,0,0,24,0,64.0,35.6,0.4
12455,33446,1,esquina,24,0,0,24,0,64.0,35.6,0.4
12455,33446,2,centro,24,0,0,24,0,49.0,49.6,1.4
12455,33446,1,centro,24,0,0,24,0,49.0,49.6,1.4
12455,33446,4,lado,24,3,1,20,10,46.0,53.6,0.4
12455,33446,2,lado,24,1,7,16,12,36.8,62.0,1.2
12455,33446,1,lado,24,1,7,16,12,36.8,62.0,1.2
12455,33456,5,centro,32,4,0,28,12,54.6,45.2,0.2
12455,33456,5,esquina,32,2,0,30,10,48.0,51.8,0.2
12455,33456,4,esquina,32,2,0,30,8,44.0,55.6,0.4
12455,33456,4,centro,32,8,0,24,12,43.2,56.6,0.2
12455,33456,2,esquina,32,2,0,30,8,43.0,56.6,0.4
12455,33456,1,esquina,32,2,0,30,8,43.0,56.6,0.4
12455,33456,5,lado,32,6,0,26,10,40.0,59.6,0.4
12455,33456,2,centro,32,8,0,24,12,33.2,66.0,0.8
12455,33456,1,centro,32,8,0,24,12,33.2,66.0,0.8
12455,33456,4,lado,32,8,4,20,8,30.4,69.0,0.6
12455,33456,2,lado,32,13,0,19,8,24.8,74.8,0.4
12455,33456,1,lado,32,13,0,19,8,24.8,74.8,0.4
12455,33466,5,esquina,24,1,0,23,10,50.8,48.4,0.8
12455,33466,4,esquina,24,1,0,23,8,44.6,54.6,0.8
12455,33466,2,esquina,24,1,0,23,8,44.4,55.6,0.0
12455,33466,1,esquina,24,1,0,23,8,44.4,55.6,0.0
12455,33466,4,centro,24,4,0,20,12,43.0,57.0,0.0
12455,33466,5,centro,24,4,0,20,10,41.0,58.8,0.2
12455,33466,5,lado,24,7,2,15,10,38.8,60.4,0.8
12455,33466,1,centro,24,4,0,20,12,28.6,71.2,0.2
12455,33466,2,centro,24,4,0,20,12,28.6,71.2,0.2
12455,33466,4,lado,24,9,2,13,8,27.6,71.8,0.6
12455,33466,1,lado,24,12,0,12,8,23.2,76.4,0.4
12455,33466,2,lado,24,12,0,12,8,23.0,76.4,0.6
12455,33556,5,esquina,24,2,0,22,8,38.8,61.0,0.2
12455,33556,2,esquina,24,2,0,22,8,37.6,62.2,0.2
12455,33556,1,esquina,24,2,0,22,8,37.6,62.2,0.2
12455,33556,4,esquina,24,2,0,22,8,37.4,61.8,0.8
12455,33556,5,centro,24,8,0,16,10,36.8,63.0,0.2
12455,33556,5,lado,24,10,1,13,8,23.4,76.6,0.0
12455,33556,4,lado,24,10,1,13,8,21.0,78.4,0.6
12455,33556,4,centro,24,16,0,8,10,20.2,79.6,0.2
12455,33556,2,lado,24,11,0,13,8,20.0,79.8,0.2
12455,33556,1,lado,24,11,0,13,8,20.0,79.8,0.2
12455,33556,2,centro,24,16,0,8,10,16.0,83.8,0.2
12455,33556,1,centro,24,16,0,8,10,16.0,83.8,0.2
12455,33566,5,esquina,24,2,0,22,8,36.4,63.6,0.0
12455,33566,4,esquina,24,2,0,22,8,34.4,65.6,0.0
12455,33566,2,esquina,24,2,0,22,8,32.4,67.6,0.0
12455,33566,1,esquina,24,2,0,22,8,32.4,67.6,0.0
12455,33566,5,centro,24,12,0,12,10,29.4,70.6,0.0
12455,33566,5,lado,24,12,1,11,8,19.4,80.6,0.0
12455,33566,4,centro,24,16,0,8,10,19.2,80.8,0.0
12455,33566,4,lado,24,12,1,11,8,19.0,81.0,0.0
12455,33566,2,lado,24,13,0,11,8,16.4,83.6,0.0
12455,33566,1,lado,24,13,0,11,8,16.4,83.6,0.0
12455,33566,2,centro,24,16,0,8,10,14.8,85.2,0.0
12455,33566,1,centro,24,16,0,8,10,14.8,85.2,0.0
12455,34456,5,centro,32,4,0,28,12,54.0,45.8,0.2
12455,34456,5,esquina,32,2,0,30,10,45.2,54.6,0.2
12455,34456,4,centro,32,8,0,24,12,42.6,57.4,0.0
12455,34456,4,esquina,32,2,0,30,8,42.0,57.8,0.2
12455,34456,2,esquina,32,2,0,30,8,41.2,58.6,0.2
12455,34456,1,esquina,32,2,0,30,8,41.2,58.6,0.2
12455,34456,5,lado,32,6,0,26,10,39.8,59.4,0.8
12455,34456,2,centro,32,8,0,24,12,29.4,69.4,1.2
12455,34456,1,centro,32,8,0,24,12,29.4,69.4,1.2
12455,34456,4,lado,32,11,1,20,8,27.8,71.6,0.6
12455,34456,2,lado,32,13,0,19,8,24.0,75.0,1.0
12455,34456,1,lado,32,13,0,19,8,24.0,75.2,0.8
12455,34466,5,esquina,24,1,0,23,10,48.6,51.4,0.0
12455,34466,4,esquina,24,1,0,23,8,44.2,55.8,0.0
12455,34466,2,esquina,24,1,0,23,8,42.6,57.2,0.2
12455,34466,1,esquina,24,1,0,23,8,42.6,57.2,0.2
12455,34466,5,centro,24,4,0,20,10,41.8,58.2,0.0
12455,34466,4,centro,24,4,0,20,12,41.8,58.2,0.0
12455,34466,5,lado,24,7,2,15,10,35.4,64.0,0.6
12455,34466,2,centro,24,4,0,20,12,25.8,73.6,0.6
12455,34466,1,centro,24,4,0,20,12,25.8,73.6,0.6
12455,34466,4,lado,24,10,1,13,8,24.4,75.2,0.4
12455,34466,2,lado,24,12,0,12,8,23.4,76.2,0.4
12455,34466,1,lado,24,12,0,12,8,23.4,76.2,0.4
12455,34556,5,centro,32,8,0,24,10,44.6,55.2,0.2
12455,34556,4,esquina,32,2,0,30,8,36.6,63.4,0.0
12455,34556,2,esquina,32,2,0,30,8,35.8,64.2,0.0
12455,34556,1,esquina,32,2,0,30,8,35.8,64.2,0.0
12455,34556,5,esquina,32,2,0,30,8,35.4,64.6,0.0
12455,34556,4,centro,32,16,0,16,10,32.4,67.6,0.0
12455,34556,5,lado,32,13,1,18,8,27.8,71.8,0.4
12455,34556,2,centro,32,16,0,16,10,21.4,78.6,0.0
12455,34556,2,lado,32,14,0,18,8,21.4,78.6,0.0
12455,34556,1,centro,32,16,0,16,10,21.4,78.6,0.0
12455,34556,1,lado,32,14,0,18,8,21.4,78.6,0.0
12455,34556,4,lado,32,13,1,18,8,20.6,79.2,0.2
12455,34566,5,centro,32,12,0,20,10,39.4,60.6,0.0
12455,34566,4,esquina,32,2,0,30,8,34.0,66.0,0.0
12455,34566,2,esquina,32,2,0,30,8,33.4,66.6,0.0
12455,34566,1,esquina,32,2,0,30,8,33.4,66.6,0.0
12455,34566,5,esquina,32,2,0,30,8,33.2,66.8,0.0
12455,34566,4,centro,32,16,0,16,10,31.8,68.2,0.0
12455,34566,5,lado,32,15,1,16,8,21.8,78.2,0.0
12455,34566,2,centro,32,16,0,16,10,20.6,79.4,0.0
12455,34566,1,centro,32,16,0,16,10,20.6,79.4,0.0
12455,34566,4,lado,32,15,1,16,8,18.0,82.0,0.0
12455,34566,2,lado,32,16,0,16,8,17.6,82.4,0.0
12455,34566,1,lado,32,16,0,16,8,17.6,82.4,0.0
12455,35566,5,esquina,24,2,0,22,8,33.6,66.4,0.0
12455,35566,4,esquina,24,2,0,22,8,30.2,69.8,0.0
12455,35566,2,esquina,24,2,0,22,8,29.4,70.6,0.0
12455,35566,1,esquina,24,2,0,22,8,29.4,70.6,0.0
12455,35566,5,centro,24,12,0,12,10,27.2,72.8,0.0
12455,35566,4,centro,24,16,0,8,10,17.4,82.6,0.0
12455,35566,2,lado,24,13,0,11,8,15.6,84.4,0.0
12455,35566,1,lado,24,13,0,11,8,15.6,84.4,0.0
12455,35566,5,lado,24,13,0,11,8,14.8,85.2,0.0
12455,35566,4,lado,24,13,0,11,8,14.2,85.8,0.0
12455,35566,2,centro,24,16,0,8,10,11.8,88.2,0.0
12455,35566,1,centro,24,16,0,8,10,11.8,88.2,0.0
13345,22446,1,esquina,24,1,0,23,10,61.6,37.6,0.8
13345,22446,3,esquina,24,1,0,23,12,60.4,39.4,0.2
13345,22446,4,esquina,24,1,0,23,10,59.8,39.2,1.0
13345,22446,4,centro,24,4,0,20,12,58.8,40.4,0.8
13345,22446,5,centro,24,8,0,16,10,58.6,40.8,0.6
13345,22446,5,lado,24,1,0,23,12,56.0,43.0,1.0
13345,22446,5,esquina,24,2,0,22,10,52.2,47.6,0.2
13345,22446,3,centro,24,4,0,20,12,49.6,50.2,0.2
13345,22446,3,lado,24,3,2,19,12,46.0,52.6,1.4
13345,22446,1,centro,24,4,0,20,14,46.0,53.4,0.6
13345,22446,4,lado,24,3,3,18,10,41.0,58.6,0.4
13345,22446,1,lado,24,7,1,16,10,34.0,65.2,0.8
13345,22456,5,centro,32,12,0,20,10,44.8,55.0,0.2
13345,22456,1,esquina,32,2,0,30,8,43.6,56.0,0.4
13345,22456,4,esquina,32,2,0,30,8,42.8,56.6,0.6
13345,22456,3,esquina,32,2,0,30,8,41.4,58.4,0.2
13345,22456,5,esquina,32,3,0,29,8,40.4,58.6,1.0
13345,22456,4,centro,32,8,0,24,10,37.2,62.8,0.0
13345,22456,5,lado,32,13,3,16,8,33.8,65.2,1.0
13345,22456,1,centro,32,8,0,24,10,30.8,69.0,0.2
13345,22456,3,centro,32,8,0,24,10,30.4,69.2,0.4
13345,22456,3,lado,32,10,1,21,8,26.4,72.8,0.8
13345,22456,4,lado,32,10,1,21,8,26.0,73.8,0.2
13345,22456,1,lado,32,14,0,18,8,20.4,79.4,0.2
13345,22466,3,esquina,24,1,0,23,8,47.2,52.2,0.6
13345,22466,1,esquina,24,1,0,23,8,46.8,52.6,0.6
13345,22466,4,esquina,24,1,0,23,8,46.4,53.0,0.6
13345,22466,5,centro,24,12,0,12,10,43.0,56.6,0.4
13345,22466,5,esquina,24,2,0,22,8,40.8,58.6,0.6
13345,22466,4,centro,24,4,0,20,10,40.0,60.0,0.0
13345,22466,5,lado,24,11,1,12,8,37.2,62.4,0.4
13345,22466,3,centro,24,4,0,20,10,33.2,66.8,0.0
13345,22466,3,lado,24,10,1,13,8,31.8,67.2,1.0
13345,22466,1,centro,24,4,0,20,10,31.4,68.0,0.6
13345,22466,4,lado,24,10,1,13,8,29.6,70.0,0.4
13345,22466,1,lado,24,12,0,12,8,24.0,75.8,0.2
13345,22556,3,esquina,24,2,0,22,8,38.2,61.8,0.0
13345,22556,4,esquina,24,2,0,22,8,37.4,62.6,0.0
13345,22556,5,esquina,24,2,0,22,8,36.6,63.4,0.0
13345,22556,1,esquina,24,2,0,22,8,35.8,64.2,0.0
13345,22556,5,centro,24,8,0,16,10,35.0,65.0,0.0
13345,22556,3,centro,24,16,0,8,10,28.0,72.0,0.0
13345,22556,4,centro,24,16,0,8,10,24.4,75.6,0.0
13345,22556,1,centro,24,16,0,8,10,22.4,77.6,0.0
13345,22556,3,lado,24,10,1,13,8,22.0,78.0,0.0
13345,22556,4,lado,24,10,1,13,8,21.4,78.6,0.0
13345,22556,5,lado,24,14,1,9,8,20.6,79.4,0.0
13345,22556,1,lado,24,11,0,13,8,20.4,79.6,0.0
13345,22566,3,esquina,24,2,0,22,8,37.6,62.4,0.0
13345,22566,4,esquina,24,2,0,22,8,35.6,64.4,0.0
13345,22566,1,esquina,24,2,0,22,8,35.6,64.4,0.0
13345,22566,5,esquina,24,2,0,22,8,34.8,65.2,0.0
13345,22566,5,centro,24,12,0,12,10,30.4,69.6,0.0
13345,22566,3,centro,24,16,0,8,10,27.0,73.0,0.0
13345,22566,4,centro,24,16,0,8,10,23.0,77.0,0.0
13345,22566,1,centro,24,16,0,8,10,20.8,79.2,0.0
13345,22566,5,lado,24,14,1,9,8,20.0,80.0,0.0
13345,22566,3,lado,24,12,1,11,8,20.0,80.0,0.0
13345,22566,4,lado,24,12,1,11,8,19.4,80.6,0.0
13345,22566,1,lado,24,13,0,11,8,18.0,82.0,0.0
13345,24456,5,centro,32,16,0,16,10,41.4,58.6,0.0
13345,24456,4,esquina,32,2,0,30,8,40.2,59.8,0.0
13345,24456,1,esquina,32,2,0,30,8,39.6,60.4,0.0
13345,24456,3,esquina,32,2,0,30,8,38.2,61.8,0.0
13345,24456,4,centro,32,8,0,24,10,36.8,63.2,0.0
13345,24456,5,esquina,32,3,0,29,8,36.2,63.8,0.0
13345,24456,5,lado,32,16,1,15,8,29.2,70.8,0.0
13345,24456,3,centro,32,8,0,24,10,29.2,70.8,0.0
13345,24456,1,centro,32,8,0,24,10,25.8,74.2,0.0
13345,24456,4,lado,32,16,0,16,8,21.6,78.4,0.0
13345,24456,3,lado,32,15,0,17,8,21.6,78.4,0.0
13345,24456,1,lado,32,16,0,16,8,20.4,79.6,0.0
13345,24466,3,esquina,24,1,0,23,8,43.8,56.2,0.0
13345,24466,1,esquina,24,1,0,23,8,42.4,57.6,0.0
13345,24466,4,esquina,24,1,0,23,8,41.8,58.2,0.0
13345,24466,5,centro,24,12,0,12,10,39.6,60.4,0.0
13345,24466,4,centro,24,4,0,20,10,38.2,61.8,0.0
13345,24466,5,esquina,24,2,0,22,8,37.6,62.2,0.2
13345,24466,3,centro,24,4,0,20,10,31.8,68.2,0.0
13345,24466,5,lado,24,12,1,11,8,31.4,68.6,0.0
13345,24466,3,lado,24,11,0,13,8,26.0,74.0,0.0
13345,24466,1,centro,24,4,0,20,10,25.0,75.0,0.0
13345,24466,1,lado,24,12,0,12,8,25.0,74.8,0.2
13345,24466,4,lado,24,12,0,12,8,23.8,76.2,0.0
13345,24556,4,esquina,32,2,0,30,8,37.4,62.6,0.0
13345,24556,1,esquina,32,2,0,30,8,36.6,63.2,0.2
13345,24556,5,centro,32,16,0,16,10,34.4,65.6,0.0
13345,24556,5,esquina,32,3,0,29,8,34.2,65.8,0.0
13345,24556,3,esquina,32,2,0,30,8,32.6,67.4,0.0
13345,24556,4,centro,32,16,0,16,10,31.8,68.2,0.0
13345,24556,3,centro,32,16,0,16,10,24.0,76.0,0.0
13345,24556,1,centro,32,16,0,16,10,22.2,77.8,0.0
13345,24556,5,lado,32,18,1,13,8,20.8,79.2,0.0
13345,24556,3,lado,32,16,0,16,8,19.2,80.8,0.0
13345,24556,4,lado,32,17,0,15,8,18.0,82.0,0.0
13345,24556,1,lado,32,16,0,16,8,17.6,82.4,0.0
13345,24566,4,esquina,32,2,0,30,8,35.2,64.8,0.0
13345,24566,1,esquina,32,2,0,30,8,34.8,65.2,0.0
13345,24566,5,centro,32,16,0,16,10,34.4,65.6,0.0
13345,24566,5,esquina,32,3,0,29,8,32.8,67.0,0.2
13345,24566,4,centro,32,16,0,16,10,32.2,67.8,0.0
13345,24566,3,esquina,32,2,0,30,8,30.8,69.2,0.0
13345,24566,3,centro,32,16,0,16,10,23.8,76.2,0.0
13345,24566,1,centro,32,16,0,16,10,22.2,77.8,0.0
13345,24566,5,lado,32,18,1,13,8,19.0,81.0,0.0
13345,24566,3,lado,32,16,0,16,8,16.6,83.4,0.0
13345,24566,4,lado,32,17,0,15,8,16.2,83.8,0.0
13345,24566,1,lado,32,16,0,16,8,16.0,84.0,0.0
13345,25566,5,esquina,24,2,0,22,8,32.6,67.4,0.0
13345,25566,3,esquina,24,2,0,22,8,32.6,67.4,0.0
13345,25566,4,esquina,24,2,0,22,8,32.2,67.8,0.0
13345,25566,1,esquina,24,2,0,22,8,30.8,69.2,0.0
13345,25566,5,centro,24,12,0,12,10,28.6,71.4,0.0
13345,25566,3,centro,24,16,0,8,10,24.8,75.2,0.0
13345,25566,4,centro,24,16,0,8,10,21.4,78.6,0.0
13345,25566,1,lado,24,13,0,11,8,16.6,83.4,0.0
13345,25566,1,centro,24,16,0,8,10,16.2,83.8,0.0
13345,25566,5,lado,24,15,0,9,8,16.0,84.0,0.0
13345,25566,4,lado,24,13,0,11,8,15.6,84.4,0.0
13345,25566,3,lado,24,13,0,11,8,14.2,85.8,0.0
13345,44556,3,esquina,24,2,0,22,8,29.6,70.4,0.0
13345,44556,4,esquina,24,2,0,22,8,29.2,70.8,0.0
13345,44556,1,esquina,24,2,0,22,8,27.4,72.6,0.0
13345,44556,5,esquina,24,3,0,21,8,24.8,75.2,0.0
13345,44556,5,centro,24,16,0,8,10,18.0,82.0,0.0
13345,44556,4,centro,24,16,0,8,10,15.2,84.8,0.0
13345,44556,3,lado,24,13,0,11,8,14.4,85.6,0.0
13345,44556,1,lado,24,13,0,11,8,13.8,86.2,0.0
13345,44556,5,lado,24,16,0,8,8,13.6,86.4,0.0
13345,44556,4,lado,24,14,0,10,8,11.2,88.8,0.0
13345,44556,1,centro,24,16,0,8,10,8.4,91.6,0.0
13345,44556,3,centro,24,16,0,8,10,7.6,92.4,0.0
13345,44566,4,esquina,24,2,0,22,8,28.8,71.2,0.0
13345,44566,3,esquina,24,2,0,22,8,28.4,71.6,0.0
13345,44566,1,esquina,24,2,0,22,8,26.4,73.6,0.0
13345,44566,5,esquina,24,3,0,21,8,24.8,75.2,0.0
13345,44566,5,centro,24,16,0,8,10,17.2,82.8,0.0
13345,44566,4,centro,24,16,0,8,10,14.8,85.2,0.0
13345,44566,5,lado,24,16,0,8,8,13.0,87.0,0.0
13345,44566,1,lado,24,13,0,11,8,12.8,87.2,0.0
13345,44566,3,lado,24,13,0,11,8,12.6,87.4,0.0
13345,44566,4,lado,24,14,0,10,8,10.6,89.4,0.0
13345,44566,1,centro,24,16,0,8,10,7.4,92.6,0.0
13345,44566,3,centro,24,16,0,8,10,7.2,92.8,0.0
13345,45566,3,esquina,24,2,0,22,8,27.2,72.8,0.0
13345,45566,4,esquina,24,2,0,22,8,25.8,74.2,0.0
13345,45566,5,esquina,24,3,0,21,8,24.4,75.6,0.0
13345,45566,1,esquina,24,2,0,22,8,24.2,75.8,0.0
13345,45566,5,centro,24,16,0,8,10,15.6,84.4,0.0
13345,45566,4,centro,24,16,0,8,10,14.0,86.0,0.0
13345,45566,1,lado,24,13,0,11,8,11.6,88.4,0.0
13345,45566,3,lado,24,13,0,11,8,10.6,89.4,0.0
13345,45566,5,lado,24,16,0,8,8,10.4,89.6,0.0
13345,45566,4,lado,24,14,0,10,8,7.6,92.4,0.0
13345,45566,3,centro,24,16,0,8,10,6.4,93.6,0.0
13345,45566,1,centro,24,16,0,8,10,6.2,93.8,0.0
13355,22446,3,esquina,24,1,0,23,12,69.0,30.6,0.4
13355,22446,5,esquina,24,0,0,24,0,66.4,32.2,1.4
13355,22446,5,centro,24,4,0,20,12,64.2,34.6,1.2
13355,22446,5,lado,24,0,0,24,0,64.2,34.6,1.2
13355,22446,1,esquina,24,1,0,23,10,61.4,37.6,1.0
13355,22446,3,centro,24,0,0,24,0,54.2,43.6,2.2
13355,22446,1,centro,24,0,0,24,0,51.4,46.8,1.8
13355,22446,3,lado,24,1,3,20,12,47.6,51.0,1.4
13355,22446,1,lado,24,3,5,16,10,41.6,56.0,2.4
13355,22456,5,centro,32,4,0,28,10,54.2,45.4,0.4
13355,22456,5,esquina,32,2,0,30,10,51.0,48.6,0.4
13355,22456,1,esquina,32,2,0,30,8,47.6,51.6,0.8
13355,22456,3,esquina,32,2,0,30,8,47.2,52.4,0.4
13355,22456,5,lado,32,6,0,26,10,44.4,55.0,0.6
13355,22456,3,centro,32,8,0,24,12,40.8,58.6,0.6
13355,22456,3,lado,32,8,2,22,8,33.2,66.0,0.8
13355,22456,1,centro,32,8,0,24,12,33.2,65.8,1.0
13355,22456,1,lado,32,11,2,19,8,27.4,71.4,1.2
13355,22466,3,esquina,24,1,0,23,8,51.4,48.0,0.6
13355,22466,5,esquina,24,1,0,23,10,50.0,49.2,0.8
13355,22466,1,esquina,24,1,0,23,8,48.2,51.0,0.8
13355,22466,5,centro,24,4,0,20,10,45.8,53.8,0.4
13355,22466,5,lado,24,7,2,15,10,41.0,58.4,0.6
13355,22466,3,centro,24,4,0,20,12,36.0,63.8,0.2
13355,22466,1,centro,24,4,0,20,12,33.8,65.4,0.8
13355,22466,3,lado,24,10,1,13,8,32.8,65.8,1.4
13355,22466,1,lado,24,12,0,12,8,27.8,71.2,1.0
13355,24456,5,centro,32,4,0,28,10,53.6,46.4,0.0
13355,24456,5,esquina,32,2,0,30,10,47.4,52.6,0.0
13355,24456,1,esquina,32,2,0,30,8,43.8,56.0,0.2
13355,24456,3,esquina,32,2,0,30,8,42.4,57.2,0.4
13355,24456,5,lado,32,6,0,26,10,39.6,60.2,0.2
13355,24456,3,centro,32,8,0,24,12,37.4,62.2,0.4
13355,24456,1,centro,32,8,0,24,12,31.0,69.0,0.0
13355,24456,3,lado,32,12,0,20,8,29.4,70.2,0.4
13355,24456,1,lado,32,13,0,19,8,26.8,73.2,0.0
13355,24466,1,esquina,24,1,0,23,8,46.0,53.4,0.6
13355,24466,3,esquina,24,1,0,23,8,45.6,54.2,0.2
13355,24466,5,esquina,24,1,0,23,10,44.8,54.8,0.4
13355,24466,5,centro,24,4,0,20,10,43.2,56.8,0.0
13355,24466,5,lado,24,7,2,15,10,35.6,63.8,0.6
13355,24466,3,centro,24,4,0,20,12,33.2,66.4,0.4
13355,24466,1,centro,24,4,0,20,12,27.8,71.6,0.6
13355,24466,3,lado,24,11,0,13,8,26.6,72.4,1.0
13355,24466,1,lado,24,12,0,12,8,25.4,74.2,0.4
13355,24556,5,centro,32,8,0,24,10,43.0,56.8,0.2
13355,24556,5,esquina,32,2,0,30,8,41.4,58.6,0.0
13355,24556,3,esquina,32,2,0,30,8,38.6,61.4,0.0
13355,24556,1,esquina,32,2,0,30,8,37.2,62.4,0.4
13355,24556,3,centro,32,16,0,16,10,29.0,71.0,0.0
13355,24556,5,lado,32,14,1,17,8,25.6,74.0,0.4
13355,24556,3,lado,32,13,3,16,8,22.0,77.8,0.2
13355,24556,1,lado,32,14,2,16,8,21.6,78.2,0.2
13355,24556,1,centro,32,16,0,16,10,21.0,79.0,0.0
13355,24566,5,centro,32,12,0,20,10,40.8,59.2,0.0
13355,24566,5,esquina,32,2,0,30,8,38.0,62.0,0.0
13355,24566,1,esquina,32,2,0,30,8,36.0,64.0,0.0
13355,24566,3,esquina,32,2,0,30,8,35.4,64.6,0.0
13355,24566,3,centro,32,16,0,16,10,28.0,72.0,0.0
13355,24566,5,lado,32,16,1,15,8,20.8,79.2,0.0
13355,24566,1,centro,32,16,0,16,10,19.4,80.6,0.0
13355,24566,3,lado,32,15,1,16,8,19.2,80.8,0.0
13355,24566,1,lado,32,16,0,16,8,19.0,81.0,0.0
13355,44556,5,esquina,24,2,0,22,8,33.4,66.6,0.0
13355,44556,1,esquina,24,2,0,22,8,33.2,66.4,0.4
13355,44556,3,esquina,24,2,0,22,8,32.8,66.8,0.4
13355,44556,5,centro,24,8,0,16,10,31.2,68.8,0.0
13355,44556,1,lado,24,11,2,11,8,18.8,81.2,0.0
13355,44556,5,lado,24,12,0,12,8,18.6,81.4,0.0
13355,44556,3,lado,24,11,2,11,8,15.2,84.6,0.2
13355,44556,1,centro,24,16,0,8,10,13.0,87.0,0.0
13355,44556,3,centro,24,16,0,8,10,10.6,89.4,0.0
13355,44566,5,esquina,24,2,0,22,8,31.2,68.8,0.0
13355,44566,1,esquina,24,2,0,22,8,31.2,68.8,0.0
13355,44566,3,esquina,24,2,0,22,8,29.8,70.2,0.0
13355,44566,5,centro,24,12,0,12,10,25.8,74.2,0.0
13355,44566,5,lado,24,14,0,10,8,16.4,83.6,0.0
13355,44566,1,lado,24,13,0,11,8,14.0,86.0,0.0
13355,44566,3,lado,24,13,0,11,8,13.0,87.0,0.0
13355,44566,1,centro,24,16,0,8,10,10.6,89.4,0.0
13355,44566,3,centro,24,16,0,8,10,9.4,90.6,0.0
13355,45566,5,esquina,24,2,0,22,8,28.6,71.4,0.0
13355,45566,1,esquina,24,2,0,22,8,28.4,71.6,0.0
13355,45566,3,esquina,24,2,0,22,8,26.4,73.6,0.0
13355,45566,5,centro,24,12,0,12,10,23.8,76.2,0.0
13355,45566,5,lado,24,14,0,10,8,12.2,87.6,0.2
13355,45566,3,lado,24,13,0,11,8,12.0,88.0,0.0
13355,45566,1,lado,24,13,0,11,8,11.2,88.8,0.0
13355,45566,1,centro,24,16,0,8,10,8.8,91.2,0.0
13355,45566,3,centro,24,16,0,8,10,8.6,91.4,0.0
13445,22346,4,esquina,32,0,0,32,0,75.2,24.4,0.4
13445,22346,5,centro,32,4,0,28,14,72.0,27.6,0.4
13445,22346,4,centro,32,0,4,28,0,71.6,28.0,0.4
13445,22346,5,lado,32,0,0,32,0,71.0,27.2,1.8
13445,22346,3,esquina,32,0,0,32,0,69.8,30.0,0.2
13445,22346,1,esquina,32,0,0,32,0,69.2,30.4,0.4
13445,22346,3,centro,32,0,0,32,0,67.4,32.6,0.0
13445,22346,4,lado,32,0,0,32,0,66.4,31.8,1.8
13445,22346,5,esquina,32,1,0,31,10,65.4,34.0,0.6
13445,22346,1,centro,32,0,0,32,0,62.0,34.8,3.2
13445,22346,3,lado,32,1,6,25,12,51.6,47.0,1.4
13445,22346,1,lado,32,1,10,21,12,43.6,55.2,1.2
13445,22356,5,centro,32,4,0,28,12,61.8,37.6,0.6
13445,22356,4,esquina,32,2,0,30,10,54.2,44.4,1.4
13445,22356,3,centro,32,8,0,24,12,54.2,45.8,0.0
13445,22356,3,esquina,32,2,0,30,8,53.6,45.4,1.0
13445,22356,1,esquina,32,2,0,30,8,51.8,47.8,0.4
13445,22356,5,esquina,32,2,0,30,10,50.6,48.6,0.8
13445,22356,4,centro,32,8,0,24,12,48.2,51.4,0.4
13445,22356,4,lado,32,6,0,26,10,47.2,52.0,0.8
13445,22356,1,centro,32,8,0,24,12,43.6,55.0,1.4
13445,22356,5,lado,32,8,2,22,10,43.2,55.2,1.6
13445,22356,3,lado,32,8,2,22,8,38.0,61.4,0.6
13445,22356,1,lado,32,11,2,19,8,28.8,70.2,1.0
13445,22366,4,esquina,24,1,0,23,10,59.2,39.2,1.6
13445,22366,1,esquina,24,1,0,23,8,55.8,43.2,1.0
13445,22366,5,esquina,24,1,0,23,10,55.6,44.2,0.2
13445,22366,3,esquina,24,1,0,23,8,55.6,43.0,1.4
13445,22366,3,centro,24,4,0,20,12,52.6,47.0,0.4
13445,22366,4,centro,24,4,0,20,12,51.2,48.4,0.4
13445,22366,5,centro,24,4,0,20,12,50.6,49.0,0.4
13445,22366,4,lado,24,7,0,17,10,48.6,49.8,1.6
13445,22366,5,lado,24,7,0,17,10,47.2,52.4,0.4
13445,22366,1,centro,24,4,0,20,12,41.2,57.4,1.4
13445,22366,3,lado,24,9,2,13,8,40.6,59.2,0.2
13445,22366,1,lado,24,12,0,12,8,32.8,66.8,0.4
13445,22446,3,esquina,24,1,0,23,12,68.4,31.0,0.6
13445,22446,4,esquina,24,0,0,24,0,67.2,32.6,0.2
13445,22446,1,esquina,24,1,0,23,12,67.2,32.0,0.8
13445,22446,4,centro,24,4,0,20,12,63.4,35.8,0.8
13445,22446,5,centro,24,8,0,16,12,62.0,37.2,0.8
13445,22446,5,lado,24,1,0,23,12,61.6,37.0,1.4
13445,22446,5,esquina,24,2,0,22,10,55.4,43.6,1.0
13445,22446,1,centro,24,0,0,24,0,49.4,49.2,1.4
13445,22446,3,centro,24,0,0,24,0,48.8,50.4,0.8
13445,22446,4,lado,24,3,1,20,12,48.4,50.4,1.2
13445,22446,3,lado,24,3,2,19,12,44.6,54.4,1.0
13445,22446,1,lado,24,5,3,16,12,37.0,62.2,0.8
13445,22456,5,centro,32,12,0,20,10,48.4,51.6,0.0
13445,22456,4,esquina,32,2,0,30,8,44.2,55.4,0.4
13445,22456,1,esquina,32,2,0,30,8,44.2,55.0,0.8
13445,22456,3,esquina,32,2,0,30,8,43.0,56.6,0.4
13445,22456,5,esquina,32,3,0,29,8,40.2,59.4,0.4
13445,22456,4,centro,32,8,0,24,10,40.0,59.8,0.2
13445,22456,5,lado,32,12,3,17,8,34.4,64.2,1.4
13445,22456,3,centro,32,8,0,24,10,33.4,66.6,0.0
13445,22456,1,centro,32,8,0,24,10,29.6,70.0,0.4
13445,22456,3,lado,32,10,1,21,8,29.2,70.4,0.4
13445,22456,4,lado,32,9,1,22,8,27.6,71.8,0.6
13445,22456,1,lado,32,14,0,18,8,20.8,78.8,0.4
13445,22466,4,esquina,24,1,0,23,8,50.2,49.4,0.4
13445,22466,3,esquina,24,1,0,23,8,48.0,51.6,0.4
13445,22466,1,esquina,24,1,0,23,8,46.8,52.8,0.4
13445,22466,4,centro,24,4,0,20,10,42.8,57.2,0.0
13445,22466,5,esquina,24,2,0,22,8,42.6,57.2,0.2
13445,22466,5,centro,24,12,0,12,10,41.8,58.0,0.2
13445,22466,5,lado,24,11,1,12,8,36.8,63.0,0.2
13445,22466,3,lado,24,10,1,13,8,32.0,67.2,0.8
13445,22466,4,lado,24,10,1,13,8,30.8,68.2,1.0
13445,22466,3,centro,24,4,0,20,10,30.4,69.6,0.0
13445,22466,1,centro,24,4,0,20,10,28.8,71.0,0.2
13445,22466,1,lado,24,12,0,12,8,24.6,75.2,0.2
13445,22556,4,esquina,24,2,0,22,8,38.2,61.8,0.0
13445,22556,3,esquina,24,2,0,22,8,37.4,62.6,0.0
13445,22556,5,esquina,24,2,0,22,8,36.6,63.4,0.0
13445,22556,1,esquina,24,2,0,22,8,36.2,63.8,0.0
13445,22556,5,centro,24,8,0,16,10,34.6,65.4,0.0
13445,22556,4,centro,24,16,0,8,10,28.0,72.0,0.0
13445,22556,3,centro,24,16,0,8,10,24.4,75.6,0.0
13445,22556,1,centro,24,16,0,8,10,22.4,77.6,0.0
13445,22556,4,lado,24,10,1,13,8,22.0,78.0,0.0
13445,22556,3,lado,24,10,1,13,8,21.4,78.6,0.0
13445,22556,5,lado,24,14,1,9,8,21.0,79.0,0.0
13445,22556,1,lado,24,11,0,13,8,19.2,80.8,0.0
13445,22566,4,esquina,24,2,0,22,8,37.6,62.4,0.0
13445,22566,3,esquina,24,2,0,22,8,35.6,64.4,0.0
13445,22566,1,esquina,24,2,0,22,8,35.6,64.4,0.0
13445,22566,5,esquina,24,2,0,22,8,35.6,64.4,0.0
13445,22566,5,centro,24,12,0,12,10,29.8,70.2,0.0
13445,22566,4,centro,24,16,0,8,10,27.0,73.0,0.0
13445,22566,3,centro,24,16,0,8,10,23.0,77.0,0.0
13445,22566,1,centro,24,16,0,8,10,20.8,79.2,0.0
13445,22566,4,lado,24,12,1,11,8,20.0,80.0,0.0
13445,22566,5,lado,24,14,1,9,8,20.0,80.0,0.0
13445,22566,3,lado,24,12,1,11,8,19.4,80.6,0.0
13445,22566,1,lado,24,13,0,11,8,17.0,83.0,0.0
13445,23446,4,esquina,32,0,0,32,0,65.6,34.0,0.4
13445,23446,5,centro,32,8,0,24,12,64.4,35.4,0.2
13445,23446,5,lado,32,1,0,31,12,62.8,35.6,1.6
13445,23446,4,centro,32,4,0,28,12,62.8,37.2,0.0
13445,23446,3,esquina,32,1,0,31,12,62.8,36.8,0.4
13445,23446,1,esquina,32,1,0,31,12,62.0,37.8,0.2
13445,23446,3,centro,32,0,0,32,0,60.6,39.0,0.4
13445,23446,5,esquina,32,2,0,30,10,55.8,43.2,1.0
13445,23446,1,centro,32,0,0,32,0,52.6,47.2,0.2
13445,23446,4,lado,32,3,1,28,12,51.6,46.8,1.6
13445,23446,3,lado,32,5,3,24,12,43.0,55.6,1.4
13445,23446,1,lado,32,5,6,21,12,37.8,61.8,0.4
13445,23456,5,centro,40,12,0,28,10,53.0,46.8,0.2
13445,23456,4,esquina,40,2,0,38,8,48.8,51.2,0.0
13445,23456,3,esquina,40,2,0,38,8,45.8,54.0,0.2
13445,23456,1,esquina,40,2,0,38,8,45.0,54.6,0.4
13445,23456,4,centro,40,8,0,32,10,44.6,55.4,0.0
13445,23456,3,centro,40,8,0,32,10,40.4,59.4,0.2
13445,23456,5,esquina,40,3,0,37,8,38.2,61.4,0.4
13445,23456,5,lado,40,14,5,21,8,34.4,65.2,0.4
13445,23456,4,lado,40,11,3,26,8,33.2,66.6,0.2
13445,23456,1,centro,40,8,0,32,10,32.6,67.0,0.4
13445,23456,3,lado,40,16,0,24,8,26.6,72.4,1.0
13445,23456,1,lado,40,17,0,23,8,26.0,73.8,0.2
13445,23466,5,centro,32,12,0,20,10,50.6,49.2,0.2
13445,23466,1,esquina,32,1,0,31,8,49.4,50.0,0.6
13445,23466,4,esquina,32,1,0,31,8,48.4,51.0,0.6
13445,23466,3,esquina,32,1,0,31,8,48.2,51.8,0.0
13445,23466,4,centro,32,4,0,28,10,47.2,52.8,0.0
13445,23466,5,esquina,32,2,0,30,8,45.0,54.8,0.2
13445,23466,3,centro,32,4,0,28,10,43.0,56.4,0.6
13445,23466,1,centro,32,4,0,28,10,34.4,65.0,0.6
13445,23466,5,lado,32,13,2,17,8,33.0,65.6,1.4
13445,23466,4,lado,32,12,1,19,8,31.6,68.0,0.4
13445,23466,3,lado,32,14,0,18,8,29.2,70.6,0.2
13445,23466,1,lado,32,15,0,17,8,27.2,72.6,0.2
13445,23556,5,centro,32,8,0,24,10,44.4,55.6,0.0
13445,23556,3,esquina,32,2,0,30,8,41.4,58.6,0.0
13445,23556,1,esquina,32,2,0,30,8,40.0,59.6,0.4
13445,23556,4,esquina,32,2,0,30,8,38.2,61.8,0.0
13445,23556,5,esquina,32,2,0,30,8,37.8,62.2,0.0
13445,23556,3,centro,32,16,0,16,10,37.6,62.4,0.0
13445,23556,4,centro,32,16,0,16,10,36.8,63.2,0.0
13445,23556,1,centro,32,16,0,16,10,27.0,73.0,0.0
13445,23556,4,lado,32,12,2,18,8,25.6,74.4,0.0
13445,23556,5,lado,32,16,2,14,8,21.8,78.2,0.0
13445,23556,3,lado,32,13,1,18,8,21.8,78.0,0.2
13445,23556,1,lado,32,14,0,18,8,21.4,78.6,0.0
13445,23566,5,centro,32,12,0,20,10,42.0,58.0,0.0
13445,23566,3,esquina,32,2,0,30,8,40.8,59.2,0.0
13445,23566,1,esquina,32,2,0,30,8,39.6,60.4,0.0
13445,23566,5,esquina,32,2,0,30,8,37.6,62.4,0.0
13445,23566,3,centro,32,16,0,16,10,37.4,62.6,0.0
13445,23566,4,esquina,32,2,0,30,8,36.4,63.6,0.0
13445,23566,4,centro,32,16,0,16,10,34.0,66.0,0.0
13445,23566,1,centro,32,16,0,16,10,26.2,73.8,0.0
13445,23566,4,lado,32,14,2,16,8,22.6,77.4,0.0
13445,23566,5,lado,32,16,2,14,8,20.8,79.2,0.0
13445,23566,3,lado,32,15,1,16,8,20.0,80.0,0.0
13445,23566,1,lado,32,16,0,16,8,18.6,81.4,0.0
13445,24456,5,centro,32,12,4,16,10,44.2,55.8,0.0
13445,24456,4,esquina,32,2,0,30,8,40.6,59.4,0.0
13445,24456,3,esquina,32,2,0,30,8,40.4,59.6,0.0
13445,24456,1,esquina,32,2,0,30,8,39.8,60.2,0.0
13445,24456,4,centro,32,8,0,24,10,38.6,61.4,0.0
13445,24456,5,esquina,32,3,0,29,8,37.2,62.8,0.0
13445,24456,3,centro,32,8,0,24,10,32.2,67.8,0.0
13445,24456,5,lado,32,16,1,15,8,28.6,71.4,0.0
13445,24456,1,centro,32,8,0,24,10,26.4,73.6,0.0
13445,24456,3,lado,32,15,0,17,8,24.6,75.4,0.0
13445,24456,4,lado,32,12,2,18,8,23.6,76.4,0.0
13445,24456,1,lado,32,16,0,16,8,21.0,79.0,0.0
13445,24466,4,esquina,24,1,0,23,8,46.0,53.8,0.2
13445,24466,3,esquina,24,1,0,23,8,43.8,56.2,0.0
13445,24466,1,esquina,24,1,0,23,8,42.8,57.2,0.0
13445,24466,4,centro,24,4,0,20,10,42.0,58.0,0.0
13445,24466,5,esquina,24,2,0,22,8,40.2,59.8,0.0
13445,24466,5,centro,24,12,0,12,10,39.6,60.4,0.0
13445,24466,5,lado,24,12,1,11,8,31.4,68.6,0.0
13445,24466,3,centro,24,4,0,20,10,29.0,71.0,0.0
13445,24466,3,lado,24,11,0,13,8,25.2,74.8,0.0
13445,24466,1,lado,24,12,0,12,8,24.8,75.0,0.2
13445,24466,4,lado,24,11,0,13,8,24.0,76.0,0.0
13445,24466,1,centro,24,4,0,20,10,23.6,76.4,0.0
13445,24556,3,esquina,32,2,0,30,8,37.4,62.6,0.0
13445,24556,1,esquina,32,2,0,30,8,36.6,63.2,0.2
13445,24556,5,centro,32,16,0,16,10,35.4,64.6,0.0
13445,24556,4,esquina,32,2,0,30,8,34.8,65.2,0.0
13445,24556,4,centro,32,16,0,16,10,33.4,66.6,0.0
13445,24556,5,esquina,32,3,0,29,8,33.0,67.0,0.0
13445,24556,3,centro,32,16,0,16,10,25.8,74.2,0.0
13445,24556,1,centro,32,16,0,16,10,21.0,79.0,0.0
13445,24556,5,lado,32,18,1,13,8,20.4,79.6,0.0
13445,24556,3,lado,32,16,0,16,8,19.6,80.2,0.2
13445,24556,4,lado,32,16,0,16,8,19.2,80.8,0.0
13445,24556,1,lado,32,16,0,16,8,17.8,82.2,0.0
13445,24566,5,centro,32,16,0,16,10,35.8,64.2,0.0
13445,24566,3,esquina,32,2,0,30,8,35.0,65.0,0.0
13445,24566,1,esquina,32,2,0,30,8,34.6,65.4,0.0
13445,24566,4,esquina,32,2,0,30,8,32.8,67.2,0.0
13445,24566,5,esquina,32,3,0,29,8,32.6,67.4,0.0
13445,24566,4,centro,32,16,0,16,10,32.4,67.4,0.2
13445,24566,3,centro,32,16,0,16,10,25.6,74.4,0.0
13445,24566,1,centro,32,16,0,16,10,20.8,79.2,0.0
13445,24566,5,lado,32,18,1,13,8,19.4,80.6,0.0
13445,24566,3,lado,32,16,0,16,8,18.4,81.6,0.0
13445,24566,4,lado,32,16,0,16,8,16.8,83.2,0.0
13445,24566,1,lado,32,16,0,16,8,16.2,83.8,0.0
13445,25566,5,esquina,24,2,0,22,8,33.0,67.0,0.0
13445,25566,4,esquina,24,2,0,22,8,32.6,67.4,0.0
13445,25566,3,esquina,24,2,0,22,8,32.2,67.8,0.0
13445,25566,1,esquina,24,2,0,22,8,30.8,69.2,0.0
13445,25566,5,centro,24,12,0,12,10,27.8,72.2,0.0
13445,25566,4,centro,24,16,0,8,10,24.8,75.2,0.0
13445,25566,3,centro,24,16,0,8,10,21.4,78.6,0.0
13445,25566,5,lado,24,15,0,9,8,16.0,84.0,0.0
13445,25566,1,centro,24,16,0,8,10,15.8,84.2,0.0
13445,25566,3,lado,24,13,0,11,8,15.6,84.4,0.0
13445,25566,1,lado,24,13,0,11,8,15.4,84.6,0.0
13445,25566,4,lado,24,13,0,11,8,14.2,85.8,0.0
13445,34456,5,centro,32,16,0,16,10,41.2,58.6,0.2
13445,34456,3,esquina,32,2,0,30,8,40.2,59.8,0.0
13445,34456,4,esquina,32,2,0,30,8,38.2,61.8,0.0
13445,34456,1,esquina,32,2,0,30,8,38.2,61.8,0.0
13445,34456,4,centro,32,8,0,24,10,35.6,64.4,0.0
13445,34456,5,esquina,32,3,0,29,8,33.8,66.2,0.0
13445,34456,3,centro,32,8,0,24,10,32.0,68.0,0.0
13445,34456,5,lado,32,16,1,15,8,27.6,72.4,0.0
13445,34456,1,centro,32,8,0,24,10,23.0,77.0,0.0
13445,34456,4,lado,32,14,0,18,8,22.6,77.4,0.0
13445,34456,3,lado,32,16,0,16,8,20.0,80.0,0.0
13445,34456,1,lado,32,16,0,16,8,20.0,80.0,0.0
13445,34466,4,esquina,24,1,0,23,8,44.6,55.2,0.2
13445,34466,3,esquina,24,1,0,23,8,43.6,56.4,0.0
13445,34466,1,esquina,24,1,0,23,8,40.4,59.6,0.0
13445,34466,4,centro,24,4,0,20,10,39.0,61.0,0.0
13445,34466,5,esquina,24,2,0,22,8,38.4,61.6,0.0
13445,34466,5,centro,24,12,0,12,10,37.4,62.6,0.0
13445,34466,5,lado,24,12,1,11,8,30.8,69.2,0.0
13445,34466,3,centro,24,4,0,20,10,29.6,70.4,0.0
13445,34466,1,lado,24,12,0,12,8,24.0,76.0,0.0
13445,34466,4,lado,24,11,0,13,8,23.6,76.4,0.0
13445,34466,1,centro,24,4,0,20,10,21.2,78.8,0.0
13445,34466,3,lado,24,12,0,12,8,21.0,79.0,0.0
13445,34556,3,esquina,32,2,0,30,8,37.6,62.4,0.0
13445,34556,1,esquina,32,2,0,30,8,35.2,64.8,0.0
13445,34556,5,centro,32,16,0,16,10,32.6,67.4,0.0
13445,34556,4,esquina,32,2,0,30,8,32.2,67.8,0.0
13445,34556,4,centro,32,16,0,16,10,31.2,68.8,0.0
13445,34556,5,esquina,32,3,0,29,8,30.2,69.8,0.0
13445,34556,3,centro,32,16,0,16,10,25.8,74.2,0.0
13445,34556,5,lado,32,18,1,13,8,19.2,80.8,0.0
13445,34556,4,lado,32,16,0,16,8,17.8,82.2,0.0
13445,34556,3,lado,32,16,0,16,8,17.6,82.2,0.2
13445,34556,1,centro,32,16,0,16,10,17.6,82.4,0.0
13445,34556,1,lado,32,16,0,16,8,17.2,82.8,0.0
13445,34566,3,esquina,32,2,0,30,8,35.2,64.8,0.0
13445,34566,1,esquina,32,2,0,30,8,33.4,66.6,0.0
13445,34566,5,centro,32,16,0,16,10,32.6,67.4,0.0
13445,34566,4,esquina,32,2,0,30,8,30.4,69.6,0.0
13445,34566,4,centro,32,16,0,16,10,30.0,70.0,0.0
13445,34566,5,esquina,32,3,0,29,8,29.8,70.2,0.0
13445,34566,3,centro,32,16,0,16,10,25.4,74.6,0.0
13445,34566,5,lado,32,18,1,13,8,18.0,82.0,0.0
13445,34566,1,centro,32,16,0,16,10,17.2,82.8,0.0
13445,34566,4,lado,32,16,0,16,8,16.2,83.8,0.0
13445,34566,3,lado,32,16,0,16,8,16.0,84.0,0.0
13445,34566,1,lado,32,16,0,16,8,15.4,84.6,0.0
13445,35566,4,esquina,24,2,0,22,8,31.8,68.2,0.0
13445,35566,5,esquina,24,2,0,22,8,31.4,68.6,0.0
13445,35566,3,esquina,24,2,0,22,8,31.0,69.0,0.0
13445,35566,1,esquina,24,2,0,22,8,28.0,72.0,0.0
13445,35566,5,centro,24,12,0,12,10,26.0,74.0,0.0
13445,35566,3,centro,24,16,0,8,10,22.0,78.0,0.0
13445,35566,4,centro,24,16,0,8,10,21.0,79.0,0.0
13445,35566,1,lado,24,13,0,11,8,15.0,85.0,0.0
13445,35566,5,lado,24,15,0,9,8,14.8,85.2,0.0
13445,35566,4,lado,24,13,0,11,8,13.4,86.6,0.0
13445,35566,3,lado,24,13,0,11,8,13.4,86.6,0.0
13445,35566,1,centro,24,16,0,8,10,13.0,87.0,0.0
13445,44556,4,esquina,24,2,0,22,8,31.8,68.2,0.0
13445,44556,3,esquina,24,2,0,22,8,28.4,71.6,0.0
13445,44556,1,esquina,24,2,0,22,8,28.4,71.6,0.0
13445,44556,5,esquina,24,3,0,21,8,26.4,73.6,0.0
13445,44556,4,centro,24,16,0,8,10,18.4,81.6,0.0
13445,44556,5,centro,24,16,0,8,10,17.8,82.2,0.0
13445,44556,3,lado,24,13,0,11,8,16.0,84.0,0.0
13445,44556,1,lado,24,13,0,11,8,16.0,84.0,0.0
13445,44556,4,lado,24,13,0,11,8,14.6,85.4,0.0
13445,44556,5,lado,24,16,0,8,8,13.2,86.8,0.0
13445,44556,3,centro,24,16,0,8,10,8.0,92.0,0.0
13445,44556,1,centro,24,16,0,8,10,8.0,92.0,0.0
13445,44566,4,esquina,24,2,0,22,8,30.6,69.4,0.0
13445,44566,3,esquina,24,2,0,22,8,27.2,72.8,0.0
13445,44566,1,esquina,24,2,0,22,8,27.2,72.8,0.0
13445,44566,5,esquina,24,3,0,21,8,26.2,73.8,0.0
13445,44566,4,centro,24,16,0,8,10,18.0,82.0,0.0
13445,44566,5,centro,24,16,0,8,10,17.2,82.8,0.0
13445,44566,3,lado,24,13,0,11,8,14.4,85.6,0.0
13445,44566,1,lado,24,13,0,11,8,14.4,85.6,0.0
13445,44566,5,lado,24,16,0,8,8,13.4,86.6,0.0
13445,44566,4,lado,24,13,0,11,8,12.0,88.0,0.0
13445,44566,3,centro,24,16,0,8,10,7.4,92.6,0.0
13445,44566,1,centro,24,16,0,8,10,7.4,92.6,0.0
13445,45566,4,esquina,24,2,0,22,8,30.0,70.0,0.0
13445,45566,5,esquina,24,3,0,21,8,26.4,73.6,0.0
13445,45566,3,esquina,24,2,0,22,8,25.2,74.8,0.0
13445,45566,1,esquina,24,2,0,22,8,25.2,74.8,0.0
13445,45566,4,centro,24,16,0,8,10,17.2,82.8,0.0
13445,45566,5,centro,24,16,0,8,10,15.8,84.2,0.0
13445,45566,3,lado,24,13,0,11,8,12.0,88.0,0.0
13445,45566,1,lado,24,13,0,11,8,12.0,88.0,0.0
13445,45566,4,lado,24,13,0,11,8,10.6,89.4,0.0
13445,45566,5,lado,24,16,0,8,8,10.4,89.6,0.0
13445,45566,3,centro,24,16,0,8,10,5.6,94.4,0.0
13445,45566,1,centro,24,16,0,8,10,5.6,94.4,0.0
13455,22346,5,lado,32,0,0,32,0,79.4,18.8,1.8
13455,22346,5,esquina,32,0,0,32,0,77.0,22.6,0.4
13455,22346,4,esquina,32,0,0,32,0,73.8,26.2,0.0
13455,22346,5,centro,32,0,4,28,0,73.6,25.6,0.8
13455,22346,4,centro,32,0,0,32,0,73.4,26.2,0.4
13455,22346,3,esquina,32,0,0,32,0,71.0,28.6,0.4
13455,22346,1,esquina,32,0,0,32,0,69.4,30.0,0.6
13455,22346,1,centro,32,0,0,32,0,68.8,29.2,2.0
13455,22346,3,centro,32,0,0,32,0,68.6,30.2,1.2
13455,22346,4,lado,32,0,0,32,0,63.4,34.8,1.8
13455,22346,3,lado,32,1,4,27,12,56.6,42.4,1.0
13455,22346,1,lado,32,1,10,21,12,46.6,51.8,1.6
13455,22356,5,centro,32,4,0,28,12,65.0,34.2,0.8
13455,22356,5,esquina,32,2,0,30,10,57.2,41.2,1.6
13455,22356,3,esquina,32,2,0,30,8,55.6,43.6,0.8
13455,22356,3,centro,32,4,4,24,12,55.4,44.4,0.2
13455,22356,4,esquina,32,2,0,30,10,54.6,44.8,0.6
13455,22356,1,esquina,32,2,0,30,8,54.2,45.2,0.6
13455,22356,4,centro,32,8,0,24,12,51.6,47.8,0.6
13455,22356,5,lado,32,6,0,26,10,50.8,47.6,1.6
13455,22356,1,centro,32,4,4,24,12,46.4,51.4,2.2
13455,22356,4,lado,32,6,0,26,10,45.6,52.4,2.0
13455,22356,3,lado,32,8,2,22,8,41.0,58.2,0.8
13455,22356,1,lado,32,11,2,19,8,32.2,67.0,0.8
13455,22366,5,esquina,24,1,0,23,10,59.4,38.8,1.8
13455,22366,3,esquina,24,1,0,23,8,57.6,41.4,1.0
13455,22366,4,esquina,24,1,0,23,10,55.6,44.0,0.4
13455,22366,1,esquina,24,1,0,23,8,55.2,44.0,0.8
13455,22366,3,centro,24,4,0,20,12,52.2,47.4,0.4
13455,22366,5,centro,24,4,0,20,12,51.2,48.2,0.6
13455,22366,4,centro,24,4,0,20,12,50.6,49.0,0.4
13455,22366,5,lado,24,7,0,17,10,48.6,49.4,2.0
13455,22366,4,lado,24,7,0,17,10,47.2,52.4,0.4
13455,22366,1,centro,24,4,0,20,12,41.2,57.0,1.8
13455,22366,3,lado,24,9,2,13,8,40.6,58.6,0.8
13455,22366,1,lado,24,12,0,12,8,32.2,67.0,0.8
13455,22446,5,lado,24,0,0,24,0,73.4,25.4,1.2
13455,22446,4,esquina,24,0,0,24,0,71.8,27.6,0.6
13455,22446,5,esquina,24,0,0,24,0,71.2,27.6,1.2
13455,22446,3,esquina,24,0,0,24,0,71.2,28.4,0.4
13455,22446,1,esquina,24,0,0,24,0,69.0,30.0,1.0
13455,22446,5,centro,24,4,0,20,12,68.0,31.0,1.0
13455,22446,4,centro,24,0,0,24,0,66.8,33.0,0.2
13455,22446,1,centro,24,0,0,24,0,58.0,41.0,1.0
13455,22446,3,centro,24,0,0,24,0,56.6,41.6,1.8
13455,22446,4,lado,24,1,3,20,12,52.4,47.2,0.4
13455,22446,3,lado,24,1,3,20,12,51.6,46.8,1.6
13455,22446,1,lado,24,1,7,16,12,41.8,56.6,1.6
13455,22456,5,centro,32,4,0,28,12,58.2,41.2,0.6
13455,22456,5,esquina,32,2,0,30,10,52.6,46.4,1.0
13455,22456,1,esquina,32,2,0,30,8,49.6,49.6,0.8
13455,22456,4,esquina,32,2,0,30,8,49.4,50.2,0.4
13455,22456,4,centro,32,8,0,24,12,48.8,51.0,0.2
13455,22456,3,esquina,32,2,0,30,8,47.8,52.0,0.2
13455,22456,5,lado,32,6,0,26,10,45.6,53.2,1.2
13455,22456,3,centro,32,8,0,24,12,42.2,57.2,0.6
13455,22456,1,centro,32,8,0,24,12,38.6,59.8,1.6
13455,22456,3,lado,32,8,2,22,8,35.4,63.6,1.0
13455,22456,4,lado,32,8,2,22,8,33.2,65.8,1.0
13455,22456,1,lado,32,11,2,19,8,27.2,72.0,0.8
13455,22466,5,esquina,24,1,0,23,10,54.8,43.8,1.4
13455,22466,4,esquina,24,1,0,23,8,51.8,47.6,0.6
13455,22466,3,esquina,24,1,0,23,8,51.8,47.8,0.4
13455,22466,1,esquina,24,1,0,23,8,50.2,49.8,0.0
13455,22466,4,centro,24,4,0,20,12,46.0,53.8,0.2
13455,22466,5,centro,24,4,0,20,10,43.8,55.6,0.6
13455,22466,5,lado,24,7,2,15,10,43.4,54.6,2.0
13455,22466,3,centro,24,4,0,20,12,35.6,64.2,0.2
13455,22466,1,centro,24,4,0,20,12,35.4,63.8,0.8
13455,22466,3,lado,24,10,1,13,8,34.8,64.2,1.0
13455,22466,4,lado,24,9,2,13,8,31.8,67.4,0.8
13455,22466,1,lado,24,12,0,12,8,26.2,73.0,0.8
13455,22556,5,centro,24,8,0,16,10,42.0,57.2,0.8
13455,22556,5,esquina,24,2,0,22,8,41.8,58.0,0.2
13455,22556,4,esquina,24,2,0,22,8,41.0,58.6,0.4
13455,22556,3,esquina,24,2,0,22,8,41.0,58.6,0.4
13455,22556,1,esquina,24,2,0,22,8,39.2,60.6,0.2
13455,22556,4,lado,24,9,2,13,8,24.8,74.4,0.8
13455,22556,3,lado,24,9,2,13,8,24.8,74.6,0.6
13455,22556,5,lado,24,10,1,13,8,24.4,75.6,0.0
13455,22556,4,centro,24,16,0,8,10,23.4,76.4,0.2
13455,22556,3,centro,24,16,0,8,10,23.4,76.4,0.2
13455,22556,1,centro,24,16,0,8,10,22.8,77.0,0.2
13455,22556,1,lado,24,11,0,13,8,21.8,77.8,0.4
13455,22566,5,esquina,24,2,0,22,8,39.4,60.6,0.0
13455,22566,4,esquina,24,2,0,22,8,37.0,63.0,0.0
13455,22566,3,esquina,24,2,0,22,8,37.0,63.0,0.0
13455,22566,1,esquina,24,2,0,22,8,36.0,64.0,0.0
13455,22566,5,centro,24,12,0,12,10,33.4,66.6,0.0
13455,22566,4,centro,24,16,0,8,10,21.8,78.2,0.0
13455,22566,3,centro,24,16,0,8,10,21.8,78.2,0.0
13455,22566,4,lado,24,12,1,11,8,21.0,79.0,0.0
13455,22566,3,lado,24,12,1,11,8,21.0,79.0,0.0
13455,22566,1,centro,24,16,0,8,10,20.8,79.2,0.0
13455,22566,5,lado,24,12,1,11,8,19.8,80.2,0.0
13455,22566,1,lado,24,13,0,11,8,18.0,82.0,0.0
13455,23446,5,lado,32,0,0,32,0,76.2,22.6,1.2
13455,23446,4,centro,32,0,0,32,0,71.4,28.2,0.4
13455,23446,5,esquina,32,0,0,32,0,69.6,29.4,1.0
13455,23446,5,centro,32,4,0,28,12,68.0,31.8,0.2
13455,23446,3,esquina,32,0,0,32,0,67.2,32.2,0.6
13455,23446,1,esquina,32,0,0,32,0,66.2,32.4,1.4
13455,23446,3,centro,32,0,0,32,0,66.2,32.4,1.4
13455,23446,4,esquina,32,0,0,32,0,66.0,33.2,0.8
13455,23446,1,centro,32,0,0,32,0,61.6,36.6,1.8
13455,23446,4,lado,32,1,3,28,12,51.6,47.6,0.8
13455,23446,3,lado,32,1,7,24,12,47.0,52.6,0.4
13455,23446,1,lado,32,1,10,21,12,39.0,59.4,1.6
13455,23456,5,centro,40,4,0,36,12,59.0,40.6,0.4
13455,23456,5,esquina,40,2,0,38,10,57.4,42.0,0.6
13455,23456,5,lado,40,8,0,32,10,50.2,48.4,1.4
13455,23456,3,esquina,40,2,0,38,8,50.2,48.8,1.0
13455,23456,4,esquina,40,2,0,38,8,49.4,49.6,1.0
13455,23456,1,esquina,40,2,0,38,8,49.2,50.2,0.6
13455,23456,4,centro,40,8,0,32,12,48.6,51.2,0.2
13455,23456,3,centro,40,8,0,32,12,42.6,56.4,1.0
13455,23456,1,centro,40,8,0,32,12,35.2,63.6,1.2
13455,23456,4,lado,40,10,4,26,8,33.4,65.6,1.0
13455,23456,3,lado,40,13,2,25,8,33.4,66.0,0.6
13455,23456,1,lado,40,16,0,24,8,30.2,69.4,0.4
13455,23466,4,centro,32,4,0,28,12,53.0,46.2,0.8
13455,23466,5,centro,32,4,0,28,10,51.0,49.0,0.0
13455,23466,5,esquina,32,1,0,31,10,50.8,48.2,1.0
13455,23466,1,esquina,32,1,0,31,8,49.6,49.0,1.4
13455,23466,4,esquina,32,1,0,31,8,49.0,50.6,0.4
13455,23466,3,esquina,32,1,0,31,8,48.2,51.4,0.4
13455,23466,3,centro,32,4,0,28,12,47.0,52.4,0.6
13455,23466,5,lado,32,9,2,21,10,44.2,54.8,1.0
13455,23466,1,centro,32,4,0,28,12,38.0,60.8,1.2
13455,23466,4,lado,32,11,2,19,8,32.2,66.6,1.2
13455,23466,3,lado,32,14,0,18,8,30.4,68.6,1.0
13455,23466,1,lado,32,15,0,17,8,27.6,71.8,0.6
13455,23556,5,centro,32,8,0,24,10,52.4,47.4,0.2
13455,23556,4,esquina,32,2,0,30,8,42.2,57.8,0.0
13455,23556,5,esquina,32,2,0,30,8,42.0,58.0,0.0
13455,23556,3,esquina,32,2,0,30,8,41.6,58.2,0.2
13455,23556,1,esquina,32,2,0,30,8,40.2,59.6,0.2
13455,23556,3,centro,32,16,0,16,10,38.0,62.0,0.0
13455,23556,4,centro,32,16,0,16,10,37.2,62.8,0.0
13455,23556,5,lado,32,12,2,18,8,29.4,70.4,0.2
13455,23556,1,centro,32,16,0,16,10,29.2,70.8,0.0
13455,23556,4,lado,32,12,2,18,8,24.8,74.8,0.4
13455,23556,1,lado,32,14,0,18,8,24.2,75.8,0.0
13455,23556,3,lado,32,13,1,18,8,22.8,76.8,0.4
13455,23566,5,centro,32,12,0,20,10,43.4,56.6,0.0
13455,23566,3,esquina,32,2,0,30,8,39.0,61.0,0.0
13455,23566,5,esquina,32,2,0,30,8,38.8,61.2,0.0
13455,23566,4,esquina,32,2,0,30,8,38.2,61.8,0.0
13455,23566,1,esquina,32,2,0,30,8,37.6,62.4,0.0
13455,23566,3,centro,32,16,0,16,10,36.8,63.2,0.0
13455,23566,4,centro,32,16,0,16,10,35.8,64.0,0.2
13455,23566,1,centro,32,16,0,16,10,27.0,73.0,0.0
13455,23566,5,lado,32,14,2,16,8,22.8,77.2,0.0
13455,23566,4,lado,32,14,2,16,8,20.8,79.2,0.0
13455,23566,1,lado,32,16,0,16,8,20.0,80.0,0.0
13455,23566,3,lado,32,15,1,16,8,19.6,80.4,0.0
13455,24456,5,centro,32,4,0,28,12,56.6,43.2,0.2
13455,24456,5,esquina,32,2,0,30,10,48.8,50.6,0.6
13455,24456,4,centro,32,8,0,24,12,46.6,53.2,0.2
13455,24456,4,esquina,32,2,0,30,8,45.4,54.2,0.4
13455,24456,1,esquina,32,2,0,30,8,45.0,54.6,0.4
13455,24456,3,esquina,32,2,0,30,8,44.2,55.6,0.2
13455,24456,5,lado,32,6,0,26,10,42.0,57.4,0.6
13455,24456,3,centro,32,8,0,24,12,39.0,60.8,0.2
13455,24456,1,centro,32,8,0,24,12,33.4,65.0,1.6
13455,24456,3,lado,32,10,2,20,8,31.2,68.4,0.4
13455,24456,4,lado,32,11,1,20,8,29.2,70.2,0.6
13455,24456,1,lado,32,13,0,19,8,26.0,73.0,1.0
13455,24466,5,esquina,24,1,0,23,10,50.6,49.4,0.0
13455,24466,3,esquina,24,1,0,23,8,46.8,53.0,0.2
13455,24466,4,esquina,24,1,0,23,8,46.2,53.2,0.6
13455,24466,1,esquina,24,1,0,23,8,45.0,54.8,0.2
13455,24466,5,centro,24,4,0,20,10,44.2,55.8,0.0
13455,24466,4,centro,24,4,0,20,12,44.2,55.8,0.0
13455,24466,5,lado,24,7,2,15,10,39.2,60.0,0.8
13455,24466,3,centro,24,4,0,20,12,34.2,65.4,0.4
13455,24466,1,centro,24,4,0,20,12,29.4,70.0,0.6
13455,24466,3,lado,24,11,0,13,8,28.2,70.6,1.2
13455,24466,4,lado,24,10,1,13,8,26.0,73.4,0.6
13455,24466,1,lado,24,12,0,12,8,25.0,74.2,0.8
13455,24556,5,centro,32,8,0,24,10,47.0,52.8,0.2
13455,24556,4,esquina,32,2,0,30,8,39.4,60.6,0.0
13455,24556,3,esquina,32,2,0,30,8,38.8,61.2,0.0
13455,24556,5,esquina,32,2,0,30,8,38.6,61.4,0.0
13455,24556,1,esquina,32,2,0,30,8,38.4,61.4,0.2
13455,24556,4,centro,32,16,0,16,10,35.6,64.4,0.0
13455,24556,3,centro,32,16,0,16,10,29.8,70.2,0.0
13455,24556,5,lado,32,13,1,18,8,29.0,70.6,0.4
13455,24556,1,centro,32,16,0,16,10,24.8,75.2,0.0
13455,24556,1,lado,32,14,0,18,8,23.4,76.6,0.0
13455,24556,3,lado,32,13,1,18,8,23.2,76.4,0.4
13455,24556,4,lado,32,13,1,18,8,21.6,78.2,0.2
13455,24566,5,centro,32,12,0,20,10,41.8,58.2,0.0
13455,24566,5,esquina,32,2,0,30,8,36.4,63.6,0.0
13455,24566,4,esquina,32,2,0,30,8,36.2,63.8,0.0
13455,24566,3,esquina,32,2,0,30,8,35.6,64.4,0.0
13455,24566,1,esquina,32,2,0,30,8,35.2,64.8,0.0
13455,24566,4,centro,32,16,0,16,10,35.0,65.0,0.0
13455,24566,3,centro,32,16,0,16,10,27.8,72.2,0.0
13455,24566,1,centro,32,16,0,16,10,23.4,76.6,0.0
13455,24566,5,lado,32,15,1,16,8,22.2,77.8,0.0
13455,24566,3,lado,32,15,1,16,8,21.0,79.0,0.0
13455,24566,1,lado,32,16,0,16,8,19.2,80.8,0.0
13455,24566,4,lado,32,15,1,16,8,18.2,81.8,0.0
13455,25566,5,esquina,24,2,0,22,8,34.8,65.2,0.0
13455,25566,4,esquina,24,2,0,22,8,32.4,67.6,0.0
13455,25566,3,esquina,24,2,0,22,8,32.4,67.6,0.0
13455,25566,5,centro,24,12,0,12,10,31.4,68.6,0.0
13455,25566,1,esquina,24,2,0,22,8,31.2,68.6,0.2
13455,25566,3,centro,24,16,0,8,10,20.2,79.8,0.0
13455,25566,4,centro,24,16,0,8,10,20.2,79.8,0.0
13455,25566,4,lado,24,13,0,11,8,16.8,83.2,0.0
13455,25566,3,lado,24,13,0,11,8,16.8,83.0,0.2
13455,25566,1,lado,24,13,0,11,8,16.4,83.6,0.0
13455,25566,1,centro,24,16,0,8,10,15.8,84.2,0.0
13455,25566,5,lado,24,13,0,11,8,15.2,84.8,0.0
13455,34456,5,centro,32,4,0,28,12,54.0,45.6,0.4
13455,34456,5,esquina,32,2,0,30,10,45.4,54.2,0.4
13455,34456,3,esquina,32,2,0,30,8,43.6,56.2,0.2
13455,34456,4,centro,32,8,0,24,12,42.8,57.2,0.0
13455,34456,4,esquina,32,2,0,30,8,42.2,57.6,0.2
13455,34456,1,esquina,32,2,0,30,8,42.0,57.8,0.2
13455,34456,5,lado,32,6,0,26,10,40.8,58.0,1.2
13455,34456,3,centro,32,8,0,24,12,38.4,61.2,0.4
13455,34456,1,centro,32,8,0,24,12,29.6,69.2,1.2
13455,34456,4,lado,32,11,1,20,8,28.8,70.8,0.4
13455,34456,1,lado,32,13,0,19,8,25.0,74.4,0.6
13455,34456,3,lado,32,13,0,19,8,24.0,75.0,1.0
13455,34466,5,esquina,24,1,0,23,10,48.6,51.4,0.0
13455,34466,3,esquina,24,1,0,23,8,45.2,54.6,0.2
13455,34466,4,esquina,24,1,0,23,8,44.0,56.0,0.0
13455,34466,1,esquina,24,1,0,23,8,42.0,57.8,0.2
13455,34466,4,centro,24,4,0,20,12,41.6,58.4,0.0
13455,34466,5,centro,24,4,0,20,10,41.2,58.8,0.0
13455,34466,5,lado,24,7,2,15,10,37.2,62.0,0.8
13455,34466,3,centro,24,4,0,20,12,34.6,65.2,0.2
13455,34466,1,centro,24,4,0,20,12,26.4,73.2,0.4
13455,34466,4,lado,24,10,1,13,8,25.8,73.8,0.4
13455,34466,1,lado,24,12,0,12,8,23.8,75.8,0.4
13455,34466,3,lado,24,12,0,12,8,22.0,77.8,0.2
13455,34556,5,centro,32,8,0,24,10,44.6,55.2,0.2
13455,34556,3,esquina,32,2,0,30,8,38.6,61.4,0.0
13455,34556,4,esquina,32,2,0,30,8,36.8,63.2,0.0
13455,34556,1,esquina,32,2,0,30,8,36.6,63.4,0.0
13455,34556,5,esquina,32,2,0,30,8,36.0,64.0,0.0
13455,34556,4,centro,32,16,0,16,10,33.4,66.6,0.0
13455,34556,3,centro,32,16,0,16,10,29.2,70.8,0.0
13455,34556,5,lado,32,13,1,18,8,27.0,72.6,0.4
13455,34556,1,lado,32,14,0,18,8,22.2,77.8,0.0
13455,34556,3,lado,32,14,0,18,8,21.4,78.6,0.0
13455,34556,4,lado,32,13,1,18,8,21.0,78.8,0.2
13455,34556,1,centro,32,16,0,16,10,21.0,79.0,0.0
13455,34566,5,centro,32,12,0,20,10,39.0,61.0,0.0
13455,34566,3,esquina,32,2,0,30,8,35.4,64.6,0.0
13455,34566,4,esquina,32,2,0,30,8,34.0,66.0,0.0
13455,34566,1,esquina,32,2,0,30,8,34.0,66.0,0.0
13455,34566,5,esquina,32,2,0,30,8,33.4,66.6,0.0
13455,34566,4,centro,32,16,0,16,10,32.2,67.8,0.0
13455,34566,3,centro,32,16,0,16,10,28.0,72.0,0.0
13455,34566,5,lado,32,15,1,16,8,20.8,79.2,0.0
13455,34566,1,centro,32,16,0,16,10,20.2,79.8,0.0
13455,34566,1,lado,32,16,0,16,8,18.4,81.6,0.0
13455,34566,4,lado,32,15,1,16,8,17.6,82.4,0.0
13455,34566,3,lado,32,16,0,16,8,17.6,82.4,0.0
13455,35566,5,esquina,24,2,0,22,8,34.0,66.0,0.0
13455,35566,3,esquina,24,2,0,22,8,31.2,68.8,0.0
13455,35566,4,esquina,24,2,0,22,8,30.8,69.2,0.0
13455,35566,1,esquina,24,2,0,22,8,29.0,71.0,0.0
13455,35566,5,centro,24,12,0,12,10,27.6,72.4,0.0
13455,35566,3,centro,24,16,0,8,10,21.0,79.0,0.0
13455,35566,4,centro,24,16,0,8,10,18.4,81.6,0.0
13455,35566,1,lado,24,13,0,11,8,16.4,83.6,0.0
13455,35566,4,lado,24,13,0,11,8,15.6,84.4,0.0
13455,35566,5,lado,24,13,0,11,8,14.8,85.2,0.0
13455,35566,3,lado,24,13,0,11,8,14.6,85.4,0.0
13455,35566,1,centro,24,16,0,8,10,12.6,87.4,0.0
13455,44556,4,esquina,24,2,0,22,8,35.0,64.4,0.6
13455,44556,5,esquina,24,2,0,22,8,34.2,65.8,0.0
13455,44556,3,esquina,24,2,0,22,8,33.4,66.2,0.4
13455,44556,1,esquina,24,2,0,22,8,33.4,66.2,0.4
13455,44556,5,centro,24,8,0,16,10,30.0,69.8,0.2
13455,44556,5,lado,24,11,0,13,8,22.2,77.8,0.0
13455,44556,4,centro,24,16,0,8,10,20.2,79.8,0.0
13455,44556,3,lado,24,11,0,13,8,18.8,81.0,0.2
13455,44556,1,lado,24,11,0,13,8,18.8,81.0,0.2
13455,44556,4,lado,24,11,0,13,8,16.0,83.8,0.2
13455,44556,3,centro,24,16,0,8,10,11.6,88.4,0.0
13455,44556,1,centro,24,16,0,8,10,11.6,88.4,0.0
13455,44566,5,esquina,24,2,0,22,8,32.8,67.2,0.0
13455,44566,4,esquina,24,2,0,22,8,32.6,67.4,0.0
13455,44566,3,esquina,24,2,0,22,8,30.6,69.4,0.0
13455,44566,1,esquina,24,2,0,22,8,30.6,69.4,0.0
13455,44566,5,centro,24,12,0,12,10,24.2,75.8,0.0
13455,44566,4,centro,24,16,0,8,10,19.0,81.0,0.0
13455,44566,5,lado,24,13,0,11,8,18.2,81.8,0.0
13455,44566,3,lado,24,13,0,11,8,15.8,84.2,0.0
13455,44566,1,lado,24,13,0,11,8,15.8,84.2,0.0
13455,44566,4,lado,24,13,0,11,8,13.6,86.4,0.0
13455,44566,3,centro,24,16,0,8,10,10.0,90.0,0.0
13455,44566,1,centro,24,16,0,8,10,10.0,90.0,0.0
13455,45566,5,esquina,24,2,0,22,8,32.2,67.8,0.0
13455,45566,4,esquina,24,2,0,22,8,28.0,72.0,0.0
13455,45566,3,esquina,24,2,0,22,8,27.8,72.2,0.0
13455,45566,1,esquina,24,2,0,22,8,27.8,72.2,0.0
13455,45566,5,centro,24,12,0,12,10,23.4,76.6,0.0
13455,45566,4,centro,24,16,0,8,10,18.0,82.0,0.0
13455,45566,5,lado,24,13,0,11,8,15.0,85.0,0.0
13455,45566,3,lado,24,13,0,11,8,14.4,85.6,0.0
13455,45566,1,lado,24,13,0,11,8,14.4,85.6,0.0
13455,45566,4,lado,24,13,0,11,8,11.2,88.8,0.0
13455,45566,3,centro,24,16,0,8,10,8.6,91.4,0.0
13455,45566,1,centro,24,16,0,8,10,8.6,91.4,0.0
14455,22336,4,esquina,24,0,0,24,0,84.2,15.4,0.4
14455,22336,5,esquina,24,0,0,24,0,83.2,16.2,0.6
14455,22336,4,centro,24,0,0,24,0,82.6,17.2,0.2
14455,22336,5,centro,24,0,0,24,0,82.4,16.8,0.8
14455,22336,4,lado,24,0,0,24,0,82.0,17.8,0.2
14455,22336,5,lado,24,0,0,24,0,81.6,17.8,0.6
14455,22336,1,centro,24,0,0,24,0,79.2,18.2,2.6
14455,22336,1,esquina,24,0,0,24,0,77.6,21.4,1.0
14455,22336,1,lado,24,1,7,16,12,59.0,40.0,1.0
14455,22346,5,centro,32,0,0,32,0,81.2,18.2,0.6
14455,22346,5,lado,32,0,0,32,0,78.8,20.4,0.8
14455,22346,5,esquina,32,0,0,32,0,78.6,21.4,0.0
14455,22346,4,centro,32,0,0,32,0,77.4,21.8,0.8
14455,22346,4,esquina,32,0,0,32,0,76.8,22.6,0.6
14455,22346,1,centro,32,0,0,32,0,74.2,24.0,1.8
14455,22346,1,esquina,32,0,0,32,0,74.0,25.0,1.0
14455,22346,4,lado,32,0,0,32,0,70.0,29.8,0.2
14455,22346,1,lado,32,1,10,21,12,49.4,49.0,1.6
14455,22356,5,centro,32,4,0,28,12,69.0,30.4,0.6
14455,22356,5,esquina,32,2,0,30,10,60.0,38.8,1.2
14455,22356,4,esquina,32,2,0,30,10,58.8,40.2,1.0
14455,22356,4,centro,32,4,4,24,12,56.2,43.4,0.4
14455,22356,1,esquina,32,2,0,30,8,54.6,44.2,1.2
14455,22356,5,lado,32,6,0,26,10,53.8,44.6,1.6
14455,22356,4,lado,32,6,0,26,10,50.2,48.0,1.8
14455,22356,1,centro,32,4,0,28,12,47.8,50.8,1.4
14455,22356,1,lado,32,11,2,19,8,34.4,64.0,1.6
14455,22366,4,esquina,24,1,0,23,10,59.6,39.2,1.2
14455,22366,5,esquina,24,1,0,23,10,58.4,39.6,2.0
14455,22366,5,centro,24,4,0,20,12,55.8,43.4,0.8
14455,22366,4,centro,24,4,0,20,12,54.8,44.6,0.6
14455,22366,1,esquina,24,1,0,23,8,54.4,45.0,0.6
14455,22366,5,lado,24,7,0,17,10,51.4,47.6,1.0
14455,22366,4,lado,24,7,0,17,10,51.2,46.8,2.0
14455,22366,1,centro,24,4,0,20,12,44.8,52.8,2.4
14455,22366,1,lado,24,12,0,12,8,33.6,65.4,1.0
14455,23346,5,centro,32,0,0,32,0,81.0,18.2,0.8
14455,23346,5,lado,32,0,0,32,0,79.6,19.4,1.0
14455,23346,4,centro,32,0,0,32,0,78.6,20.8,0.6
14455,23346,4,esquina,32,0,0,32,0,76.8,23.0,0.2
14455,23346,5,esquina,32,0,0,32,0,76.6,23.0,0.4
14455,23346,1,esquina,32,0,0,32,0,73.8,24.8,1.4
14455,23346,1,centro,32,0,0,32,0,72.8,25.6,1.6
14455,23346,4,lado,32,0,0,32,0,69.4,29.8,0.8
14455,23346,1,lado,32,1,10,21,12,50.6,48.2,1.2
14455,23356,5,centro,32,4,0,28,12,69.6,29.8,0.6
14455,23356,5,esquina,32,2,0,30,10,58.8,40.0,1.2
14455,23356,4,esquina,32,2,0,30,10,58.2,41.2,0.6
14455,23356,4,centro,32,4,4,24,12,56.4,43.0,0.6
14455,23356,5,lado,32,6,0,26,10,54.2,44.2,1.6
14455,23356,1,esquina,32,2,0,30,8,53.6,45.6,0.8
14455,23356,4,lado,32,6,0,26,10,51.4,47.0,1.6
14455,23356,1,centro,32,4,0,28,12,47.8,49.6,2.6
14455,23356,1,lado,32,11,2,19,8,34.8,64.4,0.8
14455,23366,4,esquina,24,1,0,23,10,59.2,39.8,1.0
14455,23366,5,esquina,24,1,0,23,10,58.8,39.8,1.4
14455,23366,4,centro,24,4,0,20,12,56.6,42.6,0.8
14455,23366,5,centro,24,4,0,20,12,56.4,43.2,0.4
14455,23366,1,esquina,24,1,0,23,8,54.4,44.6,1.0
14455,23366,4,lado,24,7,0,17,10,48.6,49.4,2.0
14455,23366,5,lado,24,7,0,17,10,47.8,51.4,0.8
14455,23366,1,centro,24,4,0,20,12,42.2,54.4,3.4
14455,23366,1,lado,24,12,0,12,8,34.6,63.8,1.6
14455,23446,5,centro,32,0,0,32,0,77.2,21.6,1.2
14455,23446,5,lado,32,0,0,32,0,75.6,23.2,1.2
14455,23446,5,esquina,32,0,0,32,0,74.2,24.8,1.0
14455,23446,4,centro,32,0,0,32,0,74.2,24.0,1.8
14455,23446,4,esquina,32,0,0,32,0,72.8,26.6,0.6
14455,23446,1,esquina,32,0,0,32,0,70.8,28.8,0.4
14455,23446,1,centro,32,0,0,32,0,68.8,29.6,1.6
14455,23446,4,lado,32,0,2,30,0,57.0,42.2,0.8
14455,23446,1,lado,32,1,10,21,12,45.2,53.6,1.2
14455,23456,5,centro,40,4,0,36,12,62.8,37.0,0.2
14455,23456,4,esquina,40,2,0,38,8,56.2,43.0,0.8
14455,23456,5,esquina,40,2,0,38,10,55.2,44.0,0.8
14455,23456,1,esquina,40,2,0,38,8,53.2,46.0,0.8
14455,23456,4,centro,40,8,0,32,12,51.8,47.6,0.6
14455,23456,5,lado,40,8,0,32,10,50.0,48.6,1.4
14455,23456,1,centro,40,8,0,32,12,43.0,56.0,1.0
14455,23456,4,lado,40,10,2,28,8,37.2,61.2,1.6
14455,23456,1,lado,40,14,2,24,8,32.6,67.0,0.4
14455,23466,5,esquina,32,1,0,31,10,57.0,42.6,0.4
14455,23466,5,centro,32,4,0,28,10,56.8,42.8,0.4
14455,23466,4,centro,32,4,0,28,12,54.8,44.6,0.6
14455,23466,4,esquina,32,1,0,31,8,53.6,45.8,0.6
14455,23466,1,esquina,32,1,0,31,8,50.0,49.4,0.6
14455,23466,5,lado,32,9,2,21,10,41.2,57.8,1.0
14455,23466,1,centro,32,4,0,28,12,37.8,61.0,1.2
14455,23466,4,lado,32,11,2,19,8,33.6,65.2,1.2
14455,23466,1,lado,32,15,0,17,8,29.6,69.8,0.6
14455,23556,5,centro,32,8,0,24,10,51.4,48.2,0.4
14455,23556,5,esquina,32,2,0,30,8,45.0,55.0,0.0
14455,23556,4,esquina,32,2,0,30,8,44.0,55.8,0.2
14455,23556,1,esquina,32,2,0,30,8,42.2,57.8,0.0
14455,23556,4,centro,32,16,0,16,10,38.2,61.8,0.0
14455,23556,5,lado,32,12,2,18,8,29.2,70.4,0.4
14455,23556,1,centro,32,16,0,16,10,26.8,73.2,0.0
14455,23556,1,lado,32,14,0,18,8,26.0,73.8,0.2
14455,23556,4,lado,32,11,3,18,8,25.0,74.6,0.4
14455,23566,5,centro,32,12,0,20,10,45.2,54.8,0.0
14455,23566,5,esquina,32,2,0,30,8,43.0,57.0,0.0
14455,23566,4,esquina,32,2,0,30,8,40.2,59.8,0.0
14455,23566,1,esquina,32,2,0,30,8,39.6,60.4,0.0
14455,23566,4,centro,32,16,0,16,10,37.2,62.8,0.0
14455,23566,1,centro,32,16,0,16,10,24.4,75.6,0.0
14455,23566,5,lado,32,14,2,16,8,22.4,77.6,0.0
14455,23566,1,lado,32,16,0,16,8,21.4,78.6,0.0
14455,23566,4,lado,32,14,2,16,8,20.6,79.4,0.0
14455,33446,4,esquina,24,0,0,24,0,75.2,24.0,0.8
14455,33446,5,lado,24,0,0,24,0,74.8,24.4,0.8
14455,33446,5,esquina,24,0,0,24,0,74.8,24.2,1.0
14455,33446,5,centro,24,0,0,24,0,72.6,27.0,0.4
14455,33446,4,centro,24,0,0,24,0,69.8,29.8,0.4
14455,33446,1,esquina,24,0,0,24,0,69.6,29.0,1.4
14455,33446,1,centro,24,0,0,24,0,66.8,30.6,2.6
14455,33446,4,lado,24,0,2,22,0,57.6,42.0,0.4
14455,33446,1,lado,24,1,7,16,12,51.2,47.6,1.2
14455,33456,5,centro,32,4,0,28,12,60.4,39.2,0.4
14455,33456,5,esquina,32,2,0,30,10,53.4,45.8,0.8
14455,33456,4,centro,32,8,0,24,12,50.8,49.0,0.2
14455,33456,4,esquina,32,2,0,30,8,50.4,49.4,0.2
14455,33456,1,esquina,32,2,0,30,8,49.6,48.8,1.6
14455,33456,5,lado,32,6,0,26,10,48.0,51.2,0.8
14455,33456,4,lado,32,8,2,22,8,35.6,63.4,1.0
14455,33456,1,centro,32,8,0,24,12,35.0,64.4,0.6
14455,33456,1,lado,32,11,2,19,8,29.8,69.4,0.8
14455,33466,4,esquina,24,1,0,23,8,53.2,46.4,0.4
14455,33466,5,esquina,24,1,0,23,10,52.4,47.2,0.4
14455,33466,1,esquina,24,1,0,23,8,50.2,49.2,0.6
14455,33466,4,centro,24,4,0,20,12,48.4,51.4,0.2
14455,33466,5,centro,24,4,0,20,10,47.8,52.0,0.2
14455,33466,5,lado,24,7,2,15,10,43.2,55.6,1.2
14455,33466,1,centro,24,4,0,20,12,34.4,64.6,1.0
14455,33466,4,lado,24,9,2,13,8,34.2,65.6,0.2
14455,33466,1,lado,24,12,0,12,8,29.4,70.0,0.6
14455,33556,5,centro,24,8,0,16,10,44.0,55.8,0.2
14455,33556,4,esquina,24,2,0,22,8,41.0,58.6,0.4
14455,33556,5,esquina,24,2,0,22,8,39.6,60.2,0.2
14455,33556,1,esquina,24,2,0,22,8,39.4,60.6,0.0
14455,33556,4,lado,24,9,2,13,8,24.8,74.6,0.6
14455,33556,5,lado,24,10,1,13,8,24.2,75.8,0.0
14455,33556,1,lado,24,11,0,13,8,23.8,76.2,0.0
14455,33556,4,centro,24,16,0,8,10,23.4,76.4,0.2
14455,33556,1,centro,24,16,0,8,10,23.2,76.8,0.0
14455,33566,1,esquina,24,2,0,22,8,37.4,62.6,0.0
14455,33566,4,esquina,24,2,0,22,8,37.0,63.0,0.0
14455,33566,5,esquina,24,2,0,22,8,36.0,64.0,0.0
14455,33566,5,centro,24,12,0,12,10,33.0,67.0,0.0
14455,33566,4,centro,24,16,0,8,10,21.8,78.2,0.0
14455,33566,4,lado,24,12,1,11,8,21.0,79.0,0.0
14455,33566,5,lado,24,12,1,11,8,20.6,79.4,0.0
14455,33566,1,centro,24,16,0,8,10,19.6,80.4,0.0
14455,33566,1,lado,24,13,0,11,8,18.6,81.4,0.0
14455,34456,5,centro,32,4,0,28,12,60.6,39.2,0.2
14455,34456,5,esquina,32,2,0,30,10,51.4,48.4,0.2
14455,34456,4,centro,32,8,0,24,12,48.6,51.0,0.4
14455,34456,1,esquina,32,2,0,30,8,48.0,51.4,0.6
14455,34456,4,esquina,32,2,0,30,8,47.8,51.8,0.4
14455,34456,5,lado,32,6,0,26,10,44.0,55.6,0.4
14455,34456,1,centro,32,8,0,24,12,32.4,67.0,0.6
14455,34456,4,lado,32,9,3,20,8,31.4,68.2,0.4
14455,34456,1,lado,32,13,0,19,8,30.0,69.8,0.2
14455,34466,5,esquina,24,1,0,23,10,48.8,50.8,0.4
14455,34466,4,esquina,24,1,0,23,8,48.2,51.6,0.2
14455,34466,1,esquina,24,1,0,23,8,47.0,52.6,0.4
14455,34466,5,centro,24,4,0,20,10,45.4,54.6,0.0
14455,34466,4,centro,24,4,0,20,12,45.4,54.6,0.0
14455,34466,5,lado,24,7,2,15,10,37.8,61.0,1.2
14455,34466,1,centro,24,4,0,20,12,29.0,70.4,0.6
14455,34466,4,lado,24,10,1,13,8,27.4,71.8,0.8
14455,34466,1,lado,24,12,0,12,8,26.8,72.8,0.4
14455,34556,5,centro,32,8,0,24,10,45.4,54.2,0.4
14455,34556,5,esquina,32,2,0,30,8,43.2,56.8,0.0
14455,34556,4,esquina,32,2,0,30,8,40.2,59.8,0.0
14455,34556,1,esquina,32,2,0,30,8,38.2,61.6,0.2
14455,34556,4,centro,32,16,0,16,10,36.8,63.2,0.0
14455,34556,5,lado,32,13,1,18,8,26.6,73.2,0.2
14455,34556,1,lado,32,14,0,18,8,23.6,76.2,0.2
14455,34556,4,lado,32,13,1,18,8,22.4,77.0,0.6
14455,34556,1,centro,32,16,0,16,10,21.4,78.6,0.0
14455,34566,5,centro,32,12,0,20,10,43.2,56.8,0.0
14455,34566,5,esquina,32,2,0,30,8,40.2,59.8,0.0
14455,34566,4,esquina,32,2,0,30,8,37.0,63.0,0.0
14455,34566,1,esquina,32,2,0,30,8,36.4,63.6,0.0
14455,34566,4,centro,32,16,0,16,10,35.4,64.6,0.0
14455,34566,5,lado,32,15,1,16,8,21.8,78.2,0.0
14455,34566,1,lado,32,16,0,16,8,21.0,79.0,0.0
14455,34566,1,centro,32,16,0,16,10,19.4,80.6,0.0
14455,34566,4,lado,32,15,1,16,8,19.2,80.8,0.0
14455,35566,1,esquina,24,2,0,22,8,33.8,66.2,0.0
14455,35566,5,esquina,24,2,0,22,8,33.0,67.0,0.0
14455,35566,4,esquina,24,2,0,22,8,32.4,67.6,0.0
14455,35566,5,centro,24,12,0,12,10,30.6,69.4,0.0
14455,35566,4,centro,24,16,0,8,10,20.2,79.8,0.0
14455,35566,4,lado,24,13,0,11,8,16.8,83.2,0.0
14455,35566,5,lado,24,13,0,11,8,16.2,83.8,0.0
14455,35566,1,lado,24,13,0,11,8,16.2,83.8,0.0
14455,35566,1,centro,24,16,0,8,10,14.4,85.6,0.0
22335,14456,3,esquina,32,2,0,30,8,41.0,59.0,0.0
22335,14456,2,esquina,32,2,0,30,8,40.0,60.0,0.0
22335,14456,5,centro,32,16,0,16,10,35.4,64.6,0.0
22335,14456,5,esquina,32,3,0,29,8,34.2,65.8,0.0
22335,14456,3,centro,32,8,0,24,10,33.2,66.8,0.0
22335,14456,2,centro,32,8,0,24,10,32.0,68.0,0.0
22335,14456,5,lado,32,20,1,11,8,27.2,72.6,0.2
22335,14456,2,lado,32,16,0,16,8,24.0,75.8,0.2
22335,14456,3,lado,32,16,0,16,8,22.8,77.0,0.2
22335,14466,3,esquina,24,1,0,23,8,43.8,56.2,0.0
22335,14466,2,esquina,24,1,0,23,8,43.0,57.0,0.0
22335,14466,5,centro,24,12,0,12,10,40.0,60.0,0.0
22335,14466,5,esquina,24,2,0,22,8,37.2,62.4,0.4
22335,14466,3,centro,24,4,0,20,10,34.0,66.0,0.0
22335,14466,2,centro,24,4,0,20,10,33.0,67.0,0.0
22335,14466,5,lado,24,14,1,9,8,30.6,69.2,0.2
22335,14466,3,lado,24,12,0,12,8,25.4,74.6,0.0
22335,14466,2,lado,24,12,0,12,8,24.2,75.8,0.0
22335,14556,3,esquina,32,2,0,30,8,39.2,60.6,0.2
22335,14556,2,esquina,32,2,0,30,8,38.4,61.4,0.2
22335,14556,5,esquina,32,3,0,29,8,33.2,66.8,0.0
22335,14556,3,centro,32,16,0,16,10,29.4,70.6,0.0
22335,14556,5,centro,32,16,0,16,10,29.0,71.0,0.0
22335,14556,2,centro,32,16,0,16,10,27.8,72.2,0.0
22335,14556,5,lado,32,20,1,11,8,21.4,78.6,0.0
22335,14556,2,lado,32,17,0,15,8,19.2,80.8,0.0
22335,14556,3,lado,32,17,0,15,8,18.0,82.0,0.0
22335,14566,3,esquina,32,2,0,30,8,37.2,62.8,0.0
22335,14566,2,esquina,32,2,0,30,8,36.2,63.8,0.0
22335,14566,5,esquina,32,3,0,29,8,31.6,68.4,0.0
22335,14566,3,centro,32,16,0,16,10,29.0,71.0,0.0
22335,14566,5,centro,32,16,0,16,10,28.8,71.2,0.0
22335,14566,2,centro,32,16,0,16,10,27.6,72.4,0.0
22335,14566,5,lado,32,20,1,11,8,22.0,78.0,0.0
22335,14566,2,lado,32,17,0,15,8,17.4,82.6,0.0
22335,14566,3,lado,32,17,0,15,8,16.4,83.6,0.0
22345,13446,4,centro,32,4,0,28,12,64.2,35.8,0.0
22345,13446,3,esquina,32,1,0,31,10,61.4,38.2,0.4
22345,13446,3,centro,32,4,0,28,12,60.4,39.4,0.2
22345,13446,4,esquina,32,1,0,31,10,59.0,40.6,0.4
22345,13446,2,esquina,32,1,0,31,10,57.4,42.2,0.4
22345,13446,5,centro,32,8,0,24,10,56.8,43.2,0.0
22345,13446,5,lado,32,1,1,30,10,56.4,43.0,0.6
22345,13446,5,esquina,32,2,0,30,10,54.4,45.2,0.4
22345,13446,2,centro,32,4,0,28,12,48.2,51.8,0.0
22345,13446,2,lado,32,7,1,24,10,43.0,56.6,0.4
22345,13446,4,lado,32,4,4,24,10,40.8,58.8,0.4
22345,13446,3,lado,32,7,1,24,10,36.8,62.6,0.6
22345,13456,5,centro,40,12,0,28,10,52.8,47.2,0.0
22345,13456,2,esquina,40,2,0,38,8,47.4,52.2,0.4
22345,13456,3,esquina,40,2,0,38,8,45.6,54.2,0.2
22345,13456,4,centro,40,8,0,32,10,43.8,55.8,0.4
22345,13456,4,esquina,40,2,0,38,8,43.8,55.6,0.6
22345,13456,5,esquina,40,3,0,37,8,41.2,58.2,0.6
22345,13456,3,centro,40,8,0,32,10,39.8,60.2,0.0
22345,13456,5,lado,40,18,1,21,8,33.6,65.8,0.6
22345,13456,2,centro,40,8,0,32,10,33.2,66.6,0.2
22345,13456,2,lado,40,18,0,22,8,30.6,69.0,0.4
22345,13456,4,lado,40,15,0,25,8,27.8,71.8,0.4
22345,13456,3,lado,40,18,0,22,8,25.6,73.6,0.8
22345,13466,4,centro,32,4,0,28,10,50.6,49.4,0.0
22345,13466,3,esquina,32,1,0,31,8,50.0,49.8,0.2
22345,13466,5,centro,32,12,0,20,10,49.4,50.4,0.2
22345,13466,4,esquina,32,1,0,31,8,49.2,50.8,0.0
22345,13466,2,esquina,32,1,0,31,8,46.0,54.0,0.0
22345,13466,5,esquina,32,2,0,30,8,45.6,54.4,0.0
22345,13466,3,centro,32,4,0,28,10,44.8,54.8,0.4
22345,13466,5,lado,32,14,1,17,8,34.2,64.8,1.0
22345,13466,2,centro,32,4,0,28,10,33.0,66.4,0.6
22345,13466,2,lado,32,14,0,18,8,30.0,70.0,0.0
22345,13466,4,lado,32,13,0,19,8,29.0,70.6,0.4
22345,13466,3,lado,32,14,0,18,8,26.6,73.0,0.4
22345,13556,5,centro,32,8,0,24,10,45.0,55.0,0.0
22345,13556,4,esquina,32,2,0,30,8,42.8,57.0,0.2
22345,13556,3,esquina,32,2,0,30,8,42.2,57.6,0.2
22345,13556,5,esquina,32,2,0,30,8,41.2,58.8,0.0
22345,13556,2,esquina,32,2,0,30,8,38.2,61.8,0.0
22345,13556,4,centro,32,16,0,16,10,38.0,62.0,0.0
22345,13556,3,centro,32,16,0,16,10,38.0,62.0,0.0
22345,13556,2,centro,32,16,0,16,10,30.4,69.6,0.0
22345,13556,4,lado,32,13,1,18,8,24.2,75.8,0.0
22345,13556,2,lado,32,15,1,16,8,22.6,77.4,0.0
22345,13556,5,lado,32,17,1,14,8,22.4,77.6,0.0
22345,13556,3,lado,32,15,1,16,8,20.2,79.8,0.0
22345,13566,5,centro,32,12,0,20,10,45.2,54.8,0.0
22345,13566,3,esquina,32,2,0,30,8,42.0,58.0,0.0
22345,13566,4,esquina,32,2,0,30,8,41.0,59.0,0.0
22345,13566,5,esquina,32,2,0,30,8,39.6,60.4,0.0
22345,13566,4,centro,32,16,0,16,10,38.2,61.8,0.0
22345,13566,3,centro,32,16,0,16,10,38.0,62.0,0.0
22345,13566,2,esquina,32,2,0,30,8,36.4,63.6,0.0
22345,13566,2,centro,32,16,0,16,10,28.4,71.6,0.0
22345,13566,4,lado,32,15,1,16,8,21.2,78.8,0.0
22345,13566,2,lado,32,15,1,16,8,20.6,79.4,0.0
22345,13566,5,lado,32,17,1,14,8,20.2,79.8,0.0
22345,13566,3,lado,32,15,1,16,8,18.6,81.2,0.2
22345,14456,5,centro,32,16,0,16,10,44.2,55.8,0.0
22345,14456,4,esquina,32,2,0,30,8,42.6,57.4,0.0
22345,14456,3,esquina,32,2,0,30,8,41.2,58.8,0.0
22345,14456,2,esquina,32,2,0,30,8,40.8,59.2,0.0
22345,14456,4,centro,32,8,0,24,10,39.0,61.0,0.0
22345,14456,5,esquina,32,3,0,29,8,38.4,61.6,0.0
22345,14456,3,centro,32,8,0,24,10,34.2,65.8,0.0
22345,14456,2,centro,32,8,0,24,10,31.4,68.6,0.0
22345,14456,5,lado,32,16,1,15,8,28.8,71.0,0.2
22345,14456,3,lado,32,15,0,17,8,24.6,75.2,0.2
22345,14456,2,lado,32,15,0,17,8,23.4,76.6,0.0
22345,14456,4,lado,32,16,0,16,8,22.2,77.8,0.0
22345,14466,3,esquina,24,1,0,23,8,46.0,54.0,0.0
22345,14466,4,esquina,24,1,0,23,8,44.4,55.6,0.0
22345,14466,2,esquina,24,1,0,23,8,44.0,55.8,0.2
22345,14466,5,centro,24,12,0,12,10,43.2,56.8,0.0
22345,14466,4,centro,24,4,0,20,10,41.8,58.2,0.0
22345,14466,5,esquina,24,2,0,22,8,39.8,60.0,0.2
22345,14466,2,centro,24,4,0,20,10,35.2,64.8,0.0
22345,14466,3,centro,24,4,0,20,10,34.8,65.2,0.0
22345,14466,5,lado,24,12,1,11,8,33.8,66.2,0.0
22345,14466,2,lado,24,11,0,13,8,28.0,72.0,0.0
22345,14466,3,lado,24,11,0,13,8,26.4,73.6,0.0
22345,14466,4,lado,24,12,0,12,8,23.8,76.2,0.0
22345,14556,4,esquina,32,2,0,30,8,39.8,60.0,0.2
22345,14556,3,esquina,32,2,0,30,8,38.6,61.2,0.2
22345,14556,5,centro,32,16,0,16,10,38.0,62.0,0.0
22345,14556,5,esquina,32,3,0,29,8,36.4,63.6,0.0
22345,14556,2,esquina,32,2,0,30,8,35.0,65.0,0.0
22345,14556,4,centro,32,16,0,16,10,34.2,65.8,0.0
22345,14556,3,centro,32,16,0,16,10,29.4,70.6,0.0
22345,14556,2,centro,32,16,0,16,10,25.8,74.2,0.0
22345,14556,5,lado,32,18,1,13,8,21.0,79.0,0.0
22345,14556,2,lado,32,16,0,16,8,20.8,79.2,0.0
22345,14556,3,lado,32,16,0,16,8,20.0,80.0,0.0
22345,14556,4,lado,32,17,0,15,8,18.6,81.4,0.0
22345,14566,5,centro,32,16,0,16,10,38.0,62.0,0.0
22345,14566,4,esquina,32,2,0,30,8,37.8,62.2,0.0
22345,14566,3,esquina,32,2,0,30,8,36.6,63.4,0.0
22345,14566,5,esquina,32,3,0,29,8,35.0,64.8,0.2
22345,14566,4,centro,32,16,0,16,10,34.6,65.2,0.2
22345,14566,2,esquina,32,2,0,30,8,33.6,66.4,0.0
22345,14566,3,centro,32,16,0,16,10,29.0,71.0,0.0
22345,14566,2,centro,32,16,0,16,10,25.4,74.6,0.0
22345,14566,5,lado,32,18,1,13,8,19.4,80.6,0.0
22345,14566,3,lado,32,16,0,16,8,18.4,81.6,0.0
22345,14566,2,lado,32,16,0,16,8,17.6,82.4,0.0
22345,14566,4,lado,32,17,0,15,8,16.4,83.6,0.0
22345,15566,5,esquina,24,2,0,22,8,35.0,64.8,0.2
22345,15566,4,esquina,24,2,0,22,8,34.2,65.8,0.0
22345,15566,3,esquina,24,2,0,22,8,34.2,65.8,0.0
22345,15566,5,centro,24,12,0,12,10,33.6,66.4,0.0
22345,15566,2,esquina,24,2,0,22,8,33.6,66.4,0.0
22345,15566,2,centro,24,16,0,8,10,28.6,71.4,0.0
22345,15566,4,centro,24,16,0,8,10,26.2,73.8,0.0
22345,15566,3,centro,24,16,0,8,10,26.2,73.8,0.0
22345,15566,4,lado,24,13,0,11,8,17.6,82.4,0.0
22345,15566,3,lado,24,13,0,11,8,17.6,82.4,0.0
22345,15566,5,lado,24,15,0,9,8,15.8,84.2,0.0
22345,15566,2,lado,24,13,0,11,8,15.6,84.4,0.0
22355,13446,5,centro,32,4,0,28,12,69.0,30.4,0.6
22355,13446,5,esquina,32,0,0,32,0,65.6,33.8,0.6
22355,13446,5,lado,32,0,0,32,0,65.0,33.8,1.2
22355,13446,3,esquina,32,1,0,31,10,65.0,34.0,1.0
22355,13446,2,esquina,32,1,0,31,10,61.6,38.0,0.4
22355,13446,3,centro,32,0,0,32,0,59.8,39.4,0.8
22355,13446,2,centro,32,0,0,32,0,59.4,40.0,0.6
22355,13446,3,lado,32,5,3,24,10,41.2,56.8,2.0
22355,13446,2,lado,32,5,3,24,10,41.2,58.2,0.6
22355,13456,5,centro,40,4,0,36,10,59.4,40.6,0.0
22355,13456,5,esquina,40,2,0,38,10,49.4,49.8,0.8
22355,13456,3,esquina,40,2,0,38,8,49.4,49.6,1.0
22355,13456,2,esquina,40,2,0,38,8,45.4,54.0,0.6
22355,13456,3,centro,40,8,0,32,12,42.0,57.2,0.8
22355,13456,5,lado,40,8,0,32,10,39.8,59.4,0.8
22355,13456,2,centro,40,8,0,32,12,35.6,64.0,0.4
22355,13456,2,lado,40,15,0,25,8,31.4,68.4,0.2
22355,13456,3,lado,40,15,0,25,8,30.2,68.8,1.0
22355,13466,5,centro,32,4,0,28,10,52.2,47.6,0.2
22355,13466,5,esquina,32,1,0,31,10,51.4,48.6,0.0
22355,13466,3,esquina,32,1,0,31,8,49.4,50.6,0.0
22355,13466,2,esquina,32,1,0,31,8,46.8,52.8,0.4
22355,13466,3,centro,32,4,0,28,12,40.4,59.2,0.4
22355,13466,2,centro,32,4,0,28,12,40.2,58.8,1.0
22355,13466,5,lado,32,9,2,21,10,36.2,62.6,1.2
22355,13466,3,lado,32,14,0,18,8,28.8,70.2,1.0
22355,13466,2,lado,32,14,0,18,8,28.8,69.8,1.4
22355,14456,5,centro,32,4,0,28,10,56.2,43.8,0.0
22355,14456,5,esquina,32,2,0,30,10,50.8,49.0,0.2
22355,14456,3,esquina,32,2,0,30,8,48.2,51.8,0.0
22355,14456,2,esquina,32,2,0,30,8,44.6,54.6,0.8
22355,14456,5,lado,32,6,0,26,10,40.4,59.2,0.4
22355,14456,2,centro,32,8,0,24,12,40.4,59.0,0.6
22355,14456,3,centro,32,8,0,24,12,37.4,62.2,0.4
22355,14456,3,lado,32,12,0,20,8,31.6,68.0,0.4
22355,14456,2,lado,32,12,0,20,8,31.2,68.6,0.2
22355,14466,3,esquina,24,1,0,23,8,49.2,50.0,0.8
22355,14466,5,esquina,24,1,0,23,10,48.0,51.2,0.8
22355,14466,2,esquina,24,1,0,23,8,48.0,51.8,0.2
22355,14466,5,centro,24,4,0,20,10,47.6,52.2,0.2
22355,14466,5,lado,24,7,2,15,10,38.2,61.6,0.2
22355,14466,2,centro,24,4,0,20,12,38.0,61.2,0.8
22355,14466,3,centro,24,4,0,20,12,37.8,61.6,0.6
22355,14466,3,lado,24,11,0,13,8,30.0,68.4,1.6
22355,14466,2,lado,24,11,0,13,8,27.6,71.2,1.2
22355,14556,5,centro,32,8,0,24,10,45.0,54.8,0.2
22355,14556,5,esquina,32,2,0,30,8,43.2,56.6,0.2
22355,14556,3,esquina,32,2,0,30,8,40.8,58.8,0.4
22355,14556,2,esquina,32,2,0,30,8,40.6,59.2,0.2
22355,14556,2,centro,32,16,0,16,10,32.0,68.0,0.0
22355,14556,5,lado,32,14,1,17,8,26.0,73.6,0.4
22355,14556,3,lado,32,13,3,16,8,25.2,74.2,0.6
22355,14556,3,centro,32,16,0,16,10,24.8,75.2,0.0
22355,14556,2,lado,32,13,3,16,8,23.2,76.6,0.2
22355,14566,5,centro,32,12,0,20,10,44.0,56.0,0.0
22355,14566,5,esquina,32,2,0,30,8,40.6,59.4,0.0
22355,14566,3,esquina,32,2,0,30,8,39.0,61.0,0.0
22355,14566,2,esquina,32,2,0,30,8,37.2,62.8,0.0
22355,14566,2,centro,32,16,0,16,10,31.0,69.0,0.0
22355,14566,3,centro,32,16,0,16,10,24.2,75.8,0.0
22355,14566,5,lado,32,16,1,15,8,21.6,78.4,0.0
22355,14566,3,lado,32,15,1,16,8,20.8,79.2,0.0
22355,14566,2,lado,32,15,1,16,8,20.0,80.0,0.0
22445,13346,4,centro,32,0,4,28,0,76.0,23.6,0.4
22445,13346,4,esquina,32,0,0,32,0,72.6,27.0,0.4
22445,13346,5,lado,32,0,1,31,0,68.8,30.0,1.2
22445,13346,2,esquina,32,1,0,31,12,66.6,32.8,0.6
22445,13346,5,centro,32,4,0,28,12,65.8,33.4,0.8
22445,13346,5,esquina,32,1,0,31,10,65.4,32.8,1.8
22445,13346,2,centro,32,0,0,32,0,63.8,34.4,1.8
22445,13346,4,lado,32,0,0,32,0,62.2,36.6,1.2
22445,13346,2,lado,32,3,5,24,12,49.2,48.4,2.4
22445,13356,4,esquina,32,2,0,30,10,56.2,42.2,1.6
22445,13356,5,centro,32,4,0,28,12,54.8,45.0,0.2
22445,13356,4,centro,32,8,0,24,12,53.2,46.2,0.6
22445,13356,2,esquina,32,2,0,30,8,51.4,48.2,0.4
22445,13356,5,esquina,32,2,0,30,10,50.0,48.8,1.2
22445,13356,2,centro,32,8,0,24,12,47.6,51.0,1.4
22445,13356,5,lado,32,8,2,22,10,45.4,52.4,2.2
22445,13356,4,lado,32,6,0,26,10,44.6,53.8,1.6
22445,13356,2,lado,32,10,2,20,8,35.0,63.2,1.8
22445,13366,4,esquina,24,1,0,23,10,58.4,41.2,0.4
22445,13366,4,centro,24,4,0,20,12,57.4,42.0,0.6
22445,13366,2,esquina,24,1,0,23,8,56.6,43.0,0.4
22445,13366,5,esquina,24,1,0,23,10,56.4,41.4,2.2
22445,13366,5,centro,24,4,0,20,12,51.6,47.8,0.6
22445,13366,2,centro,24,4,0,20,12,48.2,50.6,1.2
22445,13366,4,lado,24,7,0,17,10,47.0,52.0,1.0
22445,13366,5,lado,24,7,0,17,10,43.6,55.2,1.2
22445,13366,2,lado,24,11,0,13,8,34.8,64.2,1.0
22445,13446,4,centro,32,4,0,28,12,70.4,29.6,0.0
22445,13446,4,esquina,32,0,0,32,0,68.6,30.6,0.8
22445,13446,2,esquina,32,1,0,31,12,64.0,35.8,0.2
22445,13446,5,lado,32,1,0,31,12,61.6,37.0,1.4
22445,13446,2,centro,32,0,0,32,0,60.0,39.4,0.6
22445,13446,5,esquina,32,2,0,30,10,55.4,43.0,1.6
22445,13446,5,centro,32,8,0,24,12,55.2,44.6,0.2
22445,13446,4,lado,32,3,1,28,10,47.8,51.4,0.8
22445,13446,2,lado,32,5,3,24,12,42.6,55.6,1.8
22445,13456,4,esquina,40,2,0,38,8,50.2,48.2,1.6
22445,13456,5,centro,40,12,0,28,10,49.2,50.4,0.4
22445,13456,4,centro,40,8,0,32,10,47.4,51.8,0.8
22445,13456,2,esquina,40,2,0,38,8,47.4,52.4,0.2
22445,13456,5,esquina,40,3,0,37,8,44.6,54.4,1.0
22445,13456,2,centro,40,8,0,32,10,37.8,62.0,0.2
22445,13456,5,lado,40,14,5,21,8,36.4,63.2,0.4
22445,13456,4,lado,40,11,3,26,8,31.2,68.4,0.4
22445,13456,2,lado,40,16,0,24,8,30.4,68.4,1.2
22445,13466,4,esquina,32,1,0,31,8,55.8,44.0,0.2
22445,13466,4,centro,32,4,0,28,10,53.4,46.2,0.4
22445,13466,2,esquina,32,1,0,31,8,51.6,47.4,1.0
22445,13466,5,esquina,32,2,0,30,8,46.2,53.0,0.8
22445,13466,5,centro,32,12,0,20,10,41.8,58.0,0.2
22445,13466,2,centro,32,4,0,28,10,41.0,58.4,0.6
22445,13466,5,lado,32,13,2,17,8,39.8,60.2,0.0
22445,13466,2,lado,32,14,0,18,8,31.4,68.0,0.6
22445,13466,4,lado,32,12,1,19,8,28.8,70.4,0.8
22445,13556,4,esquina,32,2,0,30,8,44.0,55.8,0.2
22445,13556,2,esquina,32,2,0,30,8,41.8,57.8,0.4
22445,13556,5,esquina,32,2,0,30,8,40.0,60.0,0.0
22445,13556,4,centro,32,16,0,16,10,38.2,61.8,0.0
22445,13556,5,centro,32,8,0,24,10,37.8,62.2,0.0
22445,13556,2,centro,32,16,0,16,10,34.8,65.2,0.0
22445,13556,4,lado,32,12,2,18,8,24.2,75.8,0.0
22445,13556,2,lado,32,13,1,18,8,23.4,76.4,0.2
22445,13556,5,lado,32,16,2,14,8,23.2,76.8,0.0
22445,13566,4,esquina,32,2,0,30,8,44.0,56.0,0.0
22445,13566,2,esquina,32,2,0,30,8,41.6,58.4,0.0
22445,13566,5,esquina,32,2,0,30,8,38.4,61.6,0.0
22445,13566,4,centro,32,16,0,16,10,38.4,61.6,0.0
22445,13566,5,centro,32,12,0,20,10,34.6,65.4,0.0
22445,13566,2,centro,32,16,0,16,10,34.0,66.0,0.0
22445,13566,5,lado,32,16,2,14,8,22.8,77.2,0.0
22445,13566,2,lado,32,15,1,16,8,22.0,78.0,0.0
22445,13566,4,lado,32,14,2,16,8,20.4,79.6,0.0
22455,13346,5,centro,32,0,4,28,0,78.4,21.0,0.6
22455,13346,5,lado,32,0,0,32,0,76.2,22.4,1.4
22455,13346,5,esquina,32,0,0,32,0,74.6,25.0,0.4
22455,13346,4,esquina,32,0,0,32,0,73.0,25.4,1.6
22455,13346,4,centro,32,0,0,32,0,70.4,28.6,1.0
22455,13346,2,esquina,32,0,0,32,0,69.4,30.6,0.0
22455,13346,2,centro,32,0,0,32,0,68.2,30.8,1.0
22455,13346,4,lado,32,0,0,32,0,63.8,34.2,2.0
22455,13346,2,lado,32,1,7,24,12,53.4,45.0,1.6
22455,13356,5,centro,32,4,0,28,12,66.6,33.0,0.4
22455,13356,5,esquina,32,2,0,30,10,59.6,39.0,1.4
22455,13356,4,esquina,32,2,0,30,10,58.4,40.6,1.0
22455,13356,2,esquina,32,2,0,30,8,54.6,44.6,0.8
22455,13356,5,lado,32,6,0,26,10,51.2,48.2,0.6
22455,13356,2,centro,32,4,4,24,12,50.2,48.0,1.8
22455,13356,4,lado,32,6,0,26,10,46.6,52.2,1.2
22455,13356,4,centro,32,8,0,24,12,45.0,54.6,0.4
22455,13356,2,lado,32,10,2,20,8,37.4,59.8,2.8
22455,13366,5,esquina,24,1,0,23,10,58.4,41.2,0.4
22455,13366,5,centro,24,4,0,20,12,57.4,42.2,0.4
22455,13366,4,esquina,24,1,0,23,10,56.4,41.6,2.0
22455,13366,2,esquina,24,1,0,23,8,55.6,44.0,0.4
22455,13366,4,centro,24,4,0,20,12,51.6,47.8,0.6
22455,13366,2,centro,24,4,0,20,12,48.0,50.2,1.8
22455,13366,5,lado,24,7,0,17,10,47.2,52.2,0.6
22455,13366,4,lado,24,7,0,17,10,43.4,54.8,1.8
22455,13366,2,lado,24,11,0,13,8,36.8,61.6,1.6
22455,13446,5,centro,32,4,0,28,12,75.4,24.2,0.4
22455,13446,5,esquina,32,0,0,32,0,73.2,25.6,1.2
22455,13446,5,lado,32,0,0,32,0,72.2,26.4,1.4
22455,13446,4,esquina,32,0,0,32,0,71.2,28.2,0.6
22455,13446,4,centro,32,0,0,32,0,69.4,30.2,0.4
22455,13446,2,esquina,32,0,0,32,0,68.2,31.4,0.4
22455,13446,2,centro,32,0,0,32,0,65.4,32.8,1.8
22455,13446,4,lado,32,3,1,28,10,54.6,44.0,1.4
22455,13446,2,lado,32,1,7,24,12,47.8,50.6,1.6
22455,13456,5,centro,40,4,0,36,12,62.2,37.8,0.0
22455,13456,5,esquina,40,2,0,38,10,56.8,41.8,1.4
22455,13456,4,esquina,40,2,0,38,8,55.0,44.2,0.8
22455,13456,2,esquina,40,2,0,38,8,50.4,48.6,1.0
22455,13456,5,lado,40,8,0,32,10,48.0,51.4,0.6
22455,13456,4,centro,40,8,0,32,12,47.0,52.4,0.6
22455,13456,2,centro,40,8,0,32,12,39.8,58.8,1.4
22455,13456,4,lado,40,10,4,26,8,39.2,60.4,0.4
22455,13456,2,lado,40,13,2,25,8,35.4,64.0,0.6
22455,13466,5,esquina,32,1,0,31,10,59.4,40.2,0.4
22455,13466,5,centro,32,4,0,28,10,57.8,42.0,0.2
22455,13466,4,esquina,32,1,0,31,8,52.0,47.8,0.2
22455,13466,2,esquina,32,1,0,31,8,51.2,47.4,1.4
22455,13466,4,centro,32,4,0,28,12,46.2,52.4,1.4
22455,13466,2,centro,32,4,0,28,12,45.8,53.2,1.0
22455,13466,5,lado,32,9,2,21,10,39.0,59.2,1.8
22455,13466,4,lado,32,11,2,19,8,35.8,62.8,1.4
22455,13466,2,lado,32,14,0,18,8,33.6,65.0,1.4
22455,13556,5,centro,32,8,0,24,10,49.4,50.4,0.2
22455,13556,5,esquina,32,2,0,30,8,45.8,54.0,0.2
22455,13556,4,esquina,32,2,0,30,8,43.4,56.0,0.6
22455,13556,2,esquina,32,2,0,30,8,43.0,56.8,0.2
22455,13556,2,centro,32,16,0,16,10,37.2,62.8,0.0
22455,13556,4,centro,32,16,0,16,10,31.8,68.2,0.0
22455,13556,4,lado,32,12,2,18,8,28.2,71.4,0.4
22455,13556,5,lado,32,12,2,18,8,27.0,72.8,0.2
22455,13556,2,lado,32,13,1,18,8,25.2,74.4,0.4
22455,13566,5,centro,32,12,0,20,10,46.2,53.8,0.0
22455,13566,5,esquina,32,2,0,30,8,44.6,55.4,0.0
22455,13566,4,esquina,32,2,0,30,8,41.4,58.6,0.0
22455,13566,2,esquina,32,2,0,30,8,40.6,59.4,0.0
22455,13566,2,centro,32,16,0,16,10,35.6,64.4,0.0
22455,13566,4,centro,32,16,0,16,10,28.8,71.2,0.0
22455,13566,4,lado,32,14,2,16,8,24.4,75.6,0.0
22455,13566,2,lado,32,15,1,16,8,22.6,77.4,0.0
22455,13566,5,lado,32,14,2,16,8,20.2,79.8,0.0
23345,12446,4,centro,32,4,0,28,12,70.6,28.4,1.0
23345,12446,2,esquina,32,1,0,31,10,67.6,32.0,0.4
23345,12446,5,lado,32,1,0,31,12,66.4,32.4,1.2
23345,12446,2,centro,32,4,0,28,14,66.0,33.6,0.4
23345,12446,4,esquina,32,1,0,31,10,65.8,34.0,0.2
23345,12446,3,esquina,32,1,0,31,12,65.6,34.2,0.2
23345,12446,5,centro,32,8,0,24,10,63.4,36.4,0.2
23345,12446,5,esquina,32,2,0,30,10,60.0,39.4,0.6
23345,12446,3,centro,32,4,0,28,14,58.4,41.4,0.2
23345,12446,3,lado,32,3,2,27,12,50.6,48.8,0.6
23345,12446,4,lado,32,3,5,24,10,46.2,52.6,1.2
23345,12446,2,lado,32,7,1,24,10,44.4,54.8,0.8
23345,12456,5,centro,40,12,0,28,10,58.2,41.8,0.0
23345,12456,3,esquina,40,2,0,38,8,52.2,47.4,0.4
23345,12456,2,esquina,40,2,0,38,8,51.8,47.8,0.4
23345,12456,4,esquina,40,2,0,38,8,48.6,50.4,1.0
23345,12456,4,centro,40,8,0,32,10,46.4,52.8,0.8
23345,12456,5,esquina,40,3,0,37,8,43.8,55.0,1.2
23345,12456,2,centro,40,8,0,32,10,43.8,55.6,0.6
23345,12456,5,lado,40,15,4,21,8,42.2,57.2,0.6
23345,12456,3,centro,40,8,0,32,10,41.6,57.8,0.6
23345,12456,3,lado,40,12,1,27,8,35.4,63.4,1.2
23345,12456,4,lado,40,12,1,27,8,32.2,67.2,0.6
23345,12456,2,lado,40,16,0,24,8,30.2,68.2,1.6
23345,12466,2,esquina,32,1,0,31,8,56.8,42.6,0.6
23345,12466,5,centro,32,12,0,20,10,55.0,45.0,0.0
23345,12466,4,esquina,32,1,0,31,8,54.4,45.0,0.6
23345,12466,4,centro,32,4,0,28,10,54.0,45.2,0.8
23345,12466,3,esquina,32,1,0,31,8,51.4,48.0,0.6
23345,12466,5,esquina,32,2,0,30,8,51.2,48.4,0.4
23345,12466,2,centro,32,4,0,28,10,48.6,49.8,1.6
23345,12466,3,centro,32,4,0,28,10,41.6,58.0,0.4
23345,12466,5,lado,32,13,2,17,8,41.4,57.4,1.2
23345,12466,3,lado,32,12,1,19,8,36.6,61.8,1.6
23345,12466,4,lado,32,12,1,19,8,33.6,65.4,1.0
23345,12466,2,lado,32,14,0,18,8,31.4,67.2,1.4
23345,12556,5,centro,32,8,0,24,10,51.0,49.0,0.0
23345,12556,2,esquina,32,2,0,30,8,46.8,53.0,0.2
23345,12556,4,esquina,32,2,0,30,8,45.8,53.8,0.4
23345,12556,5,esquina,32,2,0,30,8,44.4,55.6,0.0
23345,12556,2,centro,32,16,0,16,10,42.8,57.2,0.0
23345,12556,3,esquina,32,2,0,30,8,42.4,57.4,0.2
23345,12556,4,centro,32,16,0,16,10,41.2,58.8,0.0
23345,12556,3,centro,32,16,0,16,10,40.4,59.6,0.0
23345,12556,3,lado,32,12,2,18,8,27.6,72.2,0.2
23345,12556,4,lado,32,12,2,18,8,26.6,73.2,0.2
23345,12556,5,lado,32,16,2,14,8,25.8,74.0,0.2
23345,12556,2,lado,32,13,1,18,8,23.8,75.8,0.4
23345,12566,5,centro,32,12,0,20,10,48.2,51.8,0.0
23345,12566,2,esquina,32,2,0,30,8,46.8,53.2,0.0
23345,12566,4,esquina,32,2,0,30,8,45.2,54.8,0.0
23345,12566,5,esquina,32,2,0,30,8,43.4,56.6,0.0
23345,12566,3,esquina,32,2,0,30,8,41.8,58.2,0.0
23345,12566,2,centro,32,16,0,16,10,41.6,58.4,0.0
23345,12566,4,centro,32,16,0,16,10,40.2,59.8,0.0
23345,12566,3,centro,32,16,0,16,10,36.8,63.2,0.0
23345,12566,3,lado,32,14,2,16,8,25.2,74.8,0.0
23345,12566,5,lado,32,16,2,14,8,23.6,76.4,0.0
23345,12566,4,lado,32,14,2,16,8,23.0,77.0,0.0
23345,12566,2,lado,32,15,1,16,8,21.2,78.8,0.0
23345,14456,5,centro,32,16,0,16,10,44.6,55.4,0.0
23345,14456,4,esquina,32,2,0,30,8,41.6,58.4,0.0
23345,14456,2,esquina,32,2,0,30,8,41.2,58.8,0.0
23345,14456,3,esquina,32,2,0,30,8,40.8,59.2,0.0
23345,14456,4,centro,32,8,0,24,10,38.8,61.2,0.0
23345,14456,5,esquina,32,3,0,29,8,37.4,62.6,0.0
23345,14456,2,centro,32,8,0,24,10,34.2,65.8,0.0
23345,14456,3,centro,32,8,0,24,10,31.4,68.6,0.0
23345,14456,5,lado,32,16,1,15,8,30.0,69.6,0.4
23345,14456,2,lado,32,15,0,17,8,24.6,75.2,0.2
23345,14456,3,lado,32,15,0,17,8,23.4,76.6,0.0
23345,14456,4,lado,32,16,0,16,8,23.0,77.0,0.0
23345,14466,2,esquina,24,1,0,23,8,46.0,54.0,0.0
23345,14466,3,esquina,24,1,0,23,8,44.0,55.8,0.2
23345,14466,5,centro,24,12,0,12,10,43.6,56.4,0.0
23345,14466,4,esquina,24,1,0,23,8,43.4,56.6,0.0
23345,14466,4,centro,24,4,0,20,10,41.8,58.2,0.0
23345,14466,5,esquina,24,2,0,22,8,40.2,59.6,0.2
23345,14466,3,centro,24,4,0,20,10,35.2,64.8,0.0
23345,14466,2,centro,24,4,0,20,10,34.8,65.2,0.0
23345,14466,5,lado,24,12,1,11,8,32.2,67.6,0.2
23345,14466,3,lado,24,11,0,13,8,28.0,72.0,0.0
23345,14466,2,lado,24,11,0,13,8,26.4,73.6,0.0
23345,14466,4,lado,24,12,0,12,8,24.0,76.0,0.0
23345,14556,4,esquina,32,2,0,30,8,39.0,60.8,0.2
23345,14556,2,esquina,32,2,0,30,8,38.6,61.2,0.2
23345,14556,5,centro,32,16,0,16,10,37.2,62.8,0.0
23345,14556,5,esquina,32,3,0,29,8,36.0,64.0,0.0
23345,14556,3,esquina,32,2,0,30,8,35.0,65.0,0.0
23345,14556,4,centro,32,16,0,16,10,33.8,66.2,0.0
23345,14556,2,centro,32,16,0,16,10,29.4,70.6,0.0
23345,14556,3,centro,32,16,0,16,10,25.8,74.2,0.0
23345,14556,5,lado,32,18,1,13,8,21.2,78.8,0.0
23345,14556,3,lado,32,16,0,16,8,20.8,79.2,0.0
23345,14556,2,lado,32,16,0,16,8,20.0,80.0,0.0
23345,14556,4,lado,32,17,0,15,8,19.4,80.6,0.0
23345,14566,5,centro,32,16,0,16,10,37.4,62.6,0.0
23345,14566,4,esquina,32,2,0,30,8,36.8,63.2,0.0
23345,14566,2,esquina,32,2,0,30,8,36.6,63.4,0.0
23345,14566,5,esquina,32,3,0,29,8,34.2,65.6,0.2
23345,14566,4,centro,32,16,0,16,10,34.2,65.8,0.0
23345,14566,3,esquina,32,2,0,30,8,33.6,66.4,0.0
23345,14566,2,centro,32,16,0,16,10,29.0,71.0,0.0
23345,14566,3,centro,32,16,0,16,10,25.4,74.6,0.0
23345,14566,5,lado,32,18,1,13,8,20.2,79.8,0.0
23345,14566,2,lado,32,16,0,16,8,18.4,81.6,0.0
23345,14566,3,lado,32,16,0,16,8,17.6,82.4,0.0
23345,14566,4,lado,32,17,0,15,8,17.2,82.8,0.0
23345,15566,5,esquina,24,2,0,22,8,35.2,64.8,0.0
23345,15566,4,esquina,24,2,0,22,8,34.8,65.2,0.0
23345,15566,2,esquina,24,2,0,22,8,34.2,65.8,0.0
23345,15566,3,esquina,24,2,0,22,8,33.6,66.4,0.0
23345,15566,5,centro,24,12,0,12,10,33.2,66.8,0.0
23345,15566,3,centro,24,16,0,8,10,28.6,71.4,0.0
23345,15566,2,centro,24,16,0,8,10,26.2,73.8,0.0
23345,15566,4,centro,24,16,0,8,10,25.8,74.2,0.0
23345,15566,2,lado,24,13,0,11,8,17.6,82.4,0.0
23345,15566,4,lado,24,13,0,11,8,16.4,83.6,0.0
23345,15566,5,lado,24,15,0,9,8,15.6,84.4,0.0
23345,15566,3,lado,24,13,0,11,8,15.6,84.4,0.0
23355,12446,5,esquina,32,0,0,32,0,74.4,25.4,0.2
23355,12446,5,centro,32,4,0,28,12,73.4,25.6,1.0
23355,12446,5,lado,32,0,0,32,0,71.8,26.4,1.8
23355,12446,2,esquina,32,1,0,31,12,71.0,28.2,0.8
23355,12446,3,esquina,32,1,0,31,12,69.6,29.0,1.4
23355,12446,3,centro,32,0,0,32,0,67.8,30.2,2.0
23355,12446,2,centro,32,0,0,32,0,64.6,34.6,0.8
23355,12446,3,lado,32,1,3,28,12,54.0,44.8,1.2
23355,12446,2,lado,32,3,5,24,10,47.6,51.0,1.4
23355,12456,5,centro,40,4,0,36,10,63.0,36.6,0.4
23355,12456,5,esquina,40,2,0,38,10,56.2,42.8,1.0
23355,12456,3,esquina,40,2,0,38,8,56.2,42.0,1.8
23355,12456,2,esquina,40,2,0,38,8,55.0,43.6,1.4
23355,12456,2,centro,40,8,0,32,12,49.6,48.8,1.6
23355,12456,5,lado,40,8,0,32,10,48.2,50.2,1.6
23355,12456,3,centro,40,8,0,32,12,46.2,52.4,1.4
23355,12456,3,lado,40,10,2,28,8,41.6,57.4,1.0
23355,12456,2,lado,40,13,2,25,8,35.8,62.6,1.6
23355,12466,5,esquina,32,1,0,31,10,59.8,39.6,0.6
23355,12466,5,centro,32,4,0,28,10,58.2,41.4,0.4
23355,12466,2,esquina,32,1,0,31,8,55.6,43.8,0.6
23355,12466,3,esquina,32,1,0,31,8,55.2,42.8,2.0
23355,12466,3,centro,32,4,0,28,12,51.4,46.8,1.8
23355,12466,2,centro,32,4,0,28,12,46.8,51.6,1.6
23355,12466,5,lado,32,9,2,21,10,45.6,52.8,1.6
23355,12466,3,lado,32,12,1,19,8,40.0,57.0,3.0
23355,12466,2,lado,32,14,0,18,8,34.0,64.4,1.6
23355,14456,5,centro,32,4,0,28,10,56.0,44.0,0.0
23355,14456,5,esquina,32,2,0,30,10,50.0,50.0,0.0
23355,14456,2,esquina,32,2,0,30,8,48.2,51.8,0.0
23355,14456,3,esquina,32,2,0,30,8,44.6,54.6,0.8
23355,14456,5,lado,32,6,0,26,10,41.0,58.2,0.8
23355,14456,3,centro,32,8,0,24,12,40.4,58.8,0.8
23355,14456,2,centro,32,8,0,24,12,37.4,62.4,0.2
23355,14456,2,lado,32,12,0,20,8,31.8,68.0,0.2
23355,14456,3,lado,32,12,0,20,8,31.2,68.6,0.2
23355,14466,2,esquina,24,1,0,23,8,49.0,50.0,1.0
23355,14466,3,esquina,24,1,0,23,8,48.0,51.8,0.2
23355,14466,5,centro,24,4,0,20,10,47.8,52.0,0.2
23355,14466,5,esquina,24,1,0,23,10,47.8,51.6,0.6
23355,14466,3,centro,24,4,0,20,12,38.0,61.2,0.8
23355,14466,5,lado,24,7,2,15,10,37.8,61.8,0.4
23355,14466,2,centro,24,4,0,20,12,37.8,61.6,0.6
23355,14466,2,lado,24,11,0,13,8,30.2,68.4,1.4
23355,14466,3,lado,24,11,0,13,8,27.6,71.2,1.2
23355,14556,5,centro,32,8,0,24,10,45.2,54.4,0.4
23355,14556,5,esquina,32,2,0,30,8,42.8,57.0,0.2
23355,14556,2,esquina,32,2,0,30,8,40.8,58.8,0.4
23355,14556,3,esquina,32,2,0,30,8,40.6,59.2,0.2
23355,14556,3,centro,32,16,0,16,10,32.0,68.0,0.0
23355,14556,5,lado,32,14,1,17,8,26.6,73.2,0.2
23355,14556,2,lado,32,13,3,16,8,25.2,74.2,0.6
23355,14556,2,centro,32,16,0,16,10,24.8,75.2,0.0
23355,14556,3,lado,32,13,3,16,8,23.2,76.6,0.2
23355,14566,5,centro,32,12,0,20,10,43.2,56.8,0.0
23355,14566,5,esquina,32,2,0,30,8,39.8,60.2,0.0
23355,14566,2,esquina,32,2,0,30,8,39.0,61.0,0.0
23355,14566,3,esquina,32,2,0,30,8,37.2,62.8,0.0
23355,14566,3,centro,32,16,0,16,10,31.0,69.0,0.0
23355,14566,2,centro,32,16,0,16,10,24.2,75.8,0.0
23355,14566,5,lado,32,16,1,15,8,22.2,77.8,0.0
23355,14566,2,lado,32,15,1,16,8,20.8,79.2,0.0
23355,14566,3,lado,32,15,1,16,8,20.0,80.0,0.0
23445,12346,4,esquina,40,0,0,40,0,79.2,20.2,0.6
23445,12346,4,centro,40,0,4,36,0,76.2,23.2,0.6
23445,12346,3,esquina,40,0,0,40,0,75.2,23.6,1.2
23445,12346,2,esquina,40,0,0,40,0,74.6,25.0,0.4
23445,12346,5,lado,40,0,0,40,0,72.8,25.8,1.4
23445,12346,3,centro,40,0,0,40,0,72.8,25.8,1.4
23445,12346,5,esquina,40,1,0,39,10,72.4,26.4,1.2
23445,12346,5,centro,40,4,0,36,14,72.0,26.8,1.2
23445,12346,4,lado,40,0,0,40,0,71.8,27.2,1.0
23445,12346,2,centro,40,0,0,40,0,70.2,29.0,0.8
23445,12346,3,lado,40,1,4,35,12,59.2,39.8,1.0
23445,12346,2,lado,40,1,10,29,12,55.0,43.4,1.6
23445,12356,5,centro,40,4,0,36,12,65.6,33.2,1.2
23445,12356,4,esquina,40,2,0,38,10,65.0,33.2,1.8
23445,12356,3,esquina,40,2,0,38,8,60.8,38.2,1.0
23445,12356,3,centro,40,8,0,32,12,60.0,38.8,1.2
23445,12356,2,esquina,40,2,0,38,8,59.4,39.2,1.4
23445,12356,5,esquina,40,2,0,38,10,56.6,42.0,1.4
23445,12356,2,centro,40,8,0,32,12,56.4,42.0,1.6
23445,12356,4,centro,40,8,0,32,12,54.8,44.6,0.6
23445,12356,4,lado,40,8,0,32,10,54.8,43.2,2.0
23445,12356,5,lado,40,10,2,28,10,51.0,47.4,1.6
23445,12356,3,lado,40,10,2,28,8,43.4,55.6,1.0
23445,12356,2,lado,40,13,2,25,8,39.2,59.0,1.8
23445,12366,3,centro,32,4,0,28,12,62.4,36.8,0.8
23445,12366,5,esquina,32,1,0,31,10,62.2,37.0,0.8
23445,12366,2,esquina,32,1,0,31,8,62.2,36.8,1.0
23445,12366,3,esquina,32,1,0,31,8,61.6,37.2,1.2
23445,12366,5,centro,32,4,0,28,12,61.0,38.4,0.6
23445,12366,4,esquina,32,1,0,31,10,60.6,38.4,1.0
23445,12366,4,centro,32,4,0,28,12,57.0,43.0,0.0
23445,12366,2,centro,32,4,0,28,12,57.0,40.4,2.6
23445,12366,4,lado,32,9,0,23,10,50.6,47.2,2.2
23445,12366,5,lado,32,9,0,23,10,47.2,51.8,1.0
23445,12366,3,lado,32,11,2,19,8,42.0,56.4,1.6
23445,12366,2,lado,32,14,0,18,8,41.0,57.4,1.6
23445,12446,4,esquina,32,0,0,32,0,72.6,26.8,0.6
23445,12446,5,lado,32,1,0,31,12,71.4,27.8,0.8
23445,12446,2,esquina,32,0,0,32,0,70.0,30.0,0.0
23445,12446,5,centro,32,8,0,24,12,69.4,30.4,0.2
23445,12446,3,centro,32,0,0,32,0,69.4,30.2,0.4
23445,12446,2,centro,32,0,0,32,0,69.4,30.0,0.6
23445,12446,4,centro,32,4,0,28,14,69.0,30.4,0.6
23445,12446,3,esquina,32,0,0,32,0,68.8,30.8,0.4
23445,12446,5,esquina,32,2,0,30,10,62.2,37.6,0.2
23445,12446,4,lado,32,3,1,28,12,55.8,43.6,0.6
23445,12446,3,lado,32,3,2,27,12,52.8,46.2,1.0
23445,12446,2,lado,32,5,3,24,12,48.2,50.6,1.2
23445,12456,5,centro,40,12,0,28,10,59.0,40.4,0.6
23445,12456,4,esquina,40,2,0,38,8,54.0,46.0,0.0
23445,12456,2,esquina,40,2,0,38,8,51.6,47.8,0.6
23445,12456,3,esquina,40,2,0,38,8,51.0,47.6,1.4
23445,12456,4,centro,40,8,0,32,10,46.6,53.2,0.2
23445,12456,5,esquina,40,3,0,37,8,45.6,53.8,0.6
23445,12456,2,centro,40,8,0,32,10,45.4,54.4,0.2
23445,12456,3,centro,40,8,0,32,10,43.4,56.4,0.2
23445,12456,5,lado,40,14,4,22,8,39.6,59.4,1.0
23445,12456,4,lado,40,11,1,28,8,36.6,62.8,0.6
23445,12456,3,lado,40,12,1,27,8,34.8,64.4,0.8
23445,12456,2,lado,40,16,0,24,8,31.8,66.8,1.4
23445,12466,5,centro,32,12,0,20,10,57.2,42.6,0.2
23445,12466,2,esquina,32,1,0,31,8,55.6,43.6,0.8
23445,12466,3,esquina,32,1,0,31,8,54.6,44.8,0.6
23445,12466,4,esquina,32,1,0,31,8,53.8,45.4,0.8
23445,12466,5,esquina,32,2,0,30,8,51.2,47.8,1.0
23445,12466,4,centro,32,4,0,28,10,50.8,49.2,0.0
23445,12466,2,centro,32,4,0,28,10,47.8,50.4,1.8
23445,12466,3,centro,32,4,0,28,10,47.2,51.8,1.0
23445,12466,5,lado,32,13,2,17,8,38.8,60.0,1.2
23445,12466,4,lado,32,12,1,19,8,35.6,63.4,1.0
23445,12466,3,lado,32,12,1,19,8,35.4,62.8,1.8
23445,12466,2,lado,32,14,0,18,8,31.4,67.2,1.4
23445,12556,5,centro,32,8,0,24,10,50.6,49.4,0.0
23445,12556,2,esquina,32,2,0,30,8,46.4,53.4,0.2
23445,12556,3,esquina,32,2,0,30,8,45.8,53.8,0.4
23445,12556,5,esquina,32,2,0,30,8,43.0,57.0,0.0
23445,12556,4,esquina,32,2,0,30,8,42.4,57.4,0.2
23445,12556,2,centro,32,16,0,16,10,42.4,57.6,0.0
23445,12556,3,centro,32,16,0,16,10,41.2,58.8,0.0
23445,12556,4,centro,32,16,0,16,10,40.4,59.6,0.0
23445,12556,4,lado,32,12,2,18,8,27.6,72.2,0.2
23445,12556,3,lado,32,12,2,18,8,26.6,73.2,0.2
23445,12556,5,lado,32,16,2,14,8,24.6,75.4,0.0
23445,12556,2,lado,32,13,1,18,8,24.4,75.2,0.4
23445,12566,5,centro,32,12,0,20,10,47.2,52.8,0.0
23445,12566,2,esquina,32,2,0,30,8,46.0,54.0,0.0
23445,12566,3,esquina,32,2,0,30,8,45.2,54.8,0.0
23445,12566,4,esquina,32,2,0,30,8,41.8,58.2,0.0
23445,12566,5,esquina,32,2,0,30,8,41.6,58.4,0.0
23445,12566,2,centro,32,16,0,16,10,41.6,58.4,0.0
23445,12566,3,centro,32,16,0,16,10,40.2,59.8,0.0
23445,12566,4,centro,32,16,0,16,10,36.8,63.2,0.0
23445,12566,4,lado,32,14,2,16,8,25.2,74.8,0.0
23445,12566,5,lado,32,16,2,14,8,23.0,77.0,0.0
23445,12566,3,lado,32,14,2,16,8,23.0,77.0,0.0
23445,12566,2,lado,32,15,1,16,8,21.8,78.2,0.0
23445,13446,4,esquina,32,0,0,32,0,68.4,30.2,1.4
23445,13446,5,centro,32,8,0,24,12,66.4,33.4,0.2
23445,13446,3,esquina,32,1,0,31,12,66.4,33.2,0.4
23445,13446,5,lado,32,1,0,31,12,65.8,32.8,1.4
23445,13446,4,centro,32,4,0,28,12,65.2,34.2,0.6
23445,13446,3,centro,32,0,0,32,0,64.6,35.0,0.4
23445,13446,2,esquina,32,1,0,31,12,64.6,35.2,0.2
23445,13446,2,centro,32,0,0,32,0,61.4,38.2,0.4
23445,13446,5,esquina,32,2,0,30,10,58.6,40.6,0.8
23445,13446,4,lado,32,3,1,28,12,53.4,45.6,1.0
23445,13446,2,lado,32,5,3,24,12,44.4,54.6,1.0
23445,13446,3,lado,32,5,3,24,12,44.2,54.6,1.2
23445,13456,5,centro,40,12,0,28,10,56.4,43.4,0.2
23445,13456,4,esquina,40,2,0,38,8,51.2,48.6,0.2
23445,13456,2,esquina,40,2,0,38,8,48.2,51.6,0.2
23445,13456,3,esquina,40,2,0,38,8,47.8,52.0,0.2
23445,13456,4,centro,40,8,0,32,10,46.2,53.8,0.0
23445,13456,3,centro,40,8,0,32,10,43.0,57.0,0.0
23445,13456,5,esquina,40,3,0,37,8,40.8,58.8,0.4
23445,13456,2,centro,40,8,0,32,10,38.2,61.6,0.2
23445,13456,5,lado,40,14,5,21,8,36.6,62.6,0.8
23445,13456,4,lado,40,11,3,26,8,34.4,64.8,0.8
23445,13456,2,lado,40,16,0,24,8,31.0,68.0,1.0
23445,13456,3,lado,40,16,0,24,8,28.4,70.8,0.8
23445,13466,5,centro,32,12,0,20,10,53.8,46.0,0.2
23445,13466,2,esquina,32,1,0,31,8,51.8,47.4,0.8
23445,13466,3,esquina,32,1,0,31,8,51.2,48.0,0.8
23445,13466,4,esquina,32,1,0,31,8,50.8,48.8,0.4
23445,13466,4,centro,32,4,0,28,10,48.8,51.2,0.0
23445,13466,5,esquina,32,2,0,30,8,46.8,53.0,0.2
23445,13466,3,centro,32,4,0,28,10,45.8,53.0,1.2
23445,13466,2,centro,32,4,0,28,10,40.6,58.6,0.8
23445,13466,5,lado,32,13,2,17,8,36.6,62.4,1.0
23445,13466,4,lado,32,12,1,19,8,33.8,66.0,0.2
23445,13466,2,lado,32,14,0,18,8,31.6,67.6,0.8
23445,13466,3,lado,32,14,0,18,8,30.0,69.4,0.6
23445,13556,5,centro,32,8,0,24,10,46.6,53.4,0.0
23445,13556,3,esquina,32,2,0,30,8,43.2,56.4,0.4
23445,13556,2,esquina,32,2,0,30,8,42.2,57.4,0.4
23445,13556,5,esquina,32,2,0,30,8,40.0,60.0,0.0
23445,13556,4,esquina,32,2,0,30,8,40.0,60.0,0.0
23445,13556,3,centro,32,16,0,16,10,39.6,60.4,0.0
23445,13556,4,centro,32,16,0,16,10,38.2,61.8,0.0
23445,13556,2,centro,32,16,0,16,10,34.6,65.4,0.0
23445,13556,4,lado,32,12,2,18,8,27.2,72.8,0.0
23445,13556,2,lado,32,13,1,18,8,24.0,75.8,0.2
23445,13556,5,lado,32,16,2,14,8,23.4,76.6,0.0
23445,13556,3,lado,32,13,1,18,8,22.8,77.0,0.2
23445,13566,5,centro,32,12,0,20,10,44.8,55.2,0.0
23445,13566,3,esquina,32,2,0,30,8,43.2,56.8,0.0
23445,13566,2,esquina,32,2,0,30,8,42.0,58.0,0.0
23445,13566,3,centro,32,16,0,16,10,39.4,60.6,0.0
23445,13566,5,esquina,32,2,0,30,8,39.0,61.0,0.0
23445,13566,4,esquina,32,2,0,30,8,38.4,61.6,0.0
23445,13566,4,centro,32,16,0,16,10,35.2,64.8,0.0
23445,13566,2,centro,32,16,0,16,10,33.4,66.6,0.0
23445,13566,4,lado,32,14,2,16,8,24.0,76.0,0.0
23445,13566,5,lado,32,16,2,14,8,22.8,77.2,0.0
23445,13566,2,lado,32,15,1,16,8,22.0,78.0,0.0
23445,13566,3,lado,32,15,1,16,8,20.8,79.2,0.0
23445,14456,5,centro,32,12,4,16,10,47.2,52.8,0.0
23445,14456,4,esquina,32,2,0,30,8,43.6,56.4,0.0
23445,14456,3,esquina,32,2,0,30,8,42.2,57.6,0.2
23445,14456,2,esquina,32,2,0,30,8,42.2,57.6,0.2
23445,14456,4,centro,32,8,0,24,10,40.6,59.4,0.0
23445,14456,5,esquina,32,3,0,29,8,38.8,61.2,0.0
23445,14456,3,centro,32,8,0,24,10,34.2,65.8,0.0
23445,14456,2,centro,32,8,0,24,10,34.2,65.8,0.0
23445,14456,5,lado,32,16,1,15,8,30.2,69.2,0.6
23445,14456,4,lado,32,12,2,18,8,25.8,74.2,0.0
23445,14456,3,lado,32,15,0,17,8,25.6,74.4,0.0
23445,14456,2,lado,32,15,0,17,8,25.6,74.4,0.0
23445,14466,4,esquina,24,1,0,23,8,46.2,53.8,0.0
23445,14466,3,esquina,24,1,0,23,8,45.8,54.2,0.0
23445,14466,2,esquina,24,1,0,23,8,45.8,54.2,0.0
23445,14466,4,centro,24,4,0,20,10,44.8,55.2,0.0
23445,14466,5,centro,24,12,0,12,10,44.0,56.0,0.0
23445,14466,5,esquina,24,2,0,22,8,43.0,57.0,0.0
23445,14466,3,centro,24,4,0,20,10,33.6,66.4,0.0
23445,14466,2,centro,24,4,0,20,10,33.6,66.4,0.0
23445,14466,5,lado,24,12,1,11,8,32.0,67.8,0.2
23445,14466,3,lado,24,11,0,13,8,26.4,73.6,0.0
23445,14466,2,lado,24,11,0,13,8,26.4,73.6,0.0
23445,14466,4,lado,24,11,0,13,8,26.0,74.0,0.0
23445,14556,3,esquina,32,2,0,30,8,38.8,61.0,0.2
23445,14556,2,esquina,32,2,0,30,8,38.8,61.0,0.2
23445,14556,5,centro,32,16,0,16,10,38.2,61.8,0.0
23445,14556,4,esquina,32,2,0,30,8,37.4,62.6,0.0
23445,14556,4,centro,32,16,0,16,10,35.2,64.8,0.0
23445,14556,5,esquina,32,3,0,29,8,35.0,65.0,0.0
23445,14556,3,centro,32,16,0,16,10,28.0,72.0,0.0
23445,14556,2,centro,32,16,0,16,10,28.0,72.0,0.0
23445,14556,5,lado,32,18,1,13,8,21.8,78.2,0.0
23445,14556,4,lado,32,16,0,16,8,20.8,79.2,0.0
23445,14556,3,lado,32,16,0,16,8,20.6,79.4,0.0
23445,14556,2,lado,32,16,0,16,8,20.6,79.4,0.0
23445,14566,5,centro,32,16,0,16,10,39.2,60.8,0.0
23445,14566,3,esquina,32,2,0,30,8,36.6,63.4,0.0
23445,14566,2,esquina,32,2,0,30,8,36.6,63.4,0.0
23445,14566,4,esquina,32,2,0,30,8,35.8,64.2,0.0
23445,14566,5,esquina,32,3,0,29,8,34.2,65.8,0.0
23445,14566,4,centro,32,16,0,16,10,34.0,66.0,0.0
23445,14566,3,centro,32,16,0,16,10,27.8,72.2,0.0
23445,14566,2,centro,32,16,0,16,10,27.8,72.2,0.0
23445,14566,5,lado,32,18,1,13,8,21.4,78.6,0.0
23445,14566,3,lado,32,16,0,16,8,19.0,81.0,0.0
23445,14566,2,lado,32,16,0,16,8,19.0,81.0,0.0
23445,14566,4,lado,32,16,0,16,8,17.8,82.2,0.0
23445,15566,5,esquina,24,2,0,22,8,35.0,65.0,0.0
23445,15566,3,esquina,24,2,0,22,8,34.8,65.2,0.0
23445,15566,2,esquina,24,2,0,22,8,34.8,65.2,0.0
23445,15566,4,esquina,24,2,0,22,8,33.6,66.4,0.0
23445,15566,5,centro,24,12,0,12,10,33.2,66.8,0.0
23445,15566,4,centro,24,16,0,8,10,28.6,71.4,0.0
23445,15566,3,centro,24,16,0,8,10,25.8,74.2,0.0
23445,15566,2,centro,24,16,0,8,10,25.8,74.2,0.0
23445,15566,3,lado,24,13,0,11,8,16.4,83.6,0.0
23445,15566,2,lado,24,13,0,11,8,16.4,83.6,0.0
23445,15566,5,lado,24,15,0,9,8,15.6,84.4,0.0
23445,15566,4,lado,24,13,0,11,8,15.6,84.4,0.0
23455,12346,5,esquina,40,0,0,40,0,83.8,15.6,0.6
23455,12346,5,lado,40,0,0,40,0,83.0,16.6,0.4
23455,12346,4,esquina,40,0,0,40,0,78.6,20.8,0.6
23455,12346,4,centro,40,0,0,40,0,78.2,21.2,0.6
23455,12346,5,centro,40,0,4,36,0,76.8,22.8,0.4
23455,12346,3,esquina,40,0,0,40,0,76.8,22.0,1.2
23455,12346,3,centro,40,0,0,40,0,76.0,23.0,1.0
23455,12346,2,esquina,40,0,0,40,0,75.2,24.4,0.4
23455,12346,2,centro,40,0,0,40,0,72.4,26.8,0.8
23455,12346,4,lado,40,0,0,40,0,70.0,29.0,1.0
23455,12346,3,lado,40,1,2,37,12,63.8,35.6,0.6
23455,12346,2,lado,40,1,10,29,12,60.2,38.4,1.4
23455,12356,5,centro,40,4,0,36,12,68.4,30.0,1.6
23455,12356,5,esquina,40,2,0,38,10,68.2,30.8,1.0
23455,12356,3,esquina,40,2,0,38,8,63.2,36.0,0.8
23455,12356,4,esquina,40,2,0,38,10,62.6,36.0,1.4
23455,12356,2,esquina,40,2,0,38,8,62.2,36.4,1.4
23455,12356,3,centro,40,4,4,32,12,61.4,38.0,0.6
23455,12356,5,lado,40,8,0,32,10,59.4,39.2,1.4
23455,12356,4,centro,40,8,0,32,12,57.0,41.4,1.6
23455,12356,2,centro,40,4,4,32,12,56.0,42.2,1.8
23455,12356,4,lado,40,2,0,38,10,52.6,45.4,2.0
23455,12356,3,lado,40,10,2,28,8,46.2,51.0,2.8
23455,12356,2,lado,40,11,4,25,8,43.6,54.8,1.6
23455,12366,3,centro,32,4,0,28,12,63.0,36.6,0.4
23455,12366,3,esquina,32,1,0,31,8,63.0,36.2,0.8
23455,12366,2,esquina,32,1,0,31,8,62.2,37.2,0.6
23455,12366,4,esquina,32,1,0,31,10,62.0,36.8,1.2
23455,12366,4,centro,32,4,0,28,12,61.0,38.4,0.6
23455,12366,5,esquina,32,1,0,31,10,60.8,38.2,1.0
23455,12366,2,centro,32,4,0,28,12,59.0,39.4,1.6
23455,12366,5,centro,32,4,0,28,12,57.0,43.0,0.0
23455,12366,5,lado,32,9,0,23,10,50.8,47.2,2.0
23455,12366,4,lado,32,9,0,23,10,47.2,51.6,1.2
23455,12366,3,lado,32,11,2,19,8,42.6,55.8,1.6
23455,12366,2,lado,32,14,0,18,8,39.8,58.2,2.0
23455,12446,5,lado,32,0,0,32,0,81.6,17.2,1.2
23455,12446,5,esquina,32,0,0,32,0,77.6,21.8,0.6
23455,12446,4,centro,32,0,0,32,0,76.0,22.8,1.2
23455,12446,2,esquina,32,0,0,32,0,74.8,24.6,0.6
23455,12446,4,esquina,32,0,0,32,0,74.0,25.4,0.6
23455,12446,3,esquina,32,0,0,32,0,73.4,26.4,0.2
23455,12446,2,centro,32,0,0,32,0,73.4,25.8,0.8
23455,12446,5,centro,32,4,0,28,14,73.2,26.4,0.4
23455,12446,3,centro,32,0,0,32,0,73.2,25.8,1.0
23455,12446,3,lado,32,1,3,28,12,59.0,40.2,0.8
23455,12446,4,lado,32,1,3,28,12,56.4,42.8,0.8
23455,12446,2,lado,32,1,7,24,12,53.6,45.4,1.0
23455,12456,5,esquina,40,2,0,38,10,62.4,37.0,0.6
23455,12456,5,centro,40,4,0,36,12,61.2,37.8,1.0
23455,12456,4,esquina,40,2,0,38,8,57.8,41.2,1.0
23455,12456,3,esquina,40,2,0,38,8,57.6,41.2,1.2
23455,12456,2,esquina,40,2,0,38,8,56.6,42.4,1.0
23455,12456,5,lado,40,8,0,32,10,52.4,46.6,1.0
23455,12456,4,centro,40,8,0,32,12,51.6,47.0,1.4
23455,12456,2,centro,40,8,0,32,12,49.2,49.2,1.6
23455,12456,3,centro,40,8,0,32,12,47.8,51.4,0.8
23455,12456,3,lado,40,10,2,28,8,42.0,56.8,1.2
23455,12456,4,lado,40,10,2,28,8,39.6,58.6,1.8
23455,12456,2,lado,40,13,2,25,8,39.0,60.2,0.8
23455,12466,4,centro,32,4,0,28,12,59.2,39.8,1.0
23455,12466,5,esquina,32,1,0,31,10,57.2,42.0,0.8
23455,12466,2,esquina,32,1,0,31,8,56.6,42.0,1.4
23455,12466,4,esquina,32,1,0,31,8,56.4,42.0,1.6
23455,12466,3,esquina,32,1,0,31,8,55.4,43.2,1.4
23455,12466,5,centro,32,4,0,28,10,54.6,45.4,0.0
23455,12466,2,centro,32,4,0,28,12,53.0,45.6,1.4
23455,12466,3,centro,32,4,0,28,12,51.4,47.2,1.4
23455,12466,5,lado,32,9,2,21,10,46.8,51.4,1.8
23455,12466,3,lado,32,12,1,19,8,41.4,56.4,2.2
23455,12466,4,lado,32,11,2,19,8,36.6,61.8,1.6
23455,12466,2,lado,32,14,0,18,8,34.8,63.4,1.8
23455,12556,5,centro,32,8,0,24,10,55.6,44.0,0.4
23455,12556,2,esquina,32,2,0,30,8,47.0,52.8,0.2
23455,12556,5,esquina,32,2,0,30,8,46.6,53.4,0.0
23455,12556,4,esquina,32,2,0,30,8,46.6,53.2,0.2
23455,12556,3,esquina,32,2,0,30,8,46.6,53.2,0.2
23455,12556,2,centro,32,16,0,16,10,43.6,56.4,0.0
23455,12556,4,centro,32,16,0,16,10,42.4,57.6,0.0
23455,12556,3,centro,32,16,0,16,10,42.4,57.6,0.0
23455,12556,5,lado,32,12,2,18,8,30.2,69.0,0.8
23455,12556,4,lado,32,11,3,18,8,27.0,72.6,0.4
23455,12556,3,lado,32,11,3,18,8,26.8,72.8,0.4
23455,12556,2,lado,32,13,1,18,8,25.8,73.8,0.4
23455,12566,5,centro,32,12,0,20,10,45.4,54.6,0.0
23455,12566,5,esquina,32,2,0,30,8,44.2,55.8,0.0
23455,12566,2,esquina,32,2,0,30,8,44.2,55.8,0.0
23455,12566,4,esquina,32,2,0,30,8,43.0,57.0,0.0
23455,12566,3,esquina,32,2,0,30,8,43.0,57.0,0.0
23455,12566,2,centro,32,16,0,16,10,41.6,58.4,0.0
23455,12566,4,centro,32,16,0,16,10,40.8,59.2,0.0
23455,12566,3,centro,32,16,0,16,10,40.8,59.2,0.0
23455,12566,5,lado,32,14,2,16,8,24.4,75.6,0.0
23455,12566,4,lado,32,14,2,16,8,22.2,77.8,0.0
23455,12566,3,lado,32,14,2,16,8,22.2,77.8,0.0
23455,12566,2,lado,32,15,1,16,8,22.0,78.0,0.0
23455,13446,5,lado,32,0,0,32,0,79.0,20.0,1.0
23455,13446,4,centro,32,0,0,32,0,74.0,25.4,0.6
23455,13446,5,esquina,32,0,0,32,0,74.0,24.8,1.2
23455,13446,3,esquina,32,0,0,32,0,72.0,27.8,0.2
23455,13446,5,centro,32,4,0,28,12,70.4,29.2,0.4
23455,13446,4,esquina,32,0,0,32,0,70.0,29.4,0.6
23455,13446,3,centro,32,0,0,32,0,68.6,30.2,1.2
23455,13446,2,centro,32,0,0,32,0,68.2,30.0,1.8
23455,13446,2,esquina,32,0,0,32,0,67.8,31.4,0.8
23455,13446,4,lado,32,1,3,28,12,53.4,45.8,0.8
23455,13446,2,lado,32,1,7,24,12,49.4,48.8,1.8
23455,13446,3,lado,32,1,7,24,12,49.2,49.6,1.2
23455,13456,5,centro,40,4,0,36,12,60.2,39.2,0.6
23455,13456,5,esquina,40,2,0,38,10,59.8,39.6,0.6
23455,13456,3,esquina,40,2,0,38,8,52.8,46.0,1.2
23455,13456,4,esquina,40,2,0,38,8,52.4,46.2,1.4
23455,13456,2,esquina,40,2,0,38,8,52.2,47.2,0.6
23455,13456,5,lado,40,8,0,32,10,51.8,47.2,1.0
23455,13456,4,centro,40,8,0,32,12,51.0,48.4,0.6
23455,13456,3,centro,40,8,0,32,12,45.4,53.8,0.8
23455,13456,2,centro,40,8,0,32,12,41.0,57.6,1.4
23455,13456,2,lado,40,13,2,25,8,36.2,63.2,0.6
23455,13456,4,lado,40,10,4,26,8,36.0,62.2,1.8
23455,13456,3,lado,40,13,2,25,8,35.4,64.2,0.4
23455,13466,4,centro,32,4,0,28,12,55.8,43.2,1.0
23455,13466,5,esquina,32,1,0,31,10,53.4,45.8,0.8
23455,13466,5,centro,32,4,0,28,10,52.4,47.6,0.0
23455,13466,4,esquina,32,1,0,31,8,52.0,47.0,1.0
23455,13466,3,esquina,32,1,0,31,8,51.8,46.8,1.4
23455,13466,2,esquina,32,1,0,31,8,51.8,47.0,1.2
23455,13466,3,centro,32,4,0,28,12,50.0,49.0,1.0
23455,13466,5,lado,32,9,2,21,10,45.6,53.6,0.8
23455,13466,2,centro,32,4,0,28,12,45.2,53.6,1.2
23455,13466,4,lado,32,11,2,19,8,34.6,64.0,1.4
23455,13466,2,lado,32,14,0,18,8,34.0,64.4,1.6
23455,13466,3,lado,32,14,0,18,8,32.2,66.6,1.2
23455,13556,5,centro,32,8,0,24,10,52.6,47.0,0.4
23455,13556,5,esquina,32,2,0,30,8,44.6,55.4,0.0
23455,13556,3,esquina,32,2,0,30,8,44.0,55.8,0.2
23455,13556,4,esquina,32,2,0,30,8,44.0,55.8,0.2
23455,13556,2,esquina,32,2,0,30,8,42.6,57.2,0.2
23455,13556,3,centro,32,16,0,16,10,40.8,59.2,0.0
23455,13556,4,centro,32,16,0,16,10,40.0,60.0,0.0
23455,13556,2,centro,32,16,0,16,10,36.8,63.2,0.0
23455,13556,5,lado,32,12,2,18,8,30.6,69.2,0.2
23455,13556,4,lado,32,12,2,18,8,26.8,72.8,0.4
23455,13556,2,lado,32,13,1,18,8,25.6,74.0,0.4
23455,13556,3,lado,32,13,1,18,8,24.2,75.4,0.4
23455,13566,5,centro,32,12,0,20,10,43.6,56.4,0.0
23455,13566,3,esquina,32,2,0,30,8,41.4,58.6,0.0
23455,13566,5,esquina,32,2,0,30,8,41.2,58.8,0.0
23455,13566,2,esquina,32,2,0,30,8,40.2,59.8,0.0
23455,13566,4,esquina,32,2,0,30,8,40.0,60.0,0.0
23455,13566,3,centro,32,16,0,16,10,39.4,60.6,0.0
23455,13566,4,centro,32,16,0,16,10,38.4,61.6,0.0
23455,13566,2,centro,32,16,0,16,10,35.0,65.0,0.0
23455,13566,5,lado,32,14,2,16,8,23.8,76.2,0.0
23455,13566,2,lado,32,15,1,16,8,22.8,77.2,0.0
23455,13566,4,lado,32,14,2,16,8,22.2,77.8,0.0
23455,13566,3,lado,32,15,1,16,8,20.6,79.4,0.0
23455,14456,5,centro,32,4,0,28,12,58.0,41.8,0.2
23455,14456,5,esquina,32,2,0,30,10,52.4,47.0,0.6
23455,14456,4,centro,32,8,0,24,12,49.4,50.0,0.6
23455,14456,4,esquina,32,2,0,30,8,47.8,51.2,1.0
23455,14456,3,esquina,32,2,0,30,8,47.6,52.0,0.4
23455,14456,2,esquina,32,2,0,30,8,47.6,52.0,0.4
23455,14456,5,lado,32,6,0,26,10,44.6,54.8,0.6
23455,14456,3,centro,32,8,0,24,12,42.6,56.8,0.6
23455,14456,2,centro,32,8,0,24,12,42.6,56.8,0.6
23455,14456,3,lado,32,10,2,20,8,32.8,66.8,0.4
23455,14456,2,lado,32,10,2,20,8,32.6,66.8,0.6
23455,14456,4,lado,32,11,1,20,8,30.8,68.8,0.4
23455,14466,5,esquina,24,1,0,23,10,51.4,48.2,0.4
23455,14466,3,esquina,24,1,0,23,8,49.2,50.6,0.2
23455,14466,2,esquina,24,1,0,23,8,49.2,50.6,0.2
23455,14466,4,centro,24,4,0,20,12,48.8,50.6,0.6
23455,14466,4,esquina,24,1,0,23,8,48.0,51.4,0.6
23455,14466,5,centro,24,4,0,20,10,47.4,52.4,0.2
23455,14466,5,lado,24,7,2,15,10,42.4,56.8,0.8
23455,14466,3,centro,24,4,0,20,12,39.2,60.0,0.8
23455,14466,2,centro,24,4,0,20,12,39.2,60.0,0.8
23455,14466,3,lado,24,11,0,13,8,29.2,69.2,1.6
23455,14466,2,lado,24,11,0,13,8,29.2,69.2,1.6
23455,14466,4,lado,24,10,1,13,8,26.0,73.0,1.0
23455,14556,5,centro,32,8,0,24,10,47.8,51.8,0.4
23455,14556,5,esquina,32,2,0,30,8,41.8,58.2,0.0
23455,14556,4,esquina,32,2,0,30,8,41.4,58.4,0.2
23455,14556,3,esquina,32,2,0,30,8,41.0,58.8,0.2
23455,14556,2,esquina,32,2,0,30,8,41.0,58.8,0.2
23455,14556,4,centro,32,16,0,16,10,38.2,61.8,0.0
23455,14556,3,centro,32,16,0,16,10,32.6,67.4,0.0
23455,14556,2,centro,32,16,0,16,10,32.6,67.4,0.0
23455,14556,5,lado,32,13,1,18,8,30.6,69.0,0.4
23455,14556,3,lado,32,13,1,18,8,24.2,75.4,0.4
23455,14556,2,lado,32,13,1,18,8,24.2,75.4,0.4
23455,14556,4,lado,32,13,1,18,8,23.0,76.8,0.2
23455,14566,5,centro,32,12,0,20,10,42.8,57.2,0.0
23455,14566,5,esquina,32,2,0,30,8,39.4,60.6,0.0
23455,14566,4,esquina,32,2,0,30,8,38.0,62.0,0.0
23455,14566,4,centro,32,16,0,16,10,37.4,62.6,0.0
23455,14566,3,esquina,32,2,0,30,8,37.4,62.6,0.0
23455,14566,2,esquina,32,2,0,30,8,37.4,62.6,0.0
23455,14566,3,centro,32,16,0,16,10,30.6,69.4,0.0
23455,14566,2,centro,32,16,0,16,10,30.6,69.4,0.0
23455,14566,5,lado,32,15,1,16,8,23.4,76.6,0.0
23455,14566,3,lado,32,15,1,16,8,21.8,78.2,0.0
23455,14566,2,lado,32,15,1,16,8,21.8,78.2,0.0
23455,14566,4,lado,32,15,1,16,8,19.2,80.8,0.0
23455,15566,5,esquina,24,2,0,22,8,35.4,64.6,0.0
23455,15566,5,centro,24,12,0,12,10,35.0,65.0,0.0
23455,15566,4,esquina,24,2,0,22,8,34.6,65.4,0.0
23455,15566,3,esquina,24,2,0,22,8,34.6,65.4,0.0
23455,15566,2,esquina,24,2,0,22,8,34.6,65.4,0.0
23455,15566,4,centro,24,16,0,8,10,25.2,74.8,0.0
23455,15566,3,centro,24,16,0,8,10,25.2,74.8,0.0
23455,15566,2,centro,24,16,0,8,10,25.2,74.8,0.0
23455,15566,4,lado,24,13,0,11,8,17.4,82.6,0.0
23455,15566,3,lado,24,13,0,11,8,17.4,82.6,0.0
23455,15566,2,lado,24,13,0,11,8,17.4,82.6,0.0
23455,15566,5,lado,24,13,0,11,8,16.2,83.8,0.0
24455,12336,5,centro,32,0,0,32,0,88.4,11.4,0.2
24455,12336,4,centro,32,0,0,32,0,88.0,11.8,0.2
24455,12336,4,lado,32,0,0,32,0,86.0,14.0,0.0
24455,12336,5,lado,32,0,0,32,0,85.6,14.0,0.4
24455,12336,4,esquina,32,0,0,32,0,85.6,14.4,0.0
24455,12336,2,centro,32,0,0,32,0,85.0,14.4,0.6
24455,12336,2,esquina,32,0,0,32,0,85.0,14.8,0.2
24455,12336,5,esquina,32,0,0,32,0,84.6,15.4,0.0
24455,12336,2,lado,32,1,7,24,12,67.0,33.0,0.0
24455,12346,5,esquina,40,0,0,40,0,83.4,15.6,1.0
24455,12346,4,centro,40,0,0,40,0,83.0,16.6,0.4
24455,12346,4,esquina,40,0,0,40,0,82.4,16.6,1.0
24455,12346,5,centro,40,0,0,40,0,81.8,17.8,0.4
24455,12346,5,lado,40,0,0,40,0,81.6,18.0,0.4
24455,12346,2,centro,40,0,0,40,0,80.8,17.8,1.4
24455,12346,2,esquina,40,0,0,40,0,79.4,20.0,0.6
24455,12346,4,lado,40,0,0,40,0,75.8,23.6,0.6
24455,12346,2,lado,40,1,10,29,12,63.6,35.4,1.0
24455,12356,5,centro,40,4,0,36,12,75.2,24.0,0.8
24455,12356,5,esquina,40,2,0,38,10,66.2,32.2,1.6
24455,12356,4,esquina,40,2,0,38,10,65.8,33.0,1.2
24455,12356,2,esquina,40,2,0,38,8,65.6,33.6,0.8
24455,12356,4,centro,40,4,4,32,12,62.6,35.8,1.6
24455,12356,2,centro,40,4,0,36,12,62.2,36.0,1.8
24455,12356,5,lado,40,8,0,32,10,60.0,38.0,2.0
24455,12356,4,lado,40,2,0,38,10,56.6,41.0,2.4
24455,12356,2,lado,40,11,4,25,8,46.4,52.4,1.2
24455,12366,4,esquina,32,1,0,31,10,65.8,32.8,1.4
24455,12366,5,esquina,32,1,0,31,10,64.6,34.0,1.4
24455,12366,4,centro,32,4,0,28,12,64.2,35.2,0.6
24455,12366,5,centro,32,4,0,28,12,63.8,35.4,0.8
24455,12366,2,esquina,32,1,0,31,8,61.4,38.2,0.4
24455,12366,2,centro,32,4,0,28,12,56.2,42.0,1.8
24455,12366,5,lado,32,9,0,23,10,52.2,46.6,1.2
24455,12366,4,lado,32,9,0,23,10,52.0,46.2,1.8
24455,12366,2,lado,32,14,0,18,8,38.0,59.2,2.8
24455,13346,5,centro,32,0,0,32,0,83.0,16.4,0.6
24455,13346,5,lado,32,0,0,32,0,82.6,16.6,0.8
24455,13346,4,centro,32,0,0,32,0,80.8,18.6,0.6
24455,13346,5,esquina,32,0,0,32,0,79.8,19.8,0.4
24455,13346,4,esquina,32,0,0,32,0,79.8,19.8,0.4
24455,13346,2,centro,32,0,0,32,0,77.6,20.8,1.6
24455,13346,2,esquina,32,0,0,32,0,77.0,21.8,1.2
24455,13346,4,lado,32,0,0,32,0,70.6,28.4,1.0
24455,13346,2,lado,32,1,7,24,12,59.0,40.2,0.8
24455,13356,5,centro,32,4,0,28,12,71.6,27.4,1.0
24455,13356,4,esquina,32,2,0,30,10,62.8,36.2,1.0
24455,13356,5,esquina,32,2,0,30,10,62.4,36.2,1.4
24455,13356,4,centro,32,4,4,24,12,59.6,39.6,0.8
24455,13356,2,esquina,32,2,0,30,8,59.2,40.2,0.6
24455,13356,5,lado,32,6,0,26,10,56.6,42.2,1.2
24455,13356,2,centro,32,4,0,28,12,55.0,42.8,2.2
24455,13356,4,lado,32,4,0,28,10,53.2,45.2,1.6
24455,13356,2,lado,32,8,4,20,8,42.6,56.4,1.0
24455,13366,4,esquina,24,1,0,23,10,62.2,36.6,1.2
24455,13366,4,centro,24,4,0,20,12,62.0,37.0,1.0
24455,13366,5,esquina,24,1,0,23,10,61.6,36.6,1.8
24455,13366,5,centro,24,4,0,20,12,60.8,38.2,1.0
24455,13366,2,esquina,24,1,0,23,8,58.4,40.4,1.2
24455,13366,2,centro,24,4,0,20,12,52.6,44.4,3.0
24455,13366,5,lado,24,7,0,17,10,51.0,48.6,0.4
24455,13366,4,lado,24,7,0,17,10,50.4,47.2,2.4
24455,13366,2,lado,24,11,0,13,8,42.2,54.4,3.4
24455,13446,5,centro,32,0,0,32,0,80.6,19.0,0.4
24455,13446,5,lado,32,0,0,32,0,78.8,20.6,0.6
24455,13446,5,esquina,32,0,0,32,0,77.8,21.8,0.4
24455,13446,4,centro,32,0,0,32,0,77.2,21.4,1.4
24455,13446,4,esquina,32,0,0,32,0,76.2,23.2,0.6
24455,13446,2,esquina,32,0,0,32,0,74.0,26.0,0.0
24455,13446,2,centro,32,0,0,32,0,73.4,25.2,1.4
24455,13446,4,lado,32,0,2,30,0,58.8,40.6,0.6
24455,13446,2,lado,32,1,7,24,12,56.4,42.6,1.0
24455,13456,5,centro,40,4,0,36,12,65.4,34.4,0.2
24455,13456,4,esquina,40,2,0,38,8,58.8,39.6,1.6
24455,13456,5,esquina,40,2,0,38,10,58.4,39.8,1.8
24455,13456,2,esquina,40,2,0,38,8,56.6,41.8,1.6
24455,13456,4,centro,40,8,0,32,12,54.4,44.4,1.2
24455,13456,5,lado,40,8,0,32,10,53.8,44.0,2.2
24455,13456,2,centro,40,8,0,32,12,47.4,51.0,1.6
24455,13456,4,lado,40,10,2,28,8,39.4,58.2,2.4
24455,13456,2,lado,40,13,2,25,8,37.0,61.4,1.6
24455,13466,5,centro,32,4,0,28,10,60.2,39.4,0.4
24455,13466,5,esquina,32,1,0,31,10,60.2,39.2,0.6
24455,13466,4,centro,32,4,0,28,12,58.8,40.6,0.6
24455,13466,4,esquina,32,1,0,31,8,57.6,41.6,0.8
24455,13466,2,esquina,32,1,0,31,8,54.4,44.6,1.0
24455,13466,5,lado,32,9,2,21,10,44.2,54.6,1.2
24455,13466,2,centro,32,4,0,28,12,43.4,55.6,1.0
24455,13466,4,lado,32,11,2,19,8,36.4,62.4,1.2
24455,13466,2,lado,32,14,0,18,8,36.0,62.0,2.0
24455,13556,5,centro,32,8,0,24,10,53.6,45.8,0.6
24455,13556,5,esquina,32,2,0,30,8,46.4,53.4,0.2
24455,13556,4,esquina,32,2,0,30,8,45.6,54.2,0.2
24455,13556,2,esquina,32,2,0,30,8,45.4,54.4,0.2
24455,13556,4,centro,32,16,0,16,10,41.0,59.0,0.0
24455,13556,2,lado,32,13,1,18,8,31.2,68.6,0.2
24455,13556,2,centro,32,16,0,16,10,30.2,69.8,0.0
24455,13556,5,lado,32,12,2,18,8,29.4,70.4,0.2
24455,13556,4,lado,32,11,3,18,8,26.6,73.0,0.4
24455,13566,5,centro,32,12,0,20,10,47.0,53.0,0.0
24455,13566,5,esquina,32,2,0,30,8,44.8,55.2,0.0
24455,13566,2,esquina,32,2,0,30,8,42.8,57.2,0.0
24455,13566,4,esquina,32,2,0,30,8,42.2,57.8,0.0
24455,13566,4,centro,32,16,0,16,10,39.8,60.2,0.0
24455,13566,2,centro,32,16,0,16,10,29.8,70.2,0.0
24455,13566,2,lado,32,15,1,16,8,24.8,75.2,0.0
24455,13566,5,lado,32,14,2,16,8,23.6,76.4,0.0
24455,13566,4,lado,32,14,2,16,8,22.0,78.0,0.0
33445,12446,4,centro,32,4,0,28,14,75.2,23.6,1.2
33445,12446,4,esquina,32,0,0,32,0,74.2,25.2,0.6
33445,12446,3,esquina,32,0,0,32,0,71.0,28.6,0.4
33445,12446,3,centro,32,0,0,32,0,70.2,29.4,0.4
33445,12446,5,lado,32,1,0,31,12,68.8,29.8,1.4
33445,12446,5,centro,32,8,0,24,12,62.8,37.0,0.2
33445,12446,5,esquina,32,2,0,30,10,61.8,37.0,1.2
33445,12446,3,lado,32,3,2,27,12,54.6,44.2,1.2
33445,12446,4,lado,32,3,1,28,12,53.0,45.4,1.6
33445,12456,4,esquina,40,2,0,38,8,55.2,43.4,1.4
33445,12456,5,centro,40,12,0,28,10,54.0,45.4,0.6
33445,12456,3,esquina,40,2,0,38,8,53.8,45.0,1.2
33445,12456,4,centro,40,8,0,32,10,51.0,48.6,0.4
33445,12456,5,esquina,40,3,0,37,8,47.6,51.2,1.2
33445,12456,3,centro,40,8,0,32,10,44.8,54.8,0.4
33445,12456,5,lado,40,14,4,22,8,41.2,58.0,0.8
33445,12456,3,lado,40,12,1,27,8,37.2,61.6,1.2
33445,12456,4,lado,40,11,1,28,8,35.2,64.0,0.8
33445,12466,4,esquina,32,1,0,31,8,61.8,37.6,0.6
33445,12466,3,esquina,32,1,0,31,8,58.0,41.2,0.8
33445,12466,4,centro,32,4,0,28,10,57.0,42.4,0.6
33445,12466,5,esquina,32,2,0,30,8,50.4,49.0,0.6
33445,12466,5,centro,32,12,0,20,10,48.6,50.8,0.6
33445,12466,3,centro,32,4,0,28,10,48.2,50.4,1.4
33445,12466,5,lado,32,13,2,17,8,43.6,56.2,0.2
33445,12466,3,lado,32,12,1,19,8,37.2,60.6,2.2
33445,12466,4,lado,32,12,1,19,8,34.6,63.8,1.6
33445,12556,4,esquina,32,2,0,30,8,48.6,51.2,0.2
33445,12556,3,esquina,32,2,0,30,8,48.6,51.2,0.2
33445,12556,5,centro,32,8,0,24,10,44.0,56.0,0.0
33445,12556,5,esquina,32,2,0,30,8,43.0,57.0,0.0
33445,12556,4,centro,32,16,0,16,10,42.8,57.2,0.0
33445,12556,3,centro,32,16,0,16,10,42.6,57.4,0.0
33445,12556,5,lado,32,16,2,14,8,28.4,71.6,0.0
33445,12556,3,lado,32,12,2,18,8,27.6,72.0,0.4
33445,12556,4,lado,32,12,2,18,8,26.6,73.0,0.4
33445,12566,4,esquina,32,2,0,30,8,48.6,51.4,0.0
33445,12566,3,esquina,32,2,0,30,8,47.6,52.4,0.0
33445,12566,5,esquina,32,2,0,30,8,42.2,57.8,0.0
33445,12566,4,centro,32,16,0,16,10,41.6,58.4,0.0
33445,12566,3,centro,32,16,0,16,10,41.4,58.6,0.0
33445,12566,5,centro,32,12,0,20,10,39.4,60.6,0.0
33445,12566,5,lado,32,16,2,14,8,25.8,74.2,0.0
33445,12566,3,lado,32,14,2,16,8,24.0,76.0,0.0
33445,12566,4,lado,32,14,2,16,8,23.2,76.8,0.0
33445,14456,4,esquina,32,2,0,30,8,44.4,55.6,0.0
33445,14456,3,esquina,32,2,0,30,8,42.2,57.6,0.2
33445,14456,4,centro,32,8,0,24,10,41.6,58.4,0.0
33445,14456,5,centro,32,12,4,16,10,41.0,59.0,0.0
33445,14456,5,esquina,32,3,0,29,8,37.2,62.8,0.0
33445,14456,3,centro,32,8,0,24,10,34.2,65.8,0.0
33445,14456,5,lado,32,16,1,15,8,31.2,68.4,0.4
33445,14456,3,lado,32,15,0,17,8,25.6,74.4,0.0
33445,14456,4,lado,32,12,2,18,8,23.4,76.6,0.0
33445,14466,4,esquina,24,1,0,23,8,47.0,53.0,0.0
33445,14466,3,esquina,24,1,0,23,8,45.8,54.2,0.0
33445,14466,5,esquina,24,2,0,22,8,44.8,55.0,0.2
33445,14466,4,centro,24,4,0,20,10,44.2,55.8,0.0
33445,14466,5,centro,24,12,0,12,10,43.8,56.2,0.0
33445,14466,3,centro,24,4,0,20,10,33.6,66.4,0.0
33445,14466,5,lado,24,12,1,11,8,30.6,69.2,0.2
33445,14466,3,lado,24,11,0,13,8,26.4,73.6,0.0
33445,14466,4,lado,24,11,0,13,8,25.6,74.4,0.0
33445,14556,4,esquina,32,2,0,30,8,40.8,59.0,0.2
33445,14556,3,esquina,32,2,0,30,8,38.8,61.0,0.2
33445,14556,4,centro,32,16,0,16,10,36.2,63.8,0.0
33445,14556,5,esquina,32,3,0,29,8,35.0,65.0,0.0
33445,14556,5,centro,32,16,0,16,10,31.4,68.6,0.0
33445,14556,3,centro,32,16,0,16,10,28.0,72.0,0.0
33445,14556,5,lado,32,18,1,13,8,21.0,79.0,0.0
33445,14556,3,lado,32,16,0,16,8,20.6,79.4,0.0
33445,14556,4,lado,32,16,0,16,8,19.2,80.8,0.0
33445,14566,4,esquina,32,2,0,30,8,38.8,61.2,0.0
33445,14566,4,centro,32,16,0,16,10,36.6,63.4,0.0
33445,14566,3,esquina,32,2,0,30,8,36.6,63.4,0.0
33445,14566,5,esquina,32,3,0,29,8,33.6,66.4,0.0
33445,14566,5,centro,32,16,0,16,10,31.2,68.8,0.0
33445,14566,3,centro,32,16,0,16,10,27.8,72.2,0.0
33445,14566,5,lado,32,18,1,13,8,21.2,78.8,0.0
33445,14566,3,lado,32,16,0,16,8,19.0,81.0,0.0
33445,14566,4,lado,32,16,0,16,8,17.6,82.4,0.0
33445,15566,3,esquina,24,2,0,22,8,34.8,65.2,0.0
33445,15566,5,esquina,24,2,0,22,8,34.6,65.4,0.0
33445,15566,4,esquina,24,2,0,22,8,34.2,65.8,0.0
33445,15566,5,centro,24,12,0,12,10,30.0,70.0,0.0
33445,15566,4,centro,24,16,0,8,10,26.2,73.8,0.0
33445,15566,3,centro,24,16,0,8,10,25.8,74.2,0.0
33445,15566,4,lado,24,13,0,11,8,17.6,82.4,0.0
33445,15566,3,lado,24,13,0,11,8,16.4,83.6,0.0
33445,15566,5,lado,24,15,0,9,8,15.8,84.2,0.0
33455,12446,5,esquina,32,0,0,32,0,80.0,19.8,0.2
33455,12446,5,centro,32,4,0,28,14,79.6,19.6,0.8
33455,12446,5,lado,32,0,0,32,0,78.4,20.4,1.2
33455,12446,4,esquina,32,0,0,32,0,77.0,22.8,0.2
33455,12446,3,esquina,32,0,0,32,0,75.0,24.4,0.6
33455,12446,3,centro,32,0,0,32,0,74.4,24.6,1.0
33455,12446,4,centro,32,0,0,32,0,73.0,26.4,0.6
33455,12446,3,lado,32,1,3,28,12,61.2,38.2,0.6
33455,12446,4,lado,32,1,3,28,12,58.6,40.2,1.2
33455,12456,5,centro,40,4,0,36,12,65.4,34.4,0.2
33455,12456,5,esquina,40,2,0,38,10,60.8,37.0,2.2
33455,12456,4,esquina,40,2,0,38,8,60.8,37.2,2.0
33455,12456,3,esquina,40,2,0,38,8,59.0,40.0,1.0
33455,12456,4,centro,40,8,0,32,12,54.6,43.8,1.6
33455,12456,5,lado,40,8,0,32,10,53.8,45.4,0.8
33455,12456,3,centro,40,8,0,32,12,50.0,48.6,1.4
33455,12456,3,lado,40,10,2,28,8,44.6,54.2,1.2
33455,12456,4,lado,40,10,2,28,8,42.8,56.2,1.0
33455,12466,5,esquina,32,1,0,31,10,66.8,32.6,0.6
33455,12466,5,centro,32,4,0,28,10,62.2,37.4,0.4
33455,12466,3,esquina,32,1,0,31,8,60.0,38.6,1.4
33455,12466,4,esquina,32,1,0,31,8,57.4,41.8,0.8
33455,12466,3,centro,32,4,0,28,12,54.0,44.6,1.4
33455,12466,4,centro,32,4,0,28,12,51.8,46.6,1.6
33455,12466,5,lado,32,9,2,21,10,47.2,50.0,2.8
33455,12466,3,lado,32,12,1,19,8,43.8,53.8,2.4
33455,12466,4,lado,32,11,2,19,8,40.4,57.8,1.8
33455,12556,5,centro,32,8,0,24,10,56.2,43.4,0.4
33455,12556,5,esquina,32,2,0,30,8,51.6,48.4,0.0
33455,12556,3,esquina,32,2,0,30,8,49.2,50.6,0.2
33455,12556,4,esquina,32,2,0,30,8,47.2,52.8,0.0
33455,12556,3,centro,32,16,0,16,10,43.6,56.4,0.0
33455,12556,4,centro,32,16,0,16,10,36.8,63.2,0.0
33455,12556,4,lado,32,11,3,18,8,33.0,66.8,0.2
33455,12556,5,lado,32,12,2,18,8,29.4,69.2,1.4
33455,12556,3,lado,32,11,3,18,8,28.4,71.2,0.4
33455,12566,5,esquina,32,2,0,30,8,49.4,50.6,0.0
33455,12566,5,centro,32,12,0,20,10,49.2,50.8,0.0
33455,12566,3,esquina,32,2,0,30,8,45.8,54.2,0.0
33455,12566,4,esquina,32,2,0,30,8,44.8,55.2,0.0
33455,12566,3,centro,32,16,0,16,10,41.8,58.2,0.0
33455,12566,4,centro,32,16,0,16,10,33.6,66.4,0.0
33455,12566,4,lado,32,14,2,16,8,27.8,72.2,0.0
33455,12566,3,lado,32,14,2,16,8,23.6,76.4,0.0
33455,12566,5,lado,32,14,2,16,8,23.2,76.6,0.2
33455,14456,5,centro,32,4,0,28,12,60.0,39.6,0.4
33455,14456,5,esquina,32,2,0,30,10,53.6,45.6,0.8
33455,14456,4,esquina,32,2,0,30,8,51.4,48.4,0.2
33455,14456,3,esquina,32,2,0,30,8,47.6,52.0,0.4
33455,14456,3,centro,32,8,0,24,12,42.6,56.8,0.6
33455,14456,4,centro,32,8,0,24,12,42.4,57.4,0.2
33455,14456,5,lado,32,6,0,26,10,41.8,57.4,0.8
33455,14456,3,lado,32,10,2,20,8,32.8,66.8,0.4
33455,14456,4,lado,32,11,1,20,8,31.2,68.2,0.6
33455,14466,4,esquina,24,1,0,23,8,51.4,47.8,0.8
33455,14466,5,esquina,24,1,0,23,10,51.2,48.6,0.2
33455,14466,5,centro,24,4,0,20,10,49.8,49.8,0.4
33455,14466,3,esquina,24,1,0,23,8,49.2,50.6,0.2
33455,14466,4,centro,24,4,0,20,12,48.8,50.8,0.4
33455,14466,3,centro,24,4,0,20,12,39.2,60.0,0.8
33455,14466,5,lado,24,7,2,15,10,38.6,60.6,0.8
33455,14466,4,lado,24,10,1,13,8,30.4,68.2,1.4
33455,14466,3,lado,24,11,0,13,8,29.2,69.2,1.6
33455,14556,5,centro,32,8,0,24,10,46.8,53.0,0.2
33455,14556,5,esquina,32,2,0,30,8,44.4,55.4,0.2
33455,14556,4,esquina,32,2,0,30,8,41.6,57.8,0.6
33455,14556,3,esquina,32,2,0,30,8,41.0,58.8,0.2
33455,14556,3,centro,32,16,0,16,10,32.6,67.4,0.0
33455,14556,4,centro,32,16,0,16,10,30.2,69.8,0.0
33455,14556,5,lado,32,13,1,18,8,25.4,74.2,0.4
33455,14556,4,lado,32,13,1,18,8,24.8,74.6,0.6
33455,14556,3,lado,32,13,1,18,8,24.2,75.4,0.4
33455,14566,5,centro,32,12,0,20,10,46.0,54.0,0.0
33455,14566,5,esquina,32,2,0,30,8,42.0,58.0,0.0
33455,14566,4,esquina,32,2,0,30,8,39.8,60.2,0.0
33455,14566,3,esquina,32,2,0,30,8,37.4,62.6,0.0
33455,14566,3,centro,32,16,0,16,10,30.6,69.4,0.0
33455,14566,4,centro,32,16,0,16,10,28.4,71.6,0.0
33455,14566,3,lado,32,15,1,16,8,21.8,78.2,0.0
33455,14566,5,lado,32,15,1,16,8,21.2,78.8,0.0
33455,14566,4,lado,32,15,1,16,8,20.2,79.8,0.0
33455,15566,4,esquina,24,2,0,22,8,37.2,62.8,0.0
33455,15566,5,esquina,24,2,0,22,8,35.2,64.6,0.2
33455,15566,5,centro,24,12,0,12,10,35.0,65.0,0.0
33455,15566,3,esquina,24,2,0,22,8,34.6,65.4,0.0
33455,15566,3,centro,24,16,0,8,10,25.2,74.8,0.0
33455,15566,4,centro,24,16,0,8,10,23.8,76.2,0.0
33455,15566,3,lado,24,13,0,11,8,17.4,82.6,0.0
33455,15566,4,lado,24,13,0,11,8,17.2,82.8,0.0
33455,15566,5,lado,24,13,0,11,8,16.6,83.4,0.0
34455,12346,5,esquina,40,0,0,40,0,87.0,12.6,0.4
34455,12346,5,centro,40,0,0,40,0,84.8,15.0,0.2
34455,12346,4,centro,40,0,0,40,0,84.8,14.8,0.4
34455,12346,5,lado,40,0,0,40,0,84.6,15.4,0.0
34455,12346,4,esquina,40,0,0,40,0,84.2,15.4,0.4
34455,12346,3,esquina,40,0,0,40,0,83.8,15.6,0.6
34455,12346,3,centro,40,0,0,40,0,83.4,16.4,0.2
34455,12346,4,lado,40,0,0,40,0,79.8,20.0,0.2
34455,12346,3,lado,40,1,2,37,12,70.8,28.6,0.6
34455,12356,5,centro,40,4,0,36,12,77.2,22.2,0.6
34455,12356,3,esquina,40,1,0,39,8,70.4,28.6,1.0
34455,12356,5,esquina,40,2,0,38,10,69.0,29.6,1.4
34455,12356,4,esquina,40,1,0,39,10,68.8,29.8,1.4
34455,12356,5,lado,40,8,0,32,10,65.2,32.8,2.0
34455,12356,3,centro,40,4,0,36,12,65.0,33.4,1.6
34455,12356,4,centro,40,4,4,32,12,64.8,34.2,1.0
34455,12356,4,lado,40,2,0,38,10,61.6,36.2,2.2
34455,12356,3,lado,40,6,6,28,8,52.8,45.2,2.0
34455,12366,4,esquina,32,1,0,31,10,70.8,28.6,0.6
34455,12366,5,esquina,32,1,0,31,10,70.2,29.0,0.8
34455,12366,5,centro,32,4,0,28,12,66.2,32.6,1.2
34455,12366,4,centro,32,4,0,28,12,66.2,32.8,1.0
34455,12366,3,esquina,32,1,0,31,8,65.0,34.0,1.0
34455,12366,3,centro,32,4,0,28,12,61.2,37.4,1.4
34455,12366,4,lado,32,9,0,23,10,57.6,39.6,2.8
34455,12366,5,lado,32,9,0,23,10,57.4,39.6,3.0
34455,12366,3,lado,32,11,2,19,8,48.0,49.6,2.4
34455,12446,5,centro,32,0,0,32,0,84.6,15.4,0.0
34455,12446,5,lado,32,0,0,32,0,82.2,17.6,0.2
34455,12446,5,esquina,32,0,0,32,0,81.4,18.2,0.4
34455,12446,4,centro,32,0,0,32,0,81.2,18.0,0.8
34455,12446,4,esquina,32,0,0,32,0,79.8,19.8,0.4
34455,12446,3,centro,32,0,0,32,0,79.0,20.6,0.4
34455,12446,3,esquina,32,0,0,32,0,78.0,21.8,0.2
34455,12446,3,lado,32,1,3,28,12,64.6,34.8,0.6
34455,12446,4,lado,32,0,2,30,0,63.2,36.6,0.2
34455,12456,5,centro,40,4,0,36,12,66.6,33.2,0.2
34455,12456,5,esquina,40,2,0,38,10,61.8,36.4,1.8
34455,12456,3,esquina,40,2,0,38,8,61.8,36.8,1.4
34455,12456,4,esquina,40,2,0,38,8,61.6,37.2,1.2
34455,12456,4,centro,40,8,0,32,12,56.6,42.2,1.2
34455,12456,5,lado,40,8,0,32,10,56.4,42.2,1.4
34455,12456,3,centro,40,8,0,32,12,52.0,46.6,1.4
34455,12456,3,lado,40,10,2,28,8,44.8,54.0,1.2
34455,12456,4,lado,40,10,2,28,8,43.6,55.0,1.4
34455,12466,5,esquina,32,1,0,31,10,65.0,34.2,0.8
34455,12466,4,esquina,32,1,0,31,8,63.2,36.0,0.8
34455,12466,5,centro,32,4,0,28,10,62.4,37.2,0.4
34455,12466,4,centro,32,4,0,28,12,62.0,37.4,0.6
34455,12466,3,esquina,32,1,0,31,8,56.8,42.8,0.4
34455,12466,5,lado,32,9,2,21,10,48.0,48.8,3.2
34455,12466,3,centro,32,4,0,28,12,47.6,50.4,2.0
34455,12466,3,lado,32,12,1,19,8,42.8,55.2,2.0
34455,12466,4,lado,32,11,2,19,8,39.6,58.8,1.6
34455,12556,5,centro,32,8,0,24,10,56.2,43.2,0.6
34455,12556,5,esquina,32,2,0,30,8,51.2,48.8,0.0
34455,12556,4,esquina,32,2,0,30,8,49.2,50.6,0.2
34455,12556,3,esquina,32,2,0,30,8,47.2,52.8,0.0
34455,12556,4,centro,32,16,0,16,10,43.6,56.4,0.0
34455,12556,3,centro,32,16,0,16,10,36.8,63.2,0.0
34455,12556,3,lado,32,11,3,18,8,33.6,66.2,0.2
34455,12556,5,lado,32,12,2,18,8,31.6,67.8,0.6
34455,12556,4,lado,32,11,3,18,8,28.4,71.0,0.6
34455,12566,5,centro,32,12,0,20,10,49.0,51.0,0.0
34455,12566,5,esquina,32,2,0,30,8,48.4,51.6,0.0
34455,12566,4,esquina,32,2,0,30,8,45.8,54.2,0.0
34455,12566,3,esquina,32,2,0,30,8,44.8,55.2,0.0
34455,12566,4,centro,32,16,0,16,10,41.8,58.2,0.0
34455,12566,3,centro,32,16,0,16,10,33.6,66.4,0.0
34455,12566,3,lado,32,14,2,16,8,27.8,72.2,0.0
34455,12566,5,lado,32,14,2,16,8,25.0,75.0,0.0
34455,12566,4,lado,32,14,2,16,8,23.6,76.4,0.0
34455,13446,5,centro,32,0,0,32,0,84.0,16.0,0.0
34455,13446,5,lado,32,0,0,32,0,80.6,19.0,0.4
34455,13446,4,centro,32,0,0,32,0,80.2,18.6,1.2
34455,13446,5,esquina,32,0,0,32,0,78.6,21.0,0.4
34455,13446,4,esquina,32,0,0,32,0,77.2,22.4,0.4
34455,13446,3,centro,32,0,0,32,0,77.2,22.4,0.4
34455,13446,3,esquina,32,0,0,32,0,76.8,23.2,0.0
34455,13446,4,lado,32,0,2,30,0,61.4,38.4,0.2
34455,13446,3,lado,32,1,7,24,12,57.8,41.4,0.8
34455,13456,5,centro,40,4,0,36,12,65.2,34.4,0.4
34455,13456,4,esquina,40,2,0,38,8,60.4,38.2,1.4
34455,13456,3,esquina,40,2,0,38,8,59.8,38.6,1.6
34455,13456,5,esquina,40,2,0,38,10,59.8,38.4,1.8
34455,13456,4,centro,40,8,0,32,12,55.0,43.8,1.2
34455,13456,5,lado,40,8,0,32,10,53.8,44.2,2.0
34455,13456,3,centro,40,8,0,32,12,52.4,46.4,1.2
34455,13456,4,lado,40,10,2,28,8,40.6,57.6,1.8
34455,13456,3,lado,40,13,2,25,8,38.2,61.0,0.8
34455,13466,5,centro,32,4,0,28,10,61.2,38.6,0.2
34455,13466,5,esquina,32,1,0,31,10,61.2,38.4,0.4
34455,13466,4,centro,32,4,0,28,12,59.8,39.6,0.6
34455,13466,4,esquina,32,1,0,31,8,58.4,41.0,0.6
34455,13466,3,esquina,32,1,0,31,8,56.0,43.6,0.4
34455,13466,3,centro,32,4,0,28,12,46.4,52.0,1.6
34455,13466,5,lado,32,9,2,21,10,45.4,52.8,1.8
34455,13466,4,lado,32,11,2,19,8,37.2,61.6,1.2
34455,13466,3,lado,32,14,0,18,8,35.4,63.0,1.6
34455,13556,5,centro,32,8,0,24,10,55.0,44.4,0.6
34455,13556,5,esquina,32,2,0,30,8,47.6,52.2,0.2
34455,13556,3,esquina,32,2,0,30,8,46.8,52.8,0.4
34455,13556,4,esquina,32,2,0,30,8,46.6,53.2,0.2
34455,13556,4,centro,32,16,0,16,10,42.4,57.6,0.0
34455,13556,3,centro,32,16,0,16,10,35.6,64.4,0.0
34455,13556,3,lado,32,13,1,18,8,31.2,68.6,0.2
34455,13556,5,lado,32,12,2,18,8,29.8,70.0,0.2
34455,13556,4,lado,32,11,3,18,8,26.8,72.8,0.4
34455,13566,5,centro,32,12,0,20,10,47.8,52.2,0.0
34455,13566,5,esquina,32,2,0,30,8,45.8,54.2,0.0
34455,13566,3,esquina,32,2,0,30,8,44.2,55.8,0.0
34455,13566,4,esquina,32,2,0,30,8,43.0,57.0,0.0
34455,13566,4,centro,32,16,0,16,10,40.8,59.2,0.0
34455,13566,3,centro,32,16,0,16,10,33.6,66.4,0.0
34455,13566,5,lado,32,14,2,16,8,24.0,76.0,0.0
34455,13566,3,lado,32,15,1,16,8,23.8,76.2,0.0
34455,13566,4,lado,32,14,2,16,8,22.2,77.8,0.0
34455,14456,5,centro,32,4,0,28,12,62.6,37.2,0.2
34455,14456,5,esquina,32,2,0,30,10,53.4,46.0,0.6
34455,14456,3,esquina,32,2,0,30,8,52.0,47.6,0.4
34455,14456,4,centro,32,8,0,24,12,51.8,47.4,0.8
34455,14456,4,esquina,32,2,0,30,8,51.2,48.2,0.6
34455,14456,5,lado,32,6,0,26,10,45.2,53.8,1.0
34455,14456,3,centro,32,8,0,24,12,39.4,60.2,0.4
34455,14456,3,lado,32,10,2,20,8,35.4,64.0,0.6
34455,14456,4,lado,32,9,3,20,8,32.8,66.8,0.4
34455,14466,5,esquina,24,1,0,23,10,51.2,48.0,0.8
34455,14466,4,esquina,24,1,0,23,8,50.6,49.4,0.0
34455,14466,5,centro,24,4,0,20,10,50.0,49.6,0.4
34455,14466,4,centro,24,4,0,20,12,50.0,49.4,0.6
34455,14466,3,esquina,24,1,0,23,8,50.0,49.0,1.0
34455,14466,5,lado,24,7,2,15,10,39.8,59.0,1.2
34455,14466,3,centro,24,4,0,20,12,39.4,60.0,0.6
34455,14466,3,lado,24,11,0,13,8,32.0,66.4,1.6
34455,14466,4,lado,24,10,1,13,8,27.8,70.6,1.6
34455,14556,5,centro,32,8,0,24,10,48.0,51.4,0.6
34455,14556,5,esquina,32,2,0,30,8,45.0,54.8,0.2
34455,14556,4,esquina,32,2,0,30,8,42.4,57.4,0.2
34455,14556,3,esquina,32,2,0,30,8,41.6,58.0,0.4
34455,14556,4,centro,32,16,0,16,10,39.6,60.4,0.0
34455,14556,3,lado,32,13,1,18,8,27.4,72.2,0.4
34455,14556,5,lado,32,13,1,18,8,27.2,72.8,0.0
34455,14556,3,centro,32,16,0,16,10,25.6,74.4,0.0
34455,14556,4,lado,32,13,1,18,8,23.6,75.8,0.6
34455,14566,5,centro,32,12,0,20,10,45.2,54.8,0.0
34455,14566,5,esquina,32,2,0,30,8,41.6,58.4,0.0
34455,14566,3,esquina,32,2,0,30,8,39.8,60.2,0.0
34455,14566,4,esquina,32,2,0,30,8,38.8,61.2,0.0
34455,14566,4,centro,32,16,0,16,10,38.0,62.0,0.0
34455,14566,3,centro,32,16,0,16,10,24.0,76.0,0.0
34455,14566,5,lado,32,15,1,16,8,23.2,76.8,0.0
34455,14566,3,lado,32,15,1,16,8,21.8,78.2,0.0
34455,14566,4,lado,32,15,1,16,8,20.2,79.8,0.0
34455,15566,3,esquina,24,2,0,22,8,37.2,62.8,0.0
34455,15566,5,esquina,24,2,0,22,8,35.4,64.6,0.0
34455,15566,4,esquina,24,2,0,22,8,34.6,65.4,0.0
34455,15566,5,centro,24,12,0,12,10,34.6,65.4,0.0
34455,15566,4,centro,24,16,0,8,10,25.2,74.8,0.0
34455,15566,3,centro,24,16,0,8,10,23.8,76.2,0.0
34455,15566,4,lado,24,13,0,11,8,17.4,82.6,0.0
34455,15566,3,lado,24,13,0,11,8,17.2,82.8,0.0
34455,15566,5,lado,24,13,0,11,8,16.0,84.0,0.0
