white,black,teoria,max_gana1,apertura_max,prom_gana1,min_ganan,min_aguantan,aperturas
11122,23333,segundo,15.3,2 esquina,8.2,1,5,3
11122,23334,segundo,15.3,2 esquina,8.2,1,5,3
11122,23335,segundo,15.3,2 esquina,8.2,1,5,3
11122,23344,segundo,15.3,2 esquina,8.2,1,5,3
11122,23345,segundo,15.3,2 esquina,8.2,1,5,3
11122,23355,segundo,15.3,2 esquina,8.2,1,5,3
11122,23444,segundo,15.3,2 esquina,8.2,1,5,3
11122,23445,segundo,15.3,2 esquina,8.2,1,5,3
11122,23455,segundo,15.3,2 esquina,8.2,1,5,3
11122,23555,segundo,15.3,2 esquina,8.2,1,5,3
11122,24444,segundo,15.3,2 esquina,8.2,1,5,3
11122,24445,segundo,15.3,2 esquina,8.2,1,5,3
11122,24455,segundo,15.3,2 esquina,8.2,1,5,3
11122,24555,segundo,15.3,2 esquina,8.2,1,5,3
11122,25555,segundo,15.3,2 esquina,8.2,1,5,3
11122,33333,segundo,15.3,2 esquina,8.2,1,5,3
11122,33334,segundo,15.3,2 esquina,8.2,1,5,3
11122,33335,segundo,15.3,2 esquina,8.2,1,5,3
11122,33344,segundo,15.3,2 esquina,8.2,1,5,3
11122,33345,segundo,15.3,2 esquina,8.2,1,5,3
11122,33355,segundo,15.3,2 esquina,8.2,1,5,3
11122,33444,segundo,15.3,2 esquina,8.2,1,5,3
11122,33445,segundo,15.3,2 esquina,8.2,1,5,3
11122,33455,segundo,15.3,2 esquina,8.2,1,5,3
11122,33555,segundo,15.3,2 esquina,8.2,1,5,3
11122,34444,segundo,15.3,2 esquina,8.2,1,5,3
11122,34445,segundo,15.3,2 esquina,8.2,1,5,3
11122,34455,segundo,15.3,2 esquina,8.2,1,5,3
11122,34555,segundo,15.3,2 esquina,8.2,1,5,3
11122,35555,segundo,15.3,2 esquina,8.2,1,5,3
11122,44444,segundo,15.3,2 esquina,8.2,1,5,3
11122,44445,segundo,15.3,2 esquina,8.2,1,5,3
11122,44455,segundo,15.3,2 esquina,8.2,1,5,3
11122,44555,segundo,15.3,2 esquina,8.2,1,5,3
11122,45555,segundo,15.3,2 esquina,8.2,1,5,3
11122,55555,segundo,15.3,2 esquina,8.2,1,5,3
11123,22333,segundo,16.7,3 esquina,11.7,1,3,3
11123,22334,segundo,15.3,3 esquina,8.4,1,5,3
11123,22335,segundo,15.3,3 esquina,8.4,1,5,3
11123,22344,segundo,15.3,3 esquina,8.2,1,5,3
11123,22345,segundo,15.3,3 esquina,8.2,1,5,3
11123,22355,segundo,15.3,3 esquina,8.2,1,5,3
11123,22444,segundo,15.3,3 esquina,8.2,1,5,3
11123,22445,segundo,15.3,3 esquina,8.2,1,5,3
11123,22455,segundo,15.3,3 esquina,8.2,1,5,3
11123,22555,segundo,15.3,3 esquina,8.2,1,5,3
11123,23333,segundo,16.7,3 esquina,11.7,1,3,3
11123,23334,segundo,15.3,3 esquina,8.4,1,5,3
11123,23335,segundo,15.3,3 esquina,8.4,1,5,3
11123,23344,segundo,15.3,3 esquina,8.2,1,5,3
11123,23345,segundo,15.3,3 esquina,8.2,1,5,3
11123,23355,segundo,15.3,3 esquina,8.2,1,5,3
11123,23444,segundo,15.3,3 esquina,8.2,1,5,3
11123,23445,segundo,15.3,3 esquina,8.2,1,5,3
11123,23455,segundo,15.3,3 esquina,8.2,1,5,3
11123,23555,segundo,15.3,3 esquina,8.2,1,5,3
11123,24444,segundo,15.3,3 esquina,8.2,1,5,3
11123,24445,segundo,15.3,3 esquina,8.2,1,5,3
11123,24455,segundo,15.3,3 esquina,8.2,1,5,3
11123,24555,segundo,15.3,3 esquina,8.2,1,5,3
11123,25555,segundo,15.3,3 esquina,8.2,1,5,3
11123,33333,segundo,16.7,3 esquina,11.7,1,3,3
11123,33334,segundo,15.3,3 esquina,8.4,1,5,3
11123,33335,segundo,15.3,3 esquina,8.4,1,5,3
11123,33344,segundo,15.3,3 esquina,8.2,1,5,3
11123,33345,segundo,15.3,3 esquina,8.2,1,5,3
11123,33355,segundo,15.3,3 esquina,8.2,1,5,3
11123,33444,segundo,15.3,3 esquina,8.2,1,5,3
11123,33445,segundo,15.3,3 esquina,8.2,1,5,3
11123,33455,segundo,15.3,3 esquina,8.2,1,5,3
11123,33555,segundo,15.3,3 esquina,8.2,1,5,3
11123,34444,segundo,15.3,3 esquina,8.2,1,5,3
11123,34445,segundo,15.3,3 esquina,8.2,1,5,3
11123,34455,segundo,15.3,3 esquina,8.2,1,5,3
11123,34555,segundo,15.3,3 esquina,8.2,1,5,3
11123,35555,segundo,15.3,3 esquina,8.2,1,5,3
11123,44444,segundo,15.3,3 esquina,8.2,1,5,3
11123,44445,segundo,15.3,3 esquina,8.2,1,5,3
11123,44455,segundo,15.3,3 esquina,8.2,1,5,3
11123,44555,segundo,15.3,3 esquina,8.2,1,5,3
11123,45555,segundo,15.3,3 esquina,8.2,1,5,3
11123,55555,segundo,15.3,3 esquina,8.2,1,5,3
11124,22335,segundo,31.0,4 lado,26.8,1,5,3
11124,22345,segundo,25.7,4 centro,21.3,1,5,3
11124,22355,segundo,25.7,4 centro,21.1,1,5,3
11124,22444,segundo,16.7,4 esquina,11.7,1,3,3
11124,22445,segundo,15.3,4 esquina,8.4,1,5,3
11124,22455,segundo,15.3,4 esquina,8.2,1,5,3
11124,22555,segundo,15.3,4 esquina,8.2,1,5,3
11124,23335,segundo,31.0,4 lado,26.8,1,5,3
11124,23345,segundo,25.7,4 centro,21.3,1,5,3
11124,23355,segundo,25.7,4 centro,21.1,1,5,3
11124,23444,segundo,16.7,4 esquina,11.7,1,3,3
11124,23445,segundo,15.3,4 esquina,8.4,1,5,3
11124,23455,segundo,15.3,4 esquina,8.2,1,5,3
11124,23555,segundo,15.3,4 esquina,8.2,1,5,3
11124,24444,segundo,16.7,4 esquina,11.7,1,3,3
11124,24445,segundo,15.3,4 esquina,8.4,1,5,3
11124,24455,segundo,15.3,4 esquina,8.2,1,5,3
11124,24555,segundo,15.3,4 esquina,8.2,1,5,3
11124,25555,segundo,15.3,4 esquina,8.2,1,5,3
11124,33335,segundo,31.0,4 lado,26.8,1,5,3
11124,33345,segundo,25.7,4 centro,21.3,1,5,3
11124,33355,segundo,25.7,4 centro,21.1,1,5,3
11124,33444,segundo,16.7,4 esquina,11.7,1,3,3
11124,33445,segundo,15.3,4 esquina,8.4,1,5,3
11124,33455,segundo,15.3,4 esquina,8.2,1,5,3
11124,33555,segundo,15.3,4 esquina,8.2,1,5,3
11124,34444,segundo,16.7,4 esquina,11.7,1,3,3
11124,34445,segundo,15.3,4 esquina,8.4,1,5,3
11124,34455,segundo,15.3,4 esquina,8.2,1,5,3
11124,34555,segundo,15.3,4 esquina,8.2,1,5,3
11124,35555,segundo,15.3,4 esquina,8.2,1,5,3
11124,44444,segundo,16.7,4 esquina,11.7,1,3,3
11124,44445,segundo,15.3,4 esquina,8.4,1,5,3
11124,44455,segundo,15.3,4 esquina,8.2,1,5,3
11124,44555,segundo,15.3,4 esquina,8.2,1,5,3
11124,45555,segundo,15.3,4 esquina,8.2,1,5,3
11124,55555,segundo,15.3,4 esquina,8.2,1,5,3
11125,22555,segundo,16.7,5 esquina,11.7,1,3,3
11125,23555,segundo,16.7,5 esquina,11.7,1,3,3
11125,24555,segundo,16.7,5 esquina,11.7,1,3,3
11125,25555,segundo,16.7,5 esquina,11.7,1,3,3
11125,33555,segundo,16.7,5 esquina,11.7,1,3,3
11125,34555,segundo,16.7,5 esquina,11.7,1,3,3
11125,35555,segundo,16.7,5 esquina,11.7,1,3,3
11125,44555,segundo,16.7,5 esquina,11.7,1,3,3
11125,45555,segundo,16.7,5 esquina,11.7,1,3,3
11125,55555,segundo,16.7,5 esquina,11.7,1,3,3
11133,22234,primero,43.3,3 centro,33.7,0,4,3
11133,22235,primero,43.3,3 centro,33.7,0,4,3
11133,22244,primero,36.7,3 centro,28.9,0,5,3
11133,22245,primero,36.7,3 centro,28.9,0,5,3
11133,22255,primero,36.7,3 centro,28.9,0,5,3
11133,22334,segundo,17.3,3 esquina,13.3,1,5,3
11133,22335,segundo,17.3,3 esquina,13.3,1,5,3
11133,22344,segundo,17.3,3 esquina,11.4,1,5,3
11133,22345,segundo,17.3,3 esquina,11.4,1,5,3
11133,22355,segundo,17.3,3 esquina,11.4,1,5,3
11133,22444,segundo,15.3,3 esquina,8.2,1,5,3
11133,22445,segundo,15.3,3 esquina,8.2,1,5,3
11133,22455,segundo,15.3,3 esquina,8.2,1,5,3
11133,22555,segundo,15.3,3 esquina,8.2,1,5,3
11133,23333,segundo,20.7,3 centro,16.2,1,1,3
11133,23334,segundo,15.3,3 esquina,8.7,1,5,3
11133,23335,segundo,15.3,3 esquina,8.7,1,5,3
11133,23344,segundo,15.3,3 esquina,8.2,1,5,3
11133,23345,segundo,15.3,3 esquina,8.2,1,5,3
11133,23355,segundo,15.3,3 esquina,8.2,1,5,3
11133,23444,segundo,15.3,3 esquina,8.2,1,5,3
11133,23445,segundo,15.3,3 esquina,8.2,1,5,3
11133,23455,segundo,15.3,3 esquina,8.2,1,5,3
11133,23555,segundo,15.3,3 esquina,8.2,1,5,3
11133,24444,segundo,15.3,3 esquina,8.2,1,5,3
11133,24445,segundo,15.3,3 esquina,8.2,1,5,3
11133,24455,segundo,15.3,3 esquina,8.2,1,5,3
11133,24555,segundo,15.3,3 esquina,8.2,1,5,3
11133,25555,segundo,15.3,3 esquina,8.2,1,5,3
11133,33333,segundo,20.7,3 centro,16.2,1,1,3
11133,33334,segundo,15.3,3 esquina,8.7,1,5,3
11133,33335,segundo,15.3,3 esquina,8.7,1,5,3
11133,33344,segundo,15.3,3 esquina,8.2,1,5,3
11133,33345,segundo,15.3,3 esquina,8.2,1,5,3
11133,33355,segundo,15.3,3 esquina,8.2,1,5,3
11133,33444,segundo,15.3,3 esquina,8.2,1,5,3
11133,33445,segundo,15.3,3 esquina,8.2,1,5,3
11133,33455,segundo,15.3,3 esquina,8.2,1,5,3
11133,33555,segundo,15.3,3 esquina,8.2,1,5,3
11133,34444,segundo,15.3,3 esquina,8.2,1,5,3
11133,34445,segundo,15.3,3 esquina,8.2,1,5,3
11133,34455,segundo,15.3,3 esquina,8.2,1,5,3
11133,34555,segundo,15.3,3 esquina,8.2,1,5,3
11133,35555,segundo,15.3,3 esquina,8.2,1,5,3
11133,44444,segundo,15.3,3 esquina,8.2,1,5,3
11133,44445,segundo,15.3,3 esquina,8.2,1,5,3
11133,44455,segundo,15.3,3 esquina,8.2,1,5,3
11133,44555,segundo,15.3,3 esquina,8.2,1,5,3
11133,45555,segundo,15.3,3 esquina,8.2,1,5,3
11133,55555,segundo,15.3,3 esquina,8.2,1,5,3
11134,22235,primero,47.7,4 centro,41.6,0,4,3
11134,22245,primero,41.3,4 centro,31.6,0,4,3
11134,22255,primero,36.7,4 centro,28.9,0,5,3
11134,22335,primero,36.3,4 centro,35.1,0,5,3
11134,22345,primero,27.0,4 esquina,23.9,0,5,3
11134,22355,primero,27.0,4 esquina,23.2,0,5,3
11134,22445,segundo,15.3,4 esquina,9.6,1,5,3
11134,22455,segundo,15.3,4 esquina,8.2,1,5,3
11134,22555,segundo,15.3,4 esquina,8.2,1,5,3
11134,23335,segundo,30.7,4 lado,28.6,1,5,3
11134,23345,segundo,25.7,4 centro,21.3,1,5,3
11134,23355,segundo,25.7,4 centro,21.1,1,5,3
11134,23444,segundo,16.7,4 esquina,11.7,1,3,3
11134,23445,segundo,15.3,4 esquina,8.4,1,5,3
11134,23455,segundo,15.3,4 esquina,8.2,1,5,3
11134,23555,segundo,15.3,4 esquina,8.2,1,5,3
11134,24444,segundo,16.7,4 esquina,11.7,1,3,3
11134,24445,segundo,15.3,4 esquina,8.4,1,5,3
11134,24455,segundo,15.3,4 esquina,8.2,1,5,3
11134,24555,segundo,15.3,4 esquina,8.2,1,5,3
11134,25555,segundo,15.3,4 esquina,8.2,1,5,3
11134,33335,segundo,30.7,4 lado,28.4,1,5,3
11134,33345,segundo,25.7,4 centro,21.3,1,5,3
11134,33355,segundo,25.7,4 centro,21.1,1,5,3
11134,33444,segundo,16.7,4 esquina,11.7,1,3,3
11134,33445,segundo,15.3,4 esquina,8.4,1,5,3
11134,33455,segundo,15.3,4 esquina,8.2,1,5,3
11134,33555,segundo,15.3,4 esquina,8.2,1,5,3
11134,34444,segundo,16.7,4 esquina,11.7,1,3,3
11134,34445,segundo,15.3,4 esquina,8.4,1,5,3
11134,34455,segundo,15.3,4 esquina,8.2,1,5,3
11134,34555,segundo,15.3,4 esquina,8.2,1,5,3
11134,35555,segundo,15.3,4 esquina,8.2,1,5,3
11134,44444,segundo,16.7,4 esquina,11.7,1,3,3
11134,44445,segundo,15.3,4 esquina,8.4,1,5,3
11134,44455,segundo,15.3,4 esquina,8.2,1,5,3
11134,44555,segundo,15.3,4 esquina,8.2,1,5,3
11134,45555,segundo,15.3,4 esquina,8.2,1,5,3
11134,55555,segundo,15.3,4 esquina,8.2,1,5,3
11135,23555,segundo,16.7,5 esquina,11.7,1,3,3
11135,24555,segundo,16.7,5 esquina,11.7,1,3,3
11135,25555,segundo,16.7,5 esquina,11.7,1,3,3
11135,33555,segundo,16.7,5 esquina,11.7,1,3,3
11135,34555,segundo,16.7,5 esquina,11.7,1,3,3
11135,35555,segundo,16.7,5 esquina,11.7,1,3,3
11135,44555,segundo,16.7,5 esquina,11.7,1,3,3
11135,45555,segundo,16.7,5 esquina,11.7,1,3,3
11135,55555,segundo,16.7,5 esquina,11.7,1,3,3
11144,22235,primero,49.7,4 centro,47.1,0,4,3
11144,22245,primero,43.3,4 centro,33.7,0,4,3
11144,22255,primero,36.7,4 centro,28.9,0,5,3
11144,22335,primero,49.7,4 centro,47.1,0,4,3
11144,22345,primero,43.3,4 centro,33.7,0,4,3
11144,22355,primero,36.7,4 centro,28.9,0,5,3
11144,22445,segundo,17.3,4 esquina,13.3,1,5,3
11144,22455,segundo,17.3,4 esquina,11.4,1,5,3
11144,22555,segundo,15.3,4 esquina,8.2,1,5,3
11144,23335,primero,49.7,4 centro,47.2,0,4,3
11144,23345,primero,43.3,4 centro,33.7,0,4,3
11144,23355,primero,36.7,4 centro,28.9,0,5,3
11144,23445,segundo,17.3,4 esquina,13.3,1,5,3
11144,23455,segundo,17.3,4 esquina,11.4,1,5,3
11144,23555,segundo,15.3,4 esquina,8.2,1,5,3
11144,24444,segundo,20.7,4 centro,16.2,1,1,3
11144,24445,segundo,15.3,4 esquina,8.7,1,5,3
11144,24455,segundo,15.3,4 esquina,8.2,1,5,3
11144,24555,segundo,15.3,4 esquina,8.2,1,5,3
11144,25555,segundo,15.3,4 esquina,8.2,1,5,3
11144,33335,primero,49.7,4 centro,47.1,0,4,3
11144,33345,primero,43.3,4 centro,33.7,0,4,3
11144,33355,primero,36.7,4 centro,28.9,0,5,3
11144,33445,segundo,17.3,4 esquina,13.3,1,5,3
11144,33455,segundo,17.3,4 esquina,11.4,1,5,3
11144,33555,segundo,15.3,4 esquina,8.2,1,5,3
11144,34444,segundo,20.7,4 centro,16.2,1,1,3
11144,34445,segundo,15.3,4 esquina,8.7,1,5,3
11144,34455,segundo,15.3,4 esquina,8.2,1,5,3
11144,34555,segundo,15.3,4 esquina,8.2,1,5,3
11144,35555,segundo,15.3,4 esquina,8.2,1,5,3
11144,44444,segundo,20.7,4 centro,16.2,1,1,3
11144,44445,segundo,15.3,4 esquina,8.7,1,5,3
11144,44455,segundo,15.3,4 esquina,8.2,1,5,3
11144,44555,segundo,15.3,4 esquina,8.2,1,5,3
11144,45555,segundo,15.3,4 esquina,8.2,1,5,3
11144,55555,segundo,15.3,4 esquina,8.2,1,5,3
11145,24555,segundo,16.7,5 esquina,11.7,1,3,3
11145,25555,segundo,16.7,5 esquina,11.7,1,3,3
11145,34555,segundo,16.7,5 esquina,11.7,1,3,3
11145,35555,segundo,16.7,5 esquina,11.7,1,3,3
11145,44555,segundo,16.7,5 esquina,11.7,1,3,3
11145,45555,segundo,16.7,5 esquina,11.7,1,3,3
11145,55555,segundo,16.7,5 esquina,11.7,1,3,3
11155,25555,segundo,20.7,5 centro,16.2,1,1,3
11155,35555,segundo,20.7,5 centro,16.2,1,1,3
11155,45555,segundo,20.7,5 centro,16.2,1,1,3
11155,55555,segundo,20.7,5 centro,16.2,1,1,3
11222,13333,segundo,15.3,2 esquina,8.2,1,5,3
11222,13334,segundo,15.3,2 esquina,8.2,1,5,3
11222,13335,segundo,15.3,2 esquina,8.2,1,5,3
11222,13344,segundo,15.3,2 esquina,8.2,1,5,3
11222,13345,segundo,15.3,2 esquina,8.2,1,5,3
11222,13355,segundo,15.3,2 esquina,8.2,1,5,3
11222,13444,segundo,15.3,2 esquina,8.2,1,5,3
11222,13445,segundo,15.3,2 esquina,8.2,1,5,3
11222,13455,segundo,15.3,2 esquina,8.2,1,5,3
11222,13555,segundo,15.3,2 esquina,8.2,1,5,3
11222,14444,segundo,15.3,2 esquina,8.2,1,5,3
11222,14445,segundo,15.3,2 esquina,8.2,1,5,3
11222,14455,segundo,15.3,2 esquina,8.2,1,5,3
11222,14555,segundo,15.3,2 esquina,8.2,1,5,3
11222,15555,segundo,15.3,2 esquina,8.2,1,5,3
11222,33333,segundo,15.3,2 esquina,8.2,1,5,3
11222,33334,segundo,15.3,2 esquina,8.2,1,5,3
11222,33335,segundo,15.3,2 esquina,8.2,1,5,3
11222,33344,segundo,15.3,2 esquina,8.2,1,5,3
11222,33345,segundo,15.3,2 esquina,8.2,1,5,3
11222,33355,segundo,15.3,2 esquina,8.2,1,5,3
11222,33444,segundo,15.3,2 esquina,8.2,1,5,3
11222,33445,segundo,15.3,2 esquina,8.2,1,5,3
11222,33455,segundo,15.3,2 esquina,8.2,1,5,3
11222,33555,segundo,15.3,2 esquina,8.2,1,5,3
11222,34444,segundo,15.3,2 esquina,8.2,1,5,3
11222,34445,segundo,15.3,2 esquina,8.2,1,5,3
11222,34455,segundo,15.3,2 esquina,8.2,1,5,3
11222,34555,segundo,15.3,2 esquina,8.2,1,5,3
11222,35555,segundo,15.3,2 esquina,8.2,1,5,3
11222,44444,segundo,15.3,2 esquina,8.2,1,5,3
11222,44445,segundo,15.3,2 esquina,8.2,1,5,3
11222,44455,segundo,15.3,2 esquina,8.2,1,5,3
11222,44555,segundo,15.3,2 esquina,8.2,1,5,3
11222,45555,segundo,15.3,2 esquina,8.2,1,5,3
11222,55555,segundo,15.3,2 esquina,8.2,1,5,3
11223,12333,segundo,16.7,3 esquina,11.7,1,3,3
11223,12334,segundo,15.3,3 esquina,8.4,1,5,3
11223,12335,segundo,15.3,3 esquina,8.4,1,5,3
11223,12344,segundo,15.3,3 esquina,8.2,1,5,3
11223,12345,segundo,15.3,3 esquina,8.2,1,5,3
11223,12355,segundo,15.3,3 esquina,8.2,1,5,3
11223,12444,segundo,15.3,3 esquina,8.2,1,5,3
11223,12445,segundo,15.3,3 esquina,8.2,1,5,3
11223,12455,segundo,15.3,3 esquina,8.2,1,5,3
11223,12555,segundo,15.3,3 esquina,8.2,1,5,3
11223,13333,segundo,16.7,3 esquina,11.7,1,3,3
11223,13334,segundo,15.3,3 esquina,8.4,1,5,3
11223,13335,segundo,15.3,3 esquina,8.4,1,5,3
11223,13344,segundo,15.3,3 esquina,8.2,1,5,3
11223,13345,segundo,15.3,3 esquina,8.2,1,5,3
11223,13355,segundo,15.3,3 esquina,8.2,1,5,3
11223,13444,segundo,15.3,3 esquina,8.2,1,5,3
11223,13445,segundo,15.3,3 esquina,8.2,1,5,3
11223,13455,segundo,15.3,3 esquina,8.2,1,5,3
11223,13555,segundo,15.3,3 esquina,8.2,1,5,3
11223,14444,segundo,15.3,3 esquina,8.2,1,5,3
11223,14445,segundo,15.3,3 esquina,8.2,1,5,3
11223,14455,segundo,15.3,3 esquina,8.2,1,5,3
11223,14555,segundo,15.3,3 esquina,8.2,1,5,3
11223,15555,segundo,15.3,3 esquina,8.2,1,5,3
11223,23333,segundo,16.7,3 esquina,11.7,1,3,3
11223,23334,segundo,15.3,3 esquina,8.4,1,5,3
11223,23335,segundo,15.3,3 esquina,8.4,1,5,3
11223,23344,segundo,15.3,3 esquina,8.2,1,5,3
11223,23345,segundo,15.3,3 esquina,8.2,1,5,3
11223,23355,segundo,15.3,3 esquina,8.2,1,5,3
11223,23444,segundo,15.3,3 esquina,8.2,1,5,3
11223,23445,segundo,15.3,3 esquina,8.2,1,5,3
11223,23455,segundo,15.3,3 esquina,8.2,1,5,3
11223,23555,segundo,15.3,3 esquina,8.2,1,5,3
11223,24444,segundo,15.3,3 esquina,8.2,1,5,3
11223,24445,segundo,15.3,3 esquina,8.2,1,5,3
11223,24455,segundo,15.3,3 esquina,8.2,1,5,3
11223,24555,segundo,15.3,3 esquina,8.2,1,5,3
11223,25555,segundo,15.3,3 esquina,8.2,1,5,3
11223,33333,segundo,16.7,3 esquina,11.7,1,3,3
11223,33334,segundo,15.3,3 esquina,8.4,1,5,3
11223,33335,segundo,15.3,3 esquina,8.4,1,5,3
11223,33344,segundo,15.3,3 esquina,8.2,1,5,3
11223,33345,segundo,15.3,3 esquina,8.2,1,5,3
11223,33355,segundo,15.3,3 esquina,8.2,1,5,3
11223,33444,segundo,15.3,3 esquina,8.2,1,5,3
11223,33445,segundo,15.3,3 esquina,8.2,1,5,3
11223,33455,segundo,15.3,3 esquina,8.2,1,5,3
11223,33555,segundo,15.3,3 esquina,8.2,1,5,3
11223,34444,segundo,15.3,3 esquina,8.2,1,5,3
11223,34445,segundo,15.3,3 esquina,8.2,1,5,3
11223,34455,segundo,15.3,3 esquina,8.2,1,5,3
11223,34555,segundo,15.3,3 esquina,8.2,1,5,3
11223,35555,segundo,15.3,3 esquina,8.2,1,5,3
11223,44444,segundo,15.3,3 esquina,8.2,1,5,3
11223,44445,segundo,15.3,3 esquina,8.2,1,5,3
11223,44455,segundo,15.3,3 esquina,8.2,1,5,3
11223,44555,segundo,15.3,3 esquina,8.2,1,5,3
11223,45555,segundo,15.3,3 esquina,8.2,1,5,3
11223,55555,segundo,15.3,3 esquina,8.2,1,5,3
11224,12335,segundo,31.3,4 lado,27.1,1,5,3
11224,12345,segundo,25.7,4 centro,21.3,1,5,3
11224,12355,segundo,25.7,4 centro,21.1,1,5,3
11224,12444,segundo,16.7,4 esquina,11.7,1,3,3
11224,12445,segundo,15.3,4 esquina,8.4,1,5,3
11224,12455,segundo,15.3,4 esquina,8.2,1,5,3
11224,12555,segundo,15.3,4 esquina,8.2,1,5,3
11224,13335,segundo,31.0,4 lado,26.8,1,5,3
11224,13345,segundo,25.7,4 centro,21.3,1,5,3
11224,13355,segundo,25.7,4 centro,21.1,1,5,3
11224,13444,segundo,16.7,4 esquina,11.7,1,3,3
11224,13445,segundo,15.3,4 esquina,8.4,1,5,3
11224,13455,segundo,15.3,4 esquina,8.2,1,5,3
11224,13555,segundo,15.3,4 esquina,8.2,1,5,3
11224,14444,segundo,16.7,4 esquina,11.7,1,3,3
11224,14445,segundo,15.3,4 esquina,8.4,1,5,3
11224,14455,segundo,15.3,4 esquina,8.2,1,5,3
11224,14555,segundo,15.3,4 esquina,8.2,1,5,3
11224,15555,segundo,15.3,4 esquina,8.2,1,5,3
11224,23335,segundo,31.0,4 lado,26.8,1,5,3
11224,23345,segundo,25.7,4 centro,21.3,1,5,3
11224,23355,segundo,25.7,4 centro,21.1,1,5,3
11224,23444,segundo,16.7,4 esquina,11.7,1,3,3
11224,23445,segundo,15.3,4 esquina,8.4,1,5,3
11224,23455,segundo,15.3,4 esquina,8.2,1,5,3
11224,23555,segundo,15.3,4 esquina,8.2,1,5,3
11224,24444,segundo,16.7,4 esquina,11.7,1,3,3
11224,24445,segundo,15.3,4 esquina,8.4,1,5,3
11224,24455,segundo,15.3,4 esquina,8.2,1,5,3
11224,24555,segundo,15.3,4 esquina,8.2,1,5,3
11224,25555,segundo,15.3,4 esquina,8.2,1,5,3
11224,33335,segundo,31.0,4 lado,26.8,1,5,3
11224,33345,segundo,25.7,4 centro,21.3,1,5,3
11224,33355,segundo,25.7,4 centro,21.1,1,5,3
11224,33444,segundo,16.7,4 esquina,11.7,1,3,3
11224,33445,segundo,15.3,4 esquina,8.4,1,5,3
11224,33455,segundo,15.3,4 esquina,8.2,1,5,3
11224,33555,segundo,15.3,4 esquina,8.2,1,5,3
11224,34444,segundo,16.7,4 esquina,11.7,1,3,3
11224,34445,segundo,15.3,4 esquina,8.4,1,5,3
11224,34455,segundo,15.3,4 esquina,8.2,1,5,3
11224,34555,segundo,15.3,4 esquina,8.2,1,5,3
11224,35555,segundo,15.3,4 esquina,8.2,1,5,3
11224,44444,segundo,16.7,4 esquina,11.7,1,3,3
11224,44445,segundo,15.3,4 esquina,8.4,1,5,3
11224,44455,segundo,15.3,4 esquina,8.2,1,5,3
11224,44555,segundo,15.3,4 esquina,8.2,1,5,3
11224,45555,segundo,15.3,4 esquina,8.2,1,5,3
11224,55555,segundo,15.3,4 esquina,8.2,1,5,3
11225,12555,segundo,16.7,5 esquina,11.7,1,3,3
11225,13555,segundo,16.7,5 esquina,11.7,1,3,3
11225,14555,segundo,16.7,5 esquina,11.7,1,3,3
11225,15555,segundo,16.7,5 esquina,11.7,1,3,3
11225,23555,segundo,16.7,5 esquina,11.7,1,3,3
11225,24555,segundo,16.7,5 esquina,11.7,1,3,3
11225,25555,segundo,16.7,5 esquina,11.7,1,3,3
11225,33555,segundo,16.7,5 esquina,11.7,1,3,3
11225,34555,segundo,16.7,5 esquina,11.7,1,3,3
11225,35555,segundo,16.7,5 esquina,11.7,1,3,3
11225,44555,segundo,16.7,5 esquina,11.7,1,3,3
11225,45555,segundo,16.7,5 esquina,11.7,1,3,3
11225,55555,segundo,16.7,5 esquina,11.7,1,3,3
11233,12234,primero,46.0,3 centro,36.3,0,4,3
11233,12235,primero,46.0,3 centro,36.3,0,4,3
11233,12244,primero,38.3,3 centro,30.6,0,5,3
11233,12245,primero,38.3,3 centro,30.6,0,5,3
11233,12255,primero,38.3,3 centro,30.6,0,5,3
11233,12334,segundo,17.3,3 esquina,13.3,1,5,3
11233,12335,segundo,17.3,3 esquina,13.3,1,5,3
11233,12344,segundo,17.3,3 esquina,11.4,1,5,3
11233,12345,segundo,17.3,3 esquina,11.4,1,5,3
11233,12355,segundo,17.3,3 esquina,11.4,1,5,3
11233,12444,segundo,15.3,3 esquina,8.2,1,5,3
11233,12445,segundo,15.3,3 esquina,8.2,1,5,3
11233,12455,segundo,15.3,3 esquina,8.2,1,5,3
11233,12555,segundo,15.3,3 esquina,8.2,1,5,3
11233,13333,segundo,20.7,3 centro,16.2,1,1,3
11233,13334,segundo,15.3,3 esquina,8.7,1,5,3
11233,13335,segundo,15.3,3 esquina,8.7,1,5,3
11233,13344,segundo,15.3,3 esquina,8.2,1,5,3
11233,13345,segundo,15.3,3 esquina,8.2,1,5,3
11233,13355,segundo,15.3,3 esquina,8.2,1,5,3
11233,13444,segundo,15.3,3 esquina,8.2,1,5,3
11233,13445,segundo,15.3,3 esquina,8.2,1,5,3
11233,13455,segundo,15.3,3 esquina,8.2,1,5,3
11233,13555,segundo,15.3,3 esquina,8.2,1,5,3
11233,14444,segundo,15.3,3 esquina,8.2,1,5,3
11233,14445,segundo,15.3,3 esquina,8.2,1,5,3
11233,14455,segundo,15.3,3 esquina,8.2,1,5,3
11233,14555,segundo,15.3,3 esquina,8.2,1,5,3
11233,15555,segundo,15.3,3 esquina,8.2,1,5,3
11233,22334,segundo,17.3,3 esquina,13.3,1,5,3
11233,22335,segundo,17.3,3 esquina,13.3,1,5,3
11233,22344,segundo,17.3,3 esquina,11.4,1,5,3
11233,22345,segundo,17.3,3 esquina,11.4,1,5,3
11233,22355,segundo,17.3,3 esquina,11.4,1,5,3
11233,22444,segundo,15.3,3 esquina,8.2,1,5,3
11233,22445,segundo,15.3,3 esquina,8.2,1,5,3
11233,22455,segundo,15.3,3 esquina,8.2,1,5,3
11233,22555,segundo,15.3,3 esquina,8.2,1,5,3
11233,23333,segundo,20.7,3 centro,16.2,1,1,3
11233,23334,segundo,15.3,3 esquina,8.7,1,5,3
11233,23335,segundo,15.3,3 esquina,8.7,1,5,3
11233,23344,segundo,15.3,3 esquina,8.2,1,5,3
11233,23345,segundo,15.3,3 esquina,8.2,1,5,3
11233,23355,segundo,15.3,3 esquina,8.2,1,5,3
11233,23444,segundo,15.3,3 esquina,8.2,1,5,3
11233,23445,segundo,15.3,3 esquina,8.2,1,5,3
11233,23455,segundo,15.3,3 esquina,8.2,1,5,3
11233,23555,segundo,15.3,3 esquina,8.2,1,5,3
11233,24444,segundo,15.3,3 esquina,8.2,1,5,3
11233,24445,segundo,15.3,3 esquina,8.2,1,5,3
11233,24455,segundo,15.3,3 esquina,8.2,1,5,3
11233,24555,segundo,15.3,3 esquina,8.2,1,5,3
11233,25555,segundo,15.3,3 esquina,8.2,1,5,3
11233,33333,segundo,20.7,3 centro,16.2,1,1,3
11233,33334,segundo,15.3,3 esquina,8.7,1,5,3
11233,33335,segundo,15.3,3 esquina,8.7,1,5,3
11233,33344,segundo,15.3,3 esquina,8.2,1,5,3
11233,33345,segundo,15.3,3 esquina,8.2,1,5,3
11233,33355,segundo,15.3,3 esquina,8.2,1,5,3
11233,33444,segundo,15.3,3 esquina,8.2,1,5,3
11233,33445,segundo,15.3,3 esquina,8.2,1,5,3
11233,33455,segundo,15.3,3 esquina,8.2,1,5,3
11233,33555,segundo,15.3,3 esquina,8.2,1,5,3
11233,34444,segundo,15.3,3 esquina,8.2,1,5,3
11233,34445,segundo,15.3,3 esquina,8.2,1,5,3
11233,34455,segundo,15.3,3 esquina,8.2,1,5,3
11233,34555,segundo,15.3,3 esquina,8.2,1,5,3
11233,35555,segundo,15.3,3 esquina,8.2,1,5,3
11233,44444,segundo,15.3,3 esquina,8.2,1,5,3
11233,44445,segundo,15.3,3 esquina,8.2,1,5,3
11233,44455,segundo,15.3,3 esquina,8.2,1,5,3
11233,44555,segundo,15.3,3 esquina,8.2,1,5,3
11233,45555,segundo,15.3,3 esquina,8.2,1,5,3
11233,55555,segundo,15.3,3 esquina,8.2,1,5,3
11234,12235,primero,53.0,4 centro,46.4,0,4,3
11234,12245,primero,44.3,4 centro,34.3,0,4,3
11234,12255,primero,38.3,4 centro,30.6,0,5,3
11234,12335,primero,37.3,4 centro,36.1,0,5,3
11234,12345,primero,27.3,4 esquina,24.2,0,5,3
11234,12355,primero,27.0,4 esquina,23.2,0,5,3
11234,12445,segundo,15.3,4 esquina,9.6,1,5,3
11234,12455,segundo,15.3,4 esquina,8.2,1,5,3
11234,12555,segundo,15.3,4 esquina,8.2,1,5,3
11234,13335,segundo,30.7,4 lado,28.7,1,5,3
11234,13345,segundo,25.7,4 centro,21.3,1,5,3
11234,13355,segundo,25.7,4 centro,21.1,1,5,3
11234,13444,segundo,16.7,4 esquina,11.7,1,3,3
11234,13445,segundo,15.3,4 esquina,8.4,1,5,3
11234,13455,segundo,15.3,4 esquina,8.2,1,5,3
11234,13555,segundo,15.3,4 esquina,8.2,1,5,3
11234,14444,segundo,16.7,4 esquina,11.7,1,3,3
11234,14445,segundo,15.3,4 esquina,8.4,1,5,3
11234,14455,segundo,15.3,4 esquina,8.2,1,5,3
11234,14555,segundo,15.3,4 esquina,8.2,1,5,3
11234,15555,segundo,15.3,4 esquina,8.2,1,5,3
11234,22335,primero,36.7,4 centro,35.4,0,5,3
11234,22345,primero,27.0,4 esquina,24.0,0,5,3
11234,22355,primero,27.0,4 esquina,23.2,0,5,3
11234,22445,segundo,15.3,4 esquina,9.6,1,5,3
11234,22455,segundo,15.3,4 esquina,8.2,1,5,3
11234,22555,segundo,15.3,4 esquina,8.2,1,5,3
11234,23335,segundo,30.7,4 lado,28.6,1,5,3
11234,23345,segundo,25.7,4 centro,21.3,1,5,3
11234,23355,segundo,25.7,4 centro,21.1,1,5,3
11234,23444,segundo,16.7,4 esquina,11.7,1,3,3
11234,23445,segundo,15.3,4 esquina,8.4,1,5,3
11234,23455,segundo,15.3,4 esquina,8.2,1,5,3
11234,23555,segundo,15.3,4 esquina,8.2,1,5,3
11234,24444,segundo,16.7,4 esquina,11.7,1,3,3
11234,24445,segundo,15.3,4 esquina,8.4,1,5,3
11234,24455,segundo,15.3,4 esquina,8.2,1,5,3
11234,24555,segundo,15.3,4 esquina,8.2,1,5,3
11234,25555,segundo,15.3,4 esquina,8.2,1,5,3
11234,33335,segundo,30.7,4 lado,28.4,1,5,3
11234,33345,segundo,25.7,4 centro,21.3,1,5,3
11234,33355,segundo,25.7,4 centro,21.1,1,5,3
11234,33444,segundo,16.7,4 esquina,11.7,1,3,3
11234,33445,segundo,15.3,4 esquina,8.4,1,5,3
11234,33455,segundo,15.3,4 esquina,8.2,1,5,3
11234,33555,segundo,15.3,4 esquina,8.2,1,5,3
11234,34444,segundo,16.7,4 esquina,11.7,1,3,3
11234,34445,segundo,15.3,4 esquina,8.4,1,5,3
11234,34455,segundo,15.3,4 esquina,8.2,1,5,3
11234,34555,segundo,15.3,4 esquina,8.2,1,5,3
11234,35555,segundo,15.3,4 esquina,8.2,1,5,3
11234,44444,segundo,16.7,4 esquina,11.7,1,3,3
11234,44445,segundo,15.3,4 esquina,8.4,1,5,3
11234,44455,segundo,15.3,4 esquina,8.2,1,5,3
11234,44555,segundo,15.3,4 esquina,8.2,1,5,3
11234,45555,segundo,15.3,4 esquina,8.2,1,5,3
11234,55555,segundo,15.3,4 esquina,8.2,1,5,3
11235,13555,segundo,16.7,5 esquina,11.7,1,3,3
11235,14555,segundo,16.7,5 esquina,11.7,1,3,3
11235,15555,segundo,16.7,5 esquina,11.7,1,3,3
11235,23555,segundo,16.7,5 esquina,11.7,1,3,3
11235,24555,segundo,16.7,5 esquina,11.7,1,3,3
11235,25555,segundo,16.7,5 esquina,11.7,1,3,3
11235,33555,segundo,16.7,5 esquina,11.7,1,3,3
11235,34555,segundo,16.7,5 esquina,11.7,1,3,3
11235,35555,segundo,16.7,5 esquina,11.7,1,3,3
11235,44555,segundo,16.7,5 esquina,11.7,1,3,3
11235,45555,segundo,16.7,5 esquina,11.7,1,3,3
11235,55555,segundo,16.7,5 esquina,11.7,1,3,3
11244,12235,primero,56.7,4 centro,53.9,0,4,3
11244,12245,primero,46.0,4 centro,36.3,0,4,3
11244,12255,primero,38.3,4 centro,30.6,0,5,3
11244,12335,primero,53.0,4 centro,50.9,0,4,3
11244,12345,primero,44.0,4 centro,34.4,0,4,3
11244,12355,primero,37.0,4 centro,29.2,0,5,3
11244,12445,segundo,17.3,4 esquina,13.3,1,5,3
11244,12455,segundo,17.3,4 esquina,11.4,1,5,3
11244,12555,segundo,15.3,4 esquina,8.2,1,5,3
11244,13335,primero,51.7,4 centro,49.8,0,4,3
11244,13345,primero,43.7,4 centro,34.0,0,4,3
11244,13355,primero,37.0,4 centro,29.1,0,5,3
11244,13445,segundo,17.3,4 esquina,13.3,1,5,3
11244,13455,segundo,17.3,4 esquina,11.4,1,5,3
11244,13555,segundo,15.3,4 esquina,8.2,1,5,3
11244,14444,segundo,20.7,4 centro,16.2,1,1,3
11244,14445,segundo,15.3,4 esquina,8.7,1,5,3
11244,14455,segundo,15.3,4 esquina,8.2,1,5,3
11244,14555,segundo,15.3,4 esquina,8.2,1,5,3
11244,15555,segundo,15.3,4 esquina,8.2,1,5,3
11244,22335,primero,51.0,4 centro,48.8,0,4,3
11244,22345,primero,43.7,4 centro,34.0,0,4,3
11244,22355,primero,36.7,4 centro,29.0,0,5,3
11244,22445,segundo,17.3,4 esquina,13.3,1,5,3
11244,22455,segundo,17.3,4 esquina,11.4,1,5,3
11244,22555,segundo,15.3,4 esquina,8.2,1,5,3
11244,23335,primero,50.3,4 centro,48.2,0,4,3
11244,23345,primero,43.3,4 centro,33.7,0,4,3
11244,23355,primero,36.7,4 centro,28.9,0,5,3
11244,23445,segundo,17.3,4 esquina,13.3,1,5,3
11244,23455,segundo,17.3,4 esquina,11.4,1,5,3
11244,23555,segundo,15.3,4 esquina,8.2,1,5,3
11244,24444,segundo,20.7,4 centro,16.2,1,1,3
11244,24445,segundo,15.3,4 esquina,8.7,1,5,3
11244,24455,segundo,15.3,4 esquina,8.2,1,5,3
11244,24555,segundo,15.3,4 esquina,8.2,1,5,3
11244,25555,segundo,15.3,4 esquina,8.2,1,5,3
11244,33335,primero,49.7,4 centro,47.1,0,4,3
11244,33345,primero,43.3,4 centro,33.7,0,4,3
11244,33355,primero,36.7,4 centro,28.9,0,5,3
11244,33445,segundo,17.3,4 esquina,13.3,1,5,3
11244,33455,segundo,17.3,4 esquina,11.4,1,5,3
11244,33555,segundo,15.3,4 esquina,8.2,1,5,3
11244,34444,segundo,20.7,4 centro,16.2,1,1,3
11244,34445,segundo,15.3,4 esquina,8.7,1,5,3
11244,34455,segundo,15.3,4 esquina,8.2,1,5,3
11244,34555,segundo,15.3,4 esquina,8.2,1,5,3
11244,35555,segundo,15.3,4 esquina,8.2,1,5,3
11244,44444,segundo,20.7,4 centro,16.2,1,1,3
11244,44445,segundo,15.3,4 esquina,8.7,1,5,3
11244,44455,segundo,15.3,4 esquina,8.2,1,5,3
11244,44555,segundo,15.3,4 esquina,8.2,1,5,3
11244,45555,segundo,15.3,4 esquina,8.2,1,5,3
11244,55555,segundo,15.3,4 esquina,8.2,1,5,3
11245,14555,segundo,16.7,5 esquina,11.7,1,3,3
11245,15555,segundo,16.7,5 esquina,11.7,1,3,3
11245,24555,segundo,16.7,5 esquina,11.7,1,3,3
11245,25555,segundo,16.7,5 esquina,11.7,1,3,3
11245,34555,segundo,16.7,5 esquina,11.7,1,3,3
11245,35555,segundo,16.7,5 esquina,11.7,1,3,3
11245,44555,segundo,16.7,5 esquina,11.7,1,3,3
11245,45555,segundo,16.7,5 esquina,11.7,1,3,3
11245,55555,segundo,16.7,5 esquina,11.7,1,3,3
11255,15555,segundo,20.7,5 centro,16.2,1,1,3
11255,25555,segundo,20.7,5 centro,16.2,1,1,3
11255,35555,segundo,20.7,5 centro,16.2,1,1,3
11255,45555,segundo,20.7,5 centro,16.2,1,1,3
11255,55555,segundo,20.7,5 centro,16.2,1,1,3
11333,12224,primero,79.0,3 esquina,75.6,0,3,3
11333,12225,primero,79.0,3 esquina,75.6,0,3,3
11333,12234,primero,61.7,3 centro,50.2,0,4,3
11333,12235,primero,61.7,3 centro,50.2,0,4,3
11333,12244,primero,47.7,3 centro,34.9,0,5,3
11333,12245,primero,47.7,3 centro,35.0,0,5,3
11333,12255,primero,47.7,3 centro,34.9,0,5,3
11333,12334,segundo,23.7,3 centro,19.9,1,5,3
11333,12335,segundo,23.7,3 centro,19.9,1,5,3
11333,12344,segundo,18.0,3 esquina,12.3,1,5,3
11333,12345,segundo,18.0,3 esquina,12.3,1,5,3
11333,12355,segundo,18.0,3 esquina,12.3,1,5,3
11333,12444,segundo,15.3,3 esquina,8.2,1,5,3
11333,12445,segundo,15.3,3 esquina,8.2,1,5,3
11333,12455,segundo,15.3,3 esquina,8.2,1,5,3
11333,12555,segundo,15.3,3 esquina,8.2,1,5,3
11333,13333,tablas,33.7,3 centro,27.4,0,1,3
11333,13334,segundo,16.7,3 esquina,10.7,1,5,3
11333,13335,segundo,16.7,3 esquina,10.7,1,5,3
11333,13344,segundo,15.7,3 esquina,8.4,1,5,3
11333,13345,segundo,15.7,3 esquina,8.4,1,5,3
11333,13355,segundo,15.7,3 esquina,8.4,1,5,3
11333,13444,segundo,15.3,3 esquina,8.2,1,5,3
11333,13445,segundo,15.3,3 esquina,8.2,1,5,3
11333,13455,segundo,15.3,3 esquina,8.2,1,5,3
11333,13555,segundo,15.3,3 esquina,8.2,1,5,3
11333,14444,segundo,15.3,3 esquina,8.2,1,5,3
11333,14445,segundo,15.3,3 esquina,8.2,1,5,3
11333,14455,segundo,15.3,3 esquina,8.2,1,5,3
11333,14555,segundo,15.3,3 esquina,8.2,1,5,3
11333,15555,segundo,15.3,3 esquina,8.2,1,5,3
11333,22234,primero,61.0,3 centro,50.0,0,4,3
11333,22235,primero,61.0,3 centro,50.0,0,4,3
11333,22244,primero,47.3,3 centro,34.9,0,5,3
11333,22245,primero,47.3,3 centro,34.9,0,5,3
11333,22255,primero,47.3,3 centro,34.9,0,5,3
11333,22334,segundo,22.7,3 centro,19.4,1,5,3
11333,22335,segundo,22.7,3 centro,19.4,1,5,3
11333,22344,segundo,18.0,3 esquina,12.3,1,5,3
11333,22345,segundo,18.0,3 esquina,12.3,1,5,3
11333,22355,segundo,18.0,3 esquina,12.3,1,5,3
11333,22444,segundo,15.3,3 esquina,8.2,1,5,3
11333,22445,segundo,15.3,3 esquina,8.2,1,5,3
11333,22455,segundo,15.3,3 esquina,8.2,1,5,3
11333,22555,segundo,15.3,3 esquina,8.2,1,5,3
11333,23333,tablas,33.7,3 centro,27.3,0,1,3
11333,23334,segundo,16.7,3 esquina,10.7,1,5,3
11333,23335,segundo,16.7,3 esquina,10.7,1,5,3
11333,23344,segundo,15.7,3 esquina,8.4,1,5,3
11333,23345,segundo,15.7,3 esquina,8.4,1,5,3
11333,23355,segundo,15.7,3 esquina,8.4,1,5,3
11333,23444,segundo,15.3,3 esquina,8.2,1,5,3
11333,23445,segundo,15.3,3 esquina,8.2,1,5,3
11333,23455,segundo,15.3,3 esquina,8.2,1,5,3
11333,23555,segundo,15.3,3 esquina,8.2,1,5,3
11333,24444,segundo,15.3,3 esquina,8.2,1,5,3
11333,24445,segundo,15.3,3 esquina,8.2,1,5,3
11333,24455,segundo,15.3,3 esquina,8.2,1,5,3
11333,24555,segundo,15.3,3 esquina,8.2,1,5,3
11333,25555,segundo,15.3,3 esquina,8.2,1,5,3
11333,33333,tablas,33.7,3 centro,27.1,0,1,3
11333,33334,segundo,16.7,3 esquina,10.7,1,5,3
11333,33335,segundo,16.7,3 esquina,10.7,1,5,3
11333,33344,segundo,15.7,3 esquina,8.4,1,5,3
11333,33345,segundo,15.7,3 esquina,8.4,1,5,3
11333,33355,segundo,15.7,3 esquina,8.4,1,5,3
11333,33444,segundo,15.3,3 esquina,8.2,1,5,3
11333,33445,segundo,15.3,3 esquina,8.2,1,5,3
11333,33455,segundo,15.3,3 esquina,8.2,1,5,3
11333,33555,segundo,15.3,3 esquina,8.2,1,5,3
11333,34444,segundo,15.3,3 esquina,8.2,1,5,3
11333,34445,segundo,15.3,3 esquina,8.2,1,5,3
11333,34455,segundo,15.3,3 esquina,8.2,1,5,3
11333,34555,segundo,15.3,3 esquina,8.2,1,5,3
11333,35555,segundo,15.3,3 esquina,8.2,1,5,3
11333,44444,segundo,15.3,3 esquina,8.2,1,5,3
11333,44445,segundo,15.3,3 esquina,8.2,1,5,3
11333,44455,segundo,15.3,3 esquina,8.2,1,5,3
11333,44555,segundo,15.3,3 esquina,8.2,1,5,3
11333,45555,segundo,15.3,3 esquina,8.2,1,5,3
11333,55555,segundo,15.3,3 esquina,8.2,1,5,3
11334,12225,primero,79.0,4 esquina,75.7,0,3,3
11334,12235,primero,66.3,4 centro,61.0,0,4,3
11334,12245,primero,55.3,4 centro,38.9,0,4,3
11334,12255,primero,47.7,4 centro,34.9,0,5,3
11334,12335,primero,47.7,4 centro,45.0,0,5,3
11334,12345,primero,29.0,4 centro,25.6,0,5,3
11334,12355,primero,28.3,4 esquina,24.4,0,5,3
11334,12445,segundo,15.3,4 esquina,9.8,1,5,3
11334,12455,segundo,15.3,4 esquina,8.2,1,5,3
11334,12555,segundo,15.3,4 esquina,8.2,1,5,3
11334,13335,tablas,41.0,4 lado,35.2,0,5,3
11334,13345,segundo,27.0,4 centro,22.9,1,5,3
11334,13355,segundo,26.7,4 centro,21.9,1,5,3
11334,13444,segundo,16.7,4 esquina,11.7,1,3,3
11334,13445,segundo,15.3,4 esquina,8.4,1,5,3
11334,13455,segundo,15.3,4 esquina,8.2,1,5,3
11334,13555,segundo,15.3,4 esquina,8.2,1,5,3
11334,14444,segundo,16.7,4 esquina,11.7,1,3,3
11334,14445,segundo,15.3,4 esquina,8.4,1,5,3
11334,14455,segundo,15.3,4 esquina,8.2,1,5,3
11334,14555,segundo,15.3,4 esquina,8.2,1,5,3
11334,15555,segundo,15.3,4 esquina,8.2,1,5,3
11334,22235,primero,66.0,4 centro,60.3,0,4,3
11334,22245,primero,55.3,4 centro,38.9,0,4,3
11334,22255,primero,47.3,4 centro,34.9,0,5,3
11334,22335,primero,47.0,4 centro,44.6,0,5,3
11334,22345,primero,28.7,4 centro,25.6,0,5,3
11334,22355,primero,28.3,4 esquina,24.3,0,5,3
11334,22445,segundo,15.3,4 esquina,9.8,1,5,3
11334,22455,segundo,15.3,4 esquina,8.2,1,5,3
11334,22555,segundo,15.3,4 esquina,8.2,1,5,3
11334,23335,tablas,41.0,4 lado,35.2,0,5,3
11334,23345,segundo,27.0,4 centro,22.9,1,5,3
11334,23355,segundo,26.7,4 centro,21.9,1,5,3
11334,23444,segundo,16.7,4 esquina,11.7,1,3,3
11334,23445,segundo,15.3,4 esquina,8.4,1,5,3
11334,23455,segundo,15.3,4 esquina,8.2,1,5,3
11334,23555,segundo,15.3,4 esquina,8.2,1,5,3
11334,24444,segundo,16.7,4 esquina,11.7,1,3,3
11334,24445,segundo,15.3,4 esquina,8.4,1,5,3
11334,24455,segundo,15.3,4 esquina,8.2,1,5,3
11334,24555,segundo,15.3,4 esquina,8.2,1,5,3
11334,25555,segundo,15.3,4 esquina,8.2,1,5,3
11334,33335,segundo,40.0,4 lado,34.6,1,5,3
11334,33345,segundo,27.0,4 centro,22.9,1,5,3
11334,33355,segundo,26.7,4 centro,21.9,1,5,3
11334,33444,segundo,16.7,4 esquina,11.7,1,3,3
11334,33445,segundo,15.3,4 esquina,8.4,1,5,3
11334,33455,segundo,15.3,4 esquina,8.2,1,5,3
11334,33555,segundo,15.3,4 esquina,8.2,1,5,3
11334,34444,segundo,16.7,4 esquina,11.7,1,3,3
11334,34445,segundo,15.3,4 esquina,8.4,1,5,3
11334,34455,segundo,15.3,4 esquina,8.2,1,5,3
11334,34555,segundo,15.3,4 esquina,8.2,1,5,3
11334,35555,segundo,15.3,4 esquina,8.2,1,5,3
11334,44444,segundo,16.7,4 esquina,11.7,1,3,3
11334,44445,segundo,15.3,4 esquina,8.4,1,5,3
11334,44455,segundo,15.3,4 esquina,8.2,1,5,3
11334,44555,segundo,15.3,4 esquina,8.2,1,5,3
11334,45555,segundo,15.3,4 esquina,8.2,1,5,3
11334,55555,segundo,15.3,4 esquina,8.2,1,5,3
11335,13555,segundo,16.7,5 esquina,11.7,1,3,3
11335,14555,segundo,16.7,5 esquina,11.7,1,3,3
11335,15555,segundo,16.7,5 esquina,11.7,1,3,3
11335,23555,segundo,16.7,5 esquina,11.7,1,3,3
11335,24555,segundo,16.7,5 esquina,11.7,1,3,3
11335,25555,segundo,16.7,5 esquina,11.7,1,3,3
11335,33555,segundo,16.7,5 esquina,11.7,1,3,3
11335,34555,segundo,16.7,5 esquina,11.7,1,3,3
11335,35555,segundo,16.7,5 esquina,11.7,1,3,3
11335,44555,segundo,16.7,5 esquina,11.7,1,3,3
11335,45555,segundo,16.7,5 esquina,11.7,1,3,3
11335,55555,segundo,16.7,5 esquina,11.7,1,3,3
11344,12225,primero,79.0,4 esquina,75.7,0,3,3
11344,12235,primero,78.0,4 centro,71.9,0,4,3
11344,12245,primero,57.3,4 centro,43.8,0,4,3
11344,12255,primero,47.7,4 centro,34.9,0,5,3
11344,12335,primero,67.0,4 esquina,64.1,0,4,3
11344,12345,primero,51.3,4 centro,39.3,0,4,3
11344,12355,primero,42.3,4 centro,32.3,0,5,3
11344,12445,segundo,17.3,4 esquina,13.6,1,5,3
11344,12455,segundo,17.3,4 esquina,11.4,1,5,3
11344,12555,segundo,15.3,4 esquina,8.2,1,5,3
11344,13335,primero,60.3,4 esquina,58.3,0,4,3
11344,13345,primero,46.0,4 centro,36.3,0,4,3
11344,13355,primero,38.3,4 centro,30.6,0,5,3
11344,13445,segundo,17.3,4 esquina,13.3,1,5,3
11344,13455,segundo,17.3,4 esquina,11.4,1,5,3
11344,13555,segundo,15.3,4 esquina,8.2,1,5,3
11344,14444,segundo,20.7,4 centro,16.2,1,1,3
11344,14445,segundo,15.3,4 esquina,8.7,1,5,3
11344,14455,segundo,15.3,4 esquina,8.2,1,5,3
11344,14555,segundo,15.3,4 esquina,8.2,1,5,3
11344,15555,segundo,15.3,4 esquina,8.2,1,5,3
11344,22235,primero,71.3,4 esquina,68.7,0,4,3
11344,22245,primero,57.0,4 centro,43.4,0,4,3
11344,22255,primero,47.3,4 centro,34.9,0,5,3
11344,22335,primero,65.7,4 centro,63.4,0,4,3
11344,22345,primero,51.0,4 centro,39.2,0,4,3
11344,22355,primero,42.0,4 centro,32.2,0,5,3
11344,22445,segundo,17.3,4 esquina,13.6,1,5,3
11344,22455,segundo,17.3,4 esquina,11.4,1,5,3
11344,22555,segundo,15.3,4 esquina,8.2,1,5,3
11344,23335,primero,59.7,4 esquina,57.3,0,4,3
11344,23345,primero,46.0,4 centro,36.3,0,4,3
11344,23355,primero,38.7,4 centro,30.7,0,5,3
11344,23445,segundo,17.3,4 esquina,13.3,1,5,3
11344,23455,segundo,17.3,4 esquina,11.4,1,5,3
11344,23555,segundo,15.3,4 esquina,8.2,1,5,3
11344,24444,segundo,20.7,4 centro,16.2,1,1,3
11344,24445,segundo,15.3,4 esquina,8.7,1,5,3
11344,24455,segundo,15.3,4 esquina,8.2,1,5,3
11344,24555,segundo,15.3,4 esquina,8.2,1,5,3
11344,25555,segundo,15.3,4 esquina,8.2,1,5,3
11344,33335,primero,59.3,4 esquina,55.9,0,4,3
11344,33345,primero,45.7,4 centro,35.7,0,4,3
11344,33355,primero,38.0,4 centro,30.3,0,5,3
11344,33445,segundo,17.3,4 esquina,13.3,1,5,3
11344,33455,segundo,17.3,4 esquina,11.4,1,5,3
11344,33555,segundo,15.3,4 esquina,8.2,1,5,3
11344,34444,segundo,20.7,4 centro,16.2,1,1,3
11344,34445,segundo,15.3,4 esquina,8.7,1,5,3
11344,34455,segundo,15.3,4 esquina,8.2,1,5,3
11344,34555,segundo,15.3,4 esquina,8.2,1,5,3
11344,35555,segundo,15.3,4 esquina,8.2,1,5,3
11344,44444,segundo,20.7,4 centro,16.2,1,1,3
11344,44445,segundo,15.3,4 esquina,8.7,1,5,3
11344,44455,segundo,15.3,4 esquina,8.2,1,5,3
11344,44555,segundo,15.3,4 esquina,8.2,1,5,3
11344,45555,segundo,15.3,4 esquina,8.2,1,5,3
11344,55555,segundo,15.3,4 esquina,8.2,1,5,3
11345,14555,segundo,16.7,5 esquina,11.7,1,3,3
11345,15555,segundo,16.7,5 esquina,11.7,1,3,3
11345,24555,segundo,16.7,5 esquina,11.7,1,3,3
11345,25555,segundo,16.7,5 esquina,11.7,1,3,3
11345,34555,segundo,16.7,5 esquina,11.7,1,3,3
11345,35555,segundo,16.7,5 esquina,11.7,1,3,3
11345,44555,segundo,16.7,5 esquina,11.7,1,3,3
11345,45555,segundo,16.7,5 esquina,11.7,1,3,3
11345,55555,segundo,16.7,5 esquina,11.7,1,3,3
11355,15555,segundo,20.7,5 centro,16.2,1,1,3
11355,25555,segundo,20.7,5 centro,16.2,1,1,3
11355,35555,segundo,20.7,5 centro,16.2,1,1,3
11355,45555,segundo,20.7,5 centro,16.2,1,1,3
11355,55555,segundo,20.7,5 centro,16.2,1,1,3
11444,12225,primero,79.0,4 esquina,75.6,0,3,3
11444,12235,primero,79.0,4 esquina,75.4,0,3,3
11444,12245,primero,61.7,4 centro,50.2,0,4,3
11444,12255,primero,47.7,4 centro,34.9,0,5,3
11444,12335,primero,78.7,4 centro,75.3,0,3,3
11444,12345,primero,61.7,4 centro,50.2,0,4,3
11444,12355,primero,47.7,4 centro,34.9,0,5,3
11444,12445,segundo,23.7,4 centro,19.9,1,5,3
11444,12455,segundo,18.0,4 esquina,12.3,1,5,3
11444,12555,segundo,15.3,4 esquina,8.2,1,5,3
11444,13335,primero,79.0,4 esquina,75.6,0,3,3
11444,13345,primero,61.7,4 centro,50.2,0,4,3
11444,13355,primero,47.7,4 centro,34.9,0,5,3
11444,13445,segundo,23.7,4 centro,19.9,1,5,3
11444,13455,segundo,18.0,4 esquina,12.3,1,5,3
11444,13555,segundo,15.3,4 esquina,8.2,1,5,3
11444,14444,tablas,33.7,4 centro,27.4,0,1,3
11444,14445,segundo,16.7,4 esquina,10.7,1,5,3
11444,14455,segundo,15.7,4 esquina,8.4,1,5,3
11444,14555,segundo,15.3,4 esquina,8.2,1,5,3
11444,15555,segundo,15.3,4 esquina,8.2,1,5,3
11444,22235,primero,78.0,4 esquina,71.8,0,3,3
11444,22245,primero,61.0,4 centro,50.0,0,4,3
11444,22255,primero,47.3,4 centro,34.9,0,5,3
11444,22335,primero,78.3,4 esquina,74.2,0,3,3
11444,22345,primero,61.0,4 centro,50.0,0,4,3
11444,22355,primero,47.3,4 centro,34.8,0,5,3
11444,22445,segundo,22.7,4 centro,19.4,1,5,3
11444,22455,segundo,18.0,4 esquina,12.3,1,5,3
11444,22555,segundo,15.3,4 esquina,8.2,1,5,3
11444,23335,primero,78.7,4 esquina,74.1,0,3,3
11444,23345,primero,61.0,4 centro,50.0,0,4,3
11444,23355,primero,47.3,4 centro,34.8,0,5,3
11444,23445,segundo,22.7,4 centro,19.4,1,5,3
11444,23455,segundo,18.0,4 esquina,12.3,1,5,3
11444,23555,segundo,15.3,4 esquina,8.2,1,5,3
11444,24444,tablas,33.7,4 centro,27.3,0,1,3
11444,24445,segundo,16.7,4 esquina,10.7,1,5,3
11444,24455,segundo,15.7,4 esquina,8.4,1,5,3
11444,24555,segundo,15.3,4 esquina,8.2,1,5,3
11444,25555,segundo,15.3,4 esquina,8.2,1,5,3
11444,33335,primero,79.0,4 esquina,74.7,0,3,3
11444,33345,primero,61.0,4 centro,50.0,0,4,3
11444,33355,primero,47.3,4 centro,34.9,0,5,3
11444,33445,segundo,22.7,4 centro,19.4,1,5,3
11444,33455,segundo,18.0,4 esquina,12.3,1,5,3
11444,33555,segundo,15.3,4 esquina,8.2,1,5,3
11444,34444,tablas,33.7,4 centro,27.3,0,1,3
11444,34445,segundo,16.7,4 esquina,10.7,1,5,3
11444,34455,segundo,15.7,4 esquina,8.4,1,5,3
11444,34555,segundo,15.3,4 esquina,8.2,1,5,3
11444,35555,segundo,15.3,4 esquina,8.2,1,5,3
11444,44444,tablas,33.7,4 centro,27.1,0,1,3
11444,44445,segundo,16.7,4 esquina,10.7,1,5,3
11444,44455,segundo,15.7,4 esquina,8.4,1,5,3
11444,44555,segundo,15.3,4 esquina,8.2,1,5,3
11444,45555,segundo,15.3,4 esquina,8.2,1,5,3
11444,55555,segundo,15.3,4 esquina,8.2,1,5,3
11445,14555,segundo,16.7,5 esquina,11.7,1,3,3
11445,15555,segundo,16.7,5 esquina,11.7,1,3,3
11445,24555,segundo,16.7,5 esquina,11.7,1,3,3
11445,25555,segundo,16.7,5 esquina,11.7,1,3,3
11445,34555,segundo,16.7,5 esquina,11.7,1,3,3
11445,35555,segundo,16.7,5 esquina,11.7,1,3,3
11445,44555,segundo,16.7,5 esquina,11.7,1,3,3
11445,45555,segundo,16.7,5 esquina,11.7,1,3,3
11445,55555,segundo,16.7,5 esquina,11.7,1,3,3
11455,15555,segundo,20.7,5 centro,16.2,1,1,3
11455,25555,segundo,20.7,5 centro,16.2,1,1,3
11455,35555,segundo,20.7,5 centro,16.2,1,1,3
11455,45555,segundo,20.7,5 centro,16.2,1,1,3
11455,55555,segundo,20.7,5 centro,16.2,1,1,3
11555,15555,tablas,33.7,5 centro,27.4,0,1,3
11555,25555,tablas,33.7,5 centro,27.3,0,1,3
11555,35555,tablas,33.7,5 centro,27.3,0,1,3
11555,45555,tablas,33.7,5 centro,27.3,0,1,3
11555,55555,tablas,33.7,5 centro,27.1,0,1,3
12223,11334,segundo,15.3,3 esquina,10.7,1,5,3
12223,11335,segundo,15.3,3 esquina,10.7,1,5,3
12223,11344,segundo,15.3,3 esquina,8.2,1,5,3
12223,11345,segundo,15.3,3 esquina,8.2,1,5,3
12223,11355,segundo,15.3,3 esquina,8.2,1,5,3
12223,11444,segundo,15.3,3 esquina,8.2,1,5,3
12223,11445,segundo,15.3,3 esquina,8.2,1,5,3
12223,11455,segundo,15.3,3 esquina,8.2,1,5,3
12223,11555,segundo,15.3,3 esquina,8.2,1,5,3
12223,13333,segundo,16.7,3 esquina,11.7,1,3,3
12223,13334,segundo,15.3,3 esquina,8.4,1,5,3
12223,13335,segundo,15.3,3 esquina,8.4,1,5,3
12223,13344,segundo,15.3,3 esquina,8.2,1,5,3
12223,13345,segundo,15.3,3 esquina,8.2,1,5,3
12223,13355,segundo,15.3,3 esquina,8.2,1,5,3
12223,13444,segundo,15.3,3 esquina,8.2,1,5,3
12223,13445,segundo,15.3,3 esquina,8.2,1,5,3
12223,13455,segundo,15.3,3 esquina,8.2,1,5,3
12223,13555,segundo,15.3,3 esquina,8.2,1,5,3
12223,14444,segundo,15.3,3 esquina,8.2,1,5,3
12223,14445,segundo,15.3,3 esquina,8.2,1,5,3
12223,14455,segundo,15.3,3 esquina,8.2,1,5,3
12223,14555,segundo,15.3,3 esquina,8.2,1,5,3
12223,15555,segundo,15.3,3 esquina,8.2,1,5,3
12223,33333,segundo,16.7,3 esquina,11.7,1,3,3
12223,33334,segundo,15.3,3 esquina,8.4,1,5,3
12223,33335,segundo,15.3,3 esquina,8.4,1,5,3
12223,33344,segundo,15.3,3 esquina,8.2,1,5,3
12223,33345,segundo,15.3,3 esquina,8.2,1,5,3
12223,33355,segundo,15.3,3 esquina,8.2,1,5,3
12223,33444,segundo,15.3,3 esquina,8.2,1,5,3
12223,33445,segundo,15.3,3 esquina,8.2,1,5,3
12223,33455,segundo,15.3,3 esquina,8.2,1,5,3
12223,33555,segundo,15.3,3 esquina,8.2,1,5,3
12223,34444,segundo,15.3,3 esquina,8.2,1,5,3
12223,34445,segundo,15.3,3 esquina,8.2,1,5,3
12223,34455,segundo,15.3,3 esquina,8.2,1,5,3
12223,34555,segundo,15.3,3 esquina,8.2,1,5,3
12223,35555,segundo,15.3,3 esquina,8.2,1,5,3
12223,44444,segundo,15.3,3 esquina,8.2,1,5,3
12223,44445,segundo,15.3,3 esquina,8.2,1,5,3
12223,44455,segundo,15.3,3 esquina,8.2,1,5,3
12223,44555,segundo,15.3,3 esquina,8.2,1,5,3
12223,45555,segundo,15.3,3 esquina,8.2,1,5,3
12223,55555,segundo,15.3,3 esquina,8.2,1,5,3
12224,11335,primero,39.3,4 centro,37.0,0,5,3
12224,11345,primero,32.3,4 centro,26.6,0,5,3
12224,11355,primero,29.3,4 centro,25.0,0,5,3
12224,11445,segundo,15.3,4 esquina,10.7,1,5,3
12224,11455,segundo,15.3,4 esquina,8.2,1,5,3
12224,11555,segundo,15.3,4 esquina,8.2,1,5,3
12224,13335,segundo,31.0,4 lado,26.8,1,5,3
12224,13345,segundo,25.7,4 centro,21.3,1,5,3
12224,13355,segundo,25.7,4 centro,21.1,1,5,3
12224,13444,segundo,16.7,4 esquina,11.7,1,3,3
12224,13445,segundo,15.3,4 esquina,8.4,1,5,3
12224,13455,segundo,15.3,4 esquina,8.2,1,5,3
12224,13555,segundo,15.3,4 esquina,8.2,1,5,3
12224,14444,segundo,16.7,4 esquina,11.7,1,3,3
12224,14445,segundo,15.3,4 esquina,8.4,1,5,3
12224,14455,segundo,15.3,4 esquina,8.2,1,5,3
12224,14555,segundo,15.3,4 esquina,8.2,1,5,3
12224,15555,segundo,15.3,4 esquina,8.2,1,5,3
12224,33335,segundo,31.0,4 lado,26.8,1,5,3
12224,33345,segundo,25.7,4 centro,21.3,1,5,3
12224,33355,segundo,25.7,4 centro,21.1,1,5,3
12224,33444,segundo,16.7,4 esquina,11.7,1,3,3
12224,33445,segundo,15.3,4 esquina,8.4,1,5,3
12224,33455,segundo,15.3,4 esquina,8.2,1,5,3
12224,33555,segundo,15.3,4 esquina,8.2,1,5,3
12224,34444,segundo,16.7,4 esquina,11.7,1,3,3
12224,34445,segundo,15.3,4 esquina,8.4,1,5,3
12224,34455,segundo,15.3,4 esquina,8.2,1,5,3
12224,34555,segundo,15.3,4 esquina,8.2,1,5,3
12224,35555,segundo,15.3,4 esquina,8.2,1,5,3
12224,44444,segundo,16.7,4 esquina,11.7,1,3,3
12224,44445,segundo,15.3,4 esquina,8.4,1,5,3
12224,44455,segundo,15.3,4 esquina,8.2,1,5,3
12224,44555,segundo,15.3,4 esquina,8.2,1,5,3
12224,45555,segundo,15.3,4 esquina,8.2,1,5,3
12224,55555,segundo,15.3,4 esquina,8.2,1,5,3
12225,13555,segundo,16.7,5 esquina,11.7,1,3,3
12225,14555,segundo,16.7,5 esquina,11.7,1,3,3
12225,15555,segundo,16.7,5 esquina,11.7,1,3,3
12225,33555,segundo,16.7,5 esquina,11.7,1,3,3
12225,34555,segundo,16.7,5 esquina,11.7,1,3,3
12225,35555,segundo,16.7,5 esquina,11.7,1,3,3
12225,44555,segundo,16.7,5 esquina,11.7,1,3,3
12225,45555,segundo,16.7,5 esquina,11.7,1,3,3
12225,55555,segundo,16.7,5 esquina,11.7,1,3,3
12233,11234,primero,55.3,3 centro,44.0,0,4,3
12233,11235,primero,55.3,3 centro,44.0,0,4,3
12233,11244,primero,47.3,3 centro,34.7,0,5,3
12233,11245,primero,47.3,3 centro,34.7,0,5,3
12233,11255,primero,47.3,3 centro,34.7,0,5,3
12233,11334,segundo,17.3,3 esquina,13.9,1,5,3
12233,11335,segundo,17.3,3 esquina,13.9,1,5,3
12233,11344,segundo,17.3,3 esquina,11.4,1,5,3
12233,11345,segundo,17.3,3 esquina,11.4,1,5,3
12233,11355,segundo,17.3,3 esquina,11.4,1,5,3
12233,11444,segundo,15.3,3 esquina,8.2,1,5,3
12233,11445,segundo,15.3,3 esquina,8.2,1,5,3
12233,11455,segundo,15.3,3 esquina,8.2,1,5,3
12233,11555,segundo,15.3,3 esquina,8.2,1,5,3
12233,12334,segundo,17.3,3 esquina,13.6,1,5,3
12233,12335,segundo,17.3,3 esquina,13.6,1,5,3
12233,12344,segundo,17.3,3 esquina,11.4,1,5,3
12233,12345,segundo,17.3,3 esquina,11.4,1,5,3
12233,12355,segundo,17.3,3 esquina,11.4,1,5,3
12233,12444,segundo,15.3,3 esquina,8.2,1,5,3
12233,12445,segundo,15.3,3 esquina,8.2,1,5,3
12233,12455,segundo,15.3,3 esquina,8.2,1,5,3
12233,12555,segundo,15.3,3 esquina,8.2,1,5,3
12233,13333,segundo,20.7,3 centro,16.2,1,1,3
12233,13334,segundo,15.3,3 esquina,8.7,1,5,3
12233,13335,segundo,15.3,3 esquina,8.7,1,5,3
12233,13344,segundo,15.3,3 esquina,8.2,1,5,3
12233,13345,segundo,15.3,3 esquina,8.2,1,5,3
12233,13355,segundo,15.3,3 esquina,8.2,1,5,3
12233,13444,segundo,15.3,3 esquina,8.2,1,5,3
12233,13445,segundo,15.3,3 esquina,8.2,1,5,3
12233,13455,segundo,15.3,3 esquina,8.2,1,5,3
12233,13555,segundo,15.3,3 esquina,8.2,1,5,3
12233,14444,segundo,15.3,3 esquina,8.2,1,5,3
12233,14445,segundo,15.3,3 esquina,8.2,1,5,3
12233,14455,segundo,15.3,3 esquina,8.2,1,5,3
12233,14555,segundo,15.3,3 esquina,8.2,1,5,3
12233,15555,segundo,15.3,3 esquina,8.2,1,5,3
12233,23333,segundo,20.7,3 centro,16.2,1,1,3
12233,23334,segundo,15.3,3 esquina,8.7,1,5,3
12233,23335,segundo,15.3,3 esquina,8.7,1,5,3
12233,23344,segundo,15.3,3 esquina,8.2,1,5,3
12233,23345,segundo,15.3,3 esquina,8.2,1,5,3
12233,23355,segundo,15.3,3 esquina,8.2,1,5,3
12233,23444,segundo,15.3,3 esquina,8.2,1,5,3
12233,23445,segundo,15.3,3 esquina,8.2,1,5,3
12233,23455,segundo,15.3,3 esquina,8.2,1,5,3
12233,23555,segundo,15.3,3 esquina,8.2,1,5,3
12233,24444,segundo,15.3,3 esquina,8.2,1,5,3
12233,24445,segundo,15.3,3 esquina,8.2,1,5,3
12233,24455,segundo,15.3,3 esquina,8.2,1,5,3
12233,24555,segundo,15.3,3 esquina,8.2,1,5,3
12233,25555,segundo,15.3,3 esquina,8.2,1,5,3
12233,33333,segundo,20.7,3 centro,16.2,1,1,3
12233,33334,segundo,15.3,3 esquina,8.7,1,5,3
12233,33335,segundo,15.3,3 esquina,8.7,1,5,3
12233,33344,segundo,15.3,3 esquina,8.2,1,5,3
12233,33345,segundo,15.3,3 esquina,8.2,1,5,3
12233,33355,segundo,15.3,3 esquina,8.2,1,5,3
12233,33444,segundo,15.3,3 esquina,8.2,1,5,3
12233,33445,segundo,15.3,3 esquina,8.2,1,5,3
12233,33455,segundo,15.3,3 esquina,8.2,1,5,3
12233,33555,segundo,15.3,3 esquina,8.2,1,5,3
12233,34444,segundo,15.3,3 esquina,8.2,1,5,3
12233,34445,segundo,15.3,3 esquina,8.2,1,5,3
12233,34455,segundo,15.3,3 esquina,8.2,1,5,3
12233,34555,segundo,15.3,3 esquina,8.2,1,5,3
12233,35555,segundo,15.3,3 esquina,8.2,1,5,3
12233,44444,segundo,15.3,3 esquina,8.2,1,5,3
12233,44445,segundo,15.3,3 esquina,8.2,1,5,3
12233,44455,segundo,15.3,3 esquina,8.2,1,5,3
12233,44555,segundo,15.3,3 esquina,8.2,1,5,3
12233,45555,segundo,15.3,3 esquina,8.2,1,5,3
12233,55555,segundo,15.3,3 esquina,8.2,1,5,3
12234,11235,primero,65.0,4 centro,56.3,0,4,3
12234,11245,primero,51.3,4 centro,39.0,0,4,3
12234,11255,primero,47.3,4 centro,34.8,0,5,3
12234,11335,primero,43.3,4 centro,40.4,0,5,3
12234,11345,primero,32.3,4 centro,26.6,0,5,3
12234,11355,primero,29.3,4 centro,24.9,0,5,3
12234,11445,segundo,15.3,4 esquina,10.7,1,5,3
12234,11455,segundo,15.3,4 esquina,8.2,1,5,3
12234,11555,segundo,15.3,4 esquina,8.2,1,5,3
12234,12335,primero,39.0,4 centro,37.9,0,5,3
12234,12345,primero,27.3,4 esquina,24.4,0,5,3
12234,12355,primero,27.0,4 esquina,23.2,0,5,3
12234,12445,segundo,15.3,4 esquina,10.3,1,5,3
12234,12455,segundo,15.3,4 esquina,8.2,1,5,3
12234,12555,segundo,15.3,4 esquina,8.2,1,5,3
12234,13335,segundo,30.7,4 lado,28.8,1,5,3
12234,13345,segundo,25.7,4 centro,21.3,1,5,3
12234,13355,segundo,25.7,4 centro,21.1,1,5,3
12234,13444,segundo,16.7,4 esquina,11.7,1,3,3
12234,13445,segundo,15.3,4 esquina,8.4,1,5,3
12234,13455,segundo,15.3,4 esquina,8.2,1,5,3
12234,13555,segundo,15.3,4 esquina,8.2,1,5,3
12234,14444,segundo,16.7,4 esquina,11.7,1,3,3
12234,14445,segundo,15.3,4 esquina,8.4,1,5,3
12234,14455,segundo,15.3,4 esquina,8.2,1,5,3
12234,14555,segundo,15.3,4 esquina,8.2,1,5,3
12234,15555,segundo,15.3,4 esquina,8.2,1,5,3
12234,23335,segundo,30.7,4 lado,28.6,1,5,3
12234,23345,segundo,25.7,4 centro,21.3,1,5,3
12234,23355,segundo,25.7,4 centro,21.1,1,5,3
12234,23444,segundo,16.7,4 esquina,11.7,1,3,3
12234,23445,segundo,15.3,4 esquina,8.4,1,5,3
12234,23455,segundo,15.3,4 esquina,8.2,1,5,3
12234,23555,segundo,15.3,4 esquina,8.2,1,5,3
12234,24444,segundo,16.7,4 esquina,11.7,1,3,3
12234,24445,segundo,15.3,4 esquina,8.4,1,5,3
12234,24455,segundo,15.3,4 esquina,8.2,1,5,3
12234,24555,segundo,15.3,4 esquina,8.2,1,5,3
12234,25555,segundo,15.3,4 esquina,8.2,1,5,3
12234,33335,segundo,30.7,4 lado,28.4,1,5,3
12234,33345,segundo,25.7,4 centro,21.3,1,5,3
12234,33355,segundo,25.7,4 centro,21.1,1,5,3
12234,33444,segundo,16.7,4 esquina,11.7,1,3,3
12234,33445,segundo,15.3,4 esquina,8.4,1,5,3
12234,33455,segundo,15.3,4 esquina,8.2,1,5,3
12234,33555,segundo,15.3,4 esquina,8.2,1,5,3
12234,34444,segundo,16.7,4 esquina,11.7,1,3,3
12234,34445,segundo,15.3,4 esquina,8.4,1,5,3
12234,34455,segundo,15.3,4 esquina,8.2,1,5,3
12234,34555,segundo,15.3,4 esquina,8.2,1,5,3
12234,35555,segundo,15.3,4 esquina,8.2,1,5,3
12234,44444,segundo,16.7,4 esquina,11.7,1,3,3
12234,44445,segundo,15.3,4 esquina,8.4,1,5,3
12234,44455,segundo,15.3,4 esquina,8.2,1,5,3
12234,44555,segundo,15.3,4 esquina,8.2,1,5,3
12234,45555,segundo,15.3,4 esquina,8.2,1,5,3
12234,55555,segundo,15.3,4 esquina,8.2,1,5,3
12235,13555,segundo,16.7,5 esquina,11.7,1,3,3
12235,14555,segundo,16.7,5 esquina,11.7,1,3,3
12235,15555,segundo,16.7,5 esquina,11.7,1,3,3
12235,23555,segundo,16.7,5 esquina,11.7,1,3,3
12235,24555,segundo,16.7,5 esquina,11.7,1,3,3
12235,25555,segundo,16.7,5 esquina,11.7,1,3,3
12235,33555,segundo,16.7,5 esquina,11.7,1,3,3
12235,34555,segundo,16.7,5 esquina,11.7,1,3,3
12235,35555,segundo,16.7,5 esquina,11.7,1,3,3
12235,44555,segundo,16.7,5 esquina,11.7,1,3,3
12235,45555,segundo,16.7,5 esquina,11.7,1,3,3
12235,55555,segundo,16.7,5 esquina,11.7,1,3,3
12244,11235,primero,72.3,4 centro,67.2,0,4,3
12244,11245,primero,55.3,4 centro,44.0,0,4,3
12244,11255,primero,47.3,4 centro,34.7,0,5,3
12244,11335,primero,61.3,4 centro,57.6,0,4,3
12244,11345,primero,51.0,4 centro,38.1,0,4,3
12244,11355,primero,46.0,4 centro,33.3,0,5,3
12244,11445,segundo,17.3,4 esquina,13.9,1,5,3
12244,11455,segundo,17.3,4 esquina,11.4,1,5,3
12244,11555,segundo,15.3,4 esquina,8.2,1,5,3
12244,12335,primero,53.7,4 centro,52.4,0,4,3
12244,12345,primero,44.0,4 centro,34.6,0,4,3
12244,12355,primero,36.7,4 centro,29.1,0,5,3
12244,12445,segundo,17.3,4 esquina,13.6,1,5,3
12244,12455,segundo,17.3,4 esquina,11.4,1,5,3
12244,12555,segundo,15.3,4 esquina,8.2,1,5,3
12244,13335,primero,52.0,4 centro,50.7,0,4,3
12244,13345,primero,43.7,4 centro,34.1,0,4,3
12244,13355,primero,37.0,4 centro,29.2,0,5,3
12244,13445,segundo,17.3,4 esquina,13.3,1,5,3
12244,13455,segundo,17.3,4 esquina,11.4,1,5,3
12244,13555,segundo,15.3,4 esquina,8.2,1,5,3
12244,14444,segundo,20.7,4 centro,16.2,1,1,3
12244,14445,segundo,15.3,4 esquina,8.7,1,5,3
12244,14455,segundo,15.3,4 esquina,8.2,1,5,3
12244,14555,segundo,15.3,4 esquina,8.2,1,5,3
12244,15555,segundo,15.3,4 esquina,8.2,1,5,3
12244,23335,primero,50.3,4 esquina,48.9,0,4,3
12244,23345,primero,43.0,4 centro,33.4,0,4,3
12244,23355,primero,36.7,4 centro,28.9,0,5,3
12244,23445,segundo,17.3,4 esquina,13.3,1,5,3
12244,23455,segundo,17.3,4 esquina,11.4,1,5,3
12244,23555,segundo,15.3,4 esquina,8.2,1,5,3
12244,24444,segundo,20.7,4 centro,16.2,1,1,3
12244,24445,segundo,15.3,4 esquina,8.7,1,5,3
12244,24455,segundo,15.3,4 esquina,8.2,1,5,3
12244,24555,segundo,15.3,4 esquina,8.2,1,5,3
12244,25555,segundo,15.3,4 esquina,8.2,1,5,3
12244,33335,primero,49.7,4 centro,47.1,0,4,3
12244,33345,primero,43.3,4 centro,33.7,0,4,3
12244,33355,primero,36.7,4 centro,28.9,0,5,3
12244,33445,segundo,17.3,4 esquina,13.3,1,5,3
12244,33455,segundo,17.3,4 esquina,11.4,1,5,3
12244,33555,segundo,15.3,4 esquina,8.2,1,5,3
12244,34444,segundo,20.7,4 centro,16.2,1,1,3
12244,34445,segundo,15.3,4 esquina,8.7,1,5,3
12244,34455,segundo,15.3,4 esquina,8.2,1,5,3
12244,34555,segundo,15.3,4 esquina,8.2,1,5,3
12244,35555,segundo,15.3,4 esquina,8.2,1,5,3
12244,44444,segundo,20.7,4 centro,16.2,1,1,3
12244,44445,segundo,15.3,4 esquina,8.7,1,5,3
12244,44455,segundo,15.3,4 esquina,8.2,1,5,3
12244,44555,segundo,15.3,4 esquina,8.2,1,5,3
12244,45555,segundo,15.3,4 esquina,8.2,1,5,3
12244,55555,segundo,15.3,4 esquina,8.2,1,5,3
12245,14555,segundo,16.7,5 esquina,11.7,1,3,3
12245,15555,segundo,16.7,5 esquina,11.7,1,3,3
12245,24555,segundo,16.7,5 esquina,11.7,1,3,3
12245,25555,segundo,16.7,5 esquina,11.7,1,3,3
12245,34555,segundo,16.7,5 esquina,11.7,1,3,3
12245,35555,segundo,16.7,5 esquina,11.7,1,3,3
12245,44555,segundo,16.7,5 esquina,11.7,1,3,3
12245,45555,segundo,16.7,5 esquina,11.7,1,3,3
12245,55555,segundo,16.7,5 esquina,11.7,1,3,3
12255,15555,segundo,20.7,5 centro,16.2,1,1,3
12255,25555,segundo,20.7,5 centro,16.2,1,1,3
12255,35555,segundo,20.7,5 centro,16.2,1,1,3
12255,45555,segundo,20.7,5 centro,16.2,1,1,3
12255,55555,segundo,20.7,5 centro,16.2,1,1,3
12333,11224,primero,88.0,3 esquina,84.4,0,3,3
12333,11225,primero,88.0,3 esquina,84.4,0,3,3
12333,11234,primero,72.3,3 centro,59.8,0,4,3
12333,11235,primero,72.3,3 centro,59.8,0,4,3
12333,11244,primero,52.3,3 centro,37.1,0,5,3
12333,11245,primero,52.3,3 centro,37.1,0,5,3
12333,11255,primero,52.3,3 centro,37.1,0,5,3
12333,11334,tablas,23.0,3 centro,19.9,0,5,3
12333,11335,tablas,23.0,3 centro,19.9,0,5,3
12333,11344,segundo,18.0,3 esquina,12.3,1,5,3
12333,11345,segundo,18.0,3 esquina,12.3,1,5,3
12333,11355,segundo,18.0,3 esquina,12.3,1,5,3
12333,11444,segundo,15.3,3 esquina,8.2,1,5,3
12333,11445,segundo,15.3,3 esquina,8.2,1,5,3
12333,11455,segundo,15.3,3 esquina,8.2,1,5,3
12333,11555,segundo,15.3,3 esquina,8.2,1,5,3
12333,12234,primero,69.7,3 centro,57.1,0,4,3
12333,12235,primero,69.7,3 centro,57.1,0,4,3
12333,12244,primero,47.3,3 centro,35.0,0,5,3
12333,12245,primero,47.3,3 centro,35.0,0,5,3
12333,12255,primero,47.3,3 centro,35.0,0,5,3
12333,12334,segundo,22.0,3 centro,19.2,1,5,3
12333,12335,segundo,22.0,3 centro,19.2,1,5,3
12333,12344,segundo,18.0,3 esquina,12.3,1,5,3
12333,12345,segundo,18.0,3 esquina,12.3,1,5,3
12333,12355,segundo,18.0,3 esquina,12.3,1,5,3
12333,12444,segundo,15.3,3 esquina,8.2,1,5,3
12333,12445,segundo,15.3,3 esquina,8.2,1,5,3
12333,12455,segundo,15.3,3 esquina,8.2,1,5,3
12333,12555,segundo,15.3,3 esquina,8.2,1,5,3
12333,13333,tablas,42.0,3 centro,32.6,0,1,3
12333,13334,segundo,16.7,3 esquina,10.8,1,5,3
12333,13335,segundo,16.7,3 esquina,10.8,1,5,3
12333,13344,segundo,15.7,3 esquina,8.4,1,5,3
12333,13345,segundo,15.7,3 esquina,8.4,1,5,3
12333,13355,segundo,15.7,3 esquina,8.4,1,5,3
12333,13444,segundo,15.3,3 esquina,8.2,1,5,3
12333,13445,segundo,15.3,3 esquina,8.2,1,5,3
12333,13455,segundo,15.3,3 esquina,8.2,1,5,3
12333,13555,segundo,15.3,3 esquina,8.2,1,5,3
12333,14444,segundo,15.3,3 esquina,8.2,1,5,3
12333,14445,segundo,15.3,3 esquina,8.2,1,5,3
12333,14455,segundo,15.3,3 esquina,8.2,1,5,3
12333,14555,segundo,15.3,3 esquina,8.2,1,5,3
12333,15555,segundo,15.3,3 esquina,8.2,1,5,3
12333,22334,segundo,21.7,3 esquina,18.7,1,5,3
12333,22335,segundo,21.7,3 esquina,18.7,1,5,3
12333,22344,segundo,18.0,3 esquina,12.3,1,5,3
12333,22345,segundo,18.0,3 esquina,12.3,1,5,3
12333,22355,segundo,18.0,3 esquina,12.3,1,5,3
12333,22444,segundo,15.3,3 esquina,8.2,1,5,3
12333,22445,segundo,15.3,3 esquina,8.2,1,5,3
12333,22455,segundo,15.3,3 esquina,8.2,1,5,3
12333,22555,segundo,15.3,3 esquina,8.2,1,5,3
12333,23333,tablas,33.7,3 centro,27.4,0,1,3
12333,23334,segundo,16.7,3 esquina,10.7,1,5,3
12333,23335,segundo,16.7,3 esquina,10.7,1,5,3
12333,23344,segundo,15.7,3 esquina,8.4,1,5,3
12333,23345,segundo,15.7,3 esquina,8.4,1,5,3
12333,23355,segundo,15.7,3 esquina,8.4,1,5,3
12333,23444,segundo,15.3,3 esquina,8.2,1,5,3
12333,23445,segundo,15.3,3 esquina,8.2,1,5,3
12333,23455,segundo,15.3,3 esquina,8.2,1,5,3
12333,23555,segundo,15.3,3 esquina,8.2,1,5,3
12333,24444,segundo,15.3,3 esquina,8.2,1,5,3
12333,24445,segundo,15.3,3 esquina,8.2,1,5,3
12333,24455,segundo,15.3,3 esquina,8.2,1,5,3
12333,24555,segundo,15.3,3 esquina,8.2,1,5,3
12333,25555,segundo,15.3,3 esquina,8.2,1,5,3
12333,33333,tablas,33.7,3 centro,27.1,0,1,3
12333,33334,segundo,16.7,3 esquina,10.7,1,5,3
12333,33335,segundo,16.7,3 esquina,10.7,1,5,3
12333,33344,segundo,15.7,3 esquina,8.4,1,5,3
12333,33345,segundo,15.7,3 esquina,8.4,1,5,3
12333,33355,segundo,15.7,3 esquina,8.4,1,5,3
12333,33444,segundo,15.3,3 esquina,8.2,1,5,3
12333,33445,segundo,15.3,3 esquina,8.2,1,5,3
12333,33455,segundo,15.3,3 esquina,8.2,1,5,3
12333,33555,segundo,15.3,3 esquina,8.2,1,5,3
12333,34444,segundo,15.3,3 esquina,8.2,1,5,3
12333,34445,segundo,15.3,3 esquina,8.2,1,5,3
12333,34455,segundo,15.3,3 esquina,8.2,1,5,3
12333,34555,segundo,15.3,3 esquina,8.2,1,5,3
12333,35555,segundo,15.3,3 esquina,8.2,1,5,3
12333,44444,segundo,15.3,3 esquina,8.2,1,5,3
12333,44445,segundo,15.3,3 esquina,8.2,1,5,3
12333,44455,segundo,15.3,3 esquina,8.2,1,5,3
12333,44555,segundo,15.3,3 esquina,8.2,1,5,3
12333,45555,segundo,15.3,3 esquina,8.2,1,5,3
12333,55555,segundo,15.3,3 esquina,8.2,1,5,3
12334,11225,primero,88.0,4 esquina,84.4,0,3,3
12334,11235,primero,79.0,4 centro,69.8,0,4,3
12334,11245,primero,57.3,4 centro,41.8,0,4,3
12334,11255,primero,52.3,4 centro,37.3,0,5,3
12334,11335,primero,53.3,4 lado,49.2,0,5,3
12334,11345,primero,33.7,4 centro,27.7,0,5,3
12334,11355,primero,30.3,4 centro,25.3,0,5,3
12334,11445,segundo,15.3,4 esquina,10.7,1,5,3
12334,11455,segundo,15.3,4 esquina,8.2,1,5,3
12334,11555,segundo,15.3,4 esquina,8.2,1,5,3
12334,12235,primero,76.3,4 centro,67.7,0,4,3
12334,12245,primero,55.7,4 centro,40.3,0,4,3
12334,12255,primero,47.3,4 centro,35.1,0,5,3
12334,12335,primero,49.7,4 lado,47.1,0,5,3
12334,12345,primero,29.7,4 centro,26.1,0,5,3
12334,12355,primero,28.3,4 esquina,24.4,0,5,3
12334,12445,segundo,15.3,4 esquina,10.7,1,5,3
12334,12455,segundo,15.3,4 esquina,8.2,1,5,3
12334,12555,segundo,15.3,4 esquina,8.2,1,5,3
12334,13335,tablas,41.3,4 lado,35.3,0,5,3
12334,13345,segundo,27.0,4 centro,22.9,1,5,3
12334,13355,segundo,26.7,4 centro,21.9,1,5,3
12334,13444,segundo,16.7,4 esquina,11.7,1,3,3
12334,13445,segundo,15.3,4 esquina,8.4,1,5,3
12334,13455,segundo,15.3,4 esquina,8.2,1,5,3
12334,13555,segundo,15.3,4 esquina,8.2,1,5,3
12334,14444,segundo,16.7,4 esquina,11.7,1,3,3
12334,14445,segundo,15.3,4 esquina,8.4,1,5,3
12334,14455,segundo,15.3,4 esquina,8.2,1,5,3
12334,14555,segundo,15.3,4 esquina,8.2,1,5,3
12334,15555,segundo,15.3,4 esquina,8.2,1,5,3
12334,22335,primero,48.0,4 centro,46.2,0,5,3
12334,22345,primero,28.3,4 centro,25.6,0,5,3
12334,22355,primero,28.3,4 esquina,24.3,0,5,3
12334,22445,segundo,15.3,4 esquina,9.8,1,5,3
12334,22455,segundo,15.3,4 esquina,8.2,1,5,3
12334,22555,segundo,15.3,4 esquina,8.2,1,5,3
12334,23335,tablas,41.0,4 lado,35.2,0,5,3
12334,23345,segundo,27.0,4 centro,22.9,1,5,3
12334,23355,segundo,26.7,4 centro,21.9,1,5,3
12334,23444,segundo,16.7,4 esquina,11.7,1,3,3
12334,23445,segundo,15.3,4 esquina,8.4,1,5,3
12334,23455,segundo,15.3,4 esquina,8.2,1,5,3
12334,23555,segundo,15.3,4 esquina,8.2,1,5,3
12334,24444,segundo,16.7,4 esquina,11.7,1,3,3
12334,24445,segundo,15.3,4 esquina,8.4,1,5,3
12334,24455,segundo,15.3,4 esquina,8.2,1,5,3
12334,24555,segundo,15.3,4 esquina,8.2,1,5,3
12334,25555,segundo,15.3,4 esquina,8.2,1,5,3
12334,33335,segundo,40.0,4 lado,34.6,1,5,3
12334,33345,segundo,27.0,4 centro,22.9,1,5,3
12334,33355,segundo,26.7,4 centro,21.9,1,5,3
12334,33444,segundo,16.7,4 esquina,11.7,1,3,3
12334,33445,segundo,15.3,4 esquina,8.4,1,5,3
12334,33455,segundo,15.3,4 esquina,8.2,1,5,3
12334,33555,segundo,15.3,4 esquina,8.2,1,5,3
12334,34444,segundo,16.7,4 esquina,11.7,1,3,3
12334,34445,segundo,15.3,4 esquina,8.4,1,5,3
12334,34455,segundo,15.3,4 esquina,8.2,1,5,3
12334,34555,segundo,15.3,4 esquina,8.2,1,5,3
12334,35555,segundo,15.3,4 esquina,8.2,1,5,3
12334,44444,segundo,16.7,4 esquina,11.7,1,3,3
12334,44445,segundo,15.3,4 esquina,8.4,1,5,3
12334,44455,segundo,15.3,4 esquina,8.2,1,5,3
12334,44555,segundo,15.3,4 esquina,8.2,1,5,3
12334,45555,segundo,15.3,4 esquina,8.2,1,5,3
12334,55555,segundo,15.3,4 esquina,8.2,1,5,3
12335,13555,segundo,16.7,5 esquina,11.7,1,3,3
12335,14555,segundo,16.7,5 esquina,11.7,1,3,3
12335,15555,segundo,16.7,5 esquina,11.7,1,3,3
12335,23555,segundo,16.7,5 esquina,11.7,1,3,3
12335,24555,segundo,16.7,5 esquina,11.7,1,3,3
12335,25555,segundo,16.7,5 esquina,11.7,1,3,3
12335,33555,segundo,16.7,5 esquina,11.7,1,3,3
12335,34555,segundo,16.7,5 esquina,11.7,1,3,3
12335,35555,segundo,16.7,5 esquina,11.7,1,3,3
12335,44555,segundo,16.7,5 esquina,11.7,1,3,3
12335,45555,segundo,16.7,5 esquina,11.7,1,3,3
12335,55555,segundo,16.7,5 esquina,11.7,1,3,3
12344,11225,primero,88.0,4 esquina,84.4,0,3,3
12344,11235,primero,83.7,4 centro,78.2,0,4,3
12344,11245,primero,62.3,4 centro,48.8,0,4,3
12344,11255,primero,52.3,4 centro,37.3,0,5,3
12344,11335,primero,73.7,4 centro,69.8,0,4,3
12344,11345,primero,53.3,4 centro,40.2,0,4,3
12344,11355,primero,47.3,4 centro,34.4,0,5,3
12344,11445,segundo,17.3,4 esquina,13.9,1,5,3
12344,11455,segundo,17.3,4 esquina,11.4,1,5,3
12344,11555,segundo,15.3,4 esquina,8.2,1,5,3
12344,12235,primero,81.7,4 centro,76.1,0,4,3
12344,12245,primero,60.7,4 centro,47.1,0,4,3
12344,12255,primero,47.3,4 centro,35.1,0,5,3
12344,12335,primero,72.7,4 centro,68.6,0,4,3
12344,12345,primero,52.0,4 centro,39.6,0,4,3
12344,12355,primero,42.7,4 centro,32.6,0,5,3
12344,12445,segundo,17.3,4 esquina,13.9,1,5,3
12344,12455,segundo,17.3,4 esquina,11.4,1,5,3
12344,12555,segundo,15.3,4 esquina,8.2,1,5,3
12344,13335,primero,61.0,4 esquina,59.0,0,4,3
12344,13345,primero,46.0,4 centro,36.4,0,4,3
12344,13355,primero,38.3,4 centro,30.7,0,5,3
12344,13445,segundo,17.3,4 esquina,13.3,1,5,3
12344,13455,segundo,17.3,4 esquina,11.4,1,5,3
12344,13555,segundo,15.3,4 esquina,8.2,1,5,3
12344,14444,segundo,20.7,4 centro,16.2,1,1,3
12344,14445,segundo,15.3,4 esquina,8.7,1,5,3
12344,14455,segundo,15.3,4 esquina,8.2,1,5,3
12344,14555,segundo,15.3,4 esquina,8.2,1,5,3
12344,15555,segundo,15.3,4 esquina,8.2,1,5,3
12344,22335,primero,69.0,4 centro,66.4,0,4,3
12344,22345,primero,50.7,4 centro,39.0,0,4,3
12344,22355,primero,41.7,4 centro,32.0,0,5,3
12344,22445,segundo,17.3,4 esquina,13.6,1,5,3
12344,22455,segundo,17.3,4 esquina,11.4,1,5,3
12344,22555,segundo,15.3,4 esquina,8.2,1,5,3
12344,23335,primero,60.3,4 esquina,58.2,0,4,3
12344,23345,primero,46.0,4 centro,36.3,0,4,3
12344,23355,primero,38.7,4 centro,30.7,0,5,3
12344,23445,segundo,17.3,4 esquina,13.3,1,5,3
12344,23455,segundo,17.3,4 esquina,11.4,1,5,3
12344,23555,segundo,15.3,4 esquina,8.2,1,5,3
12344,24444,segundo,20.7,4 centro,16.2,1,1,3
12344,24445,segundo,15.3,4 esquina,8.7,1,5,3
12344,24455,segundo,15.3,4 esquina,8.2,1,5,3
12344,24555,segundo,15.3,4 esquina,8.2,1,5,3
12344,25555,segundo,15.3,4 esquina,8.2,1,5,3
12344,33335,primero,59.3,4 esquina,55.9,0,4,3
12344,33345,primero,45.7,4 centro,35.7,0,4,3
12344,33355,primero,38.0,4 centro,30.3,0,5,3
12344,33445,segundo,17.3,4 esquina,13.3,1,5,3
12344,33455,segundo,17.3,4 esquina,11.4,1,5,3
12344,33555,segundo,15.3,4 esquina,8.2,1,5,3
12344,34444,segundo,20.7,4 centro,16.2,1,1,3
12344,34445,segundo,15.3,4 esquina,8.7,1,5,3
12344,34455,segundo,15.3,4 esquina,8.2,1,5,3
12344,34555,segundo,15.3,4 esquina,8.2,1,5,3
12344,35555,segundo,15.3,4 esquina,8.2,1,5,3
12344,44444,segundo,20.7,4 centro,16.2,1,1,3
12344,44445,segundo,15.3,4 esquina,8.7,1,5,3
12344,44455,segundo,15.3,4 esquina,8.2,1,5,3
12344,44555,segundo,15.3,4 esquina,8.2,1,5,3
12344,45555,segundo,15.3,4 esquina,8.2,1,5,3
12344,55555,segundo,15.3,4 esquina,8.2,1,5,3
12345,14555,segundo,16.7,5 esquina,11.7,1,3,3
12345,15555,segundo,16.7,5 esquina,11.7,1,3,3
12345,24555,segundo,16.7,5 esquina,11.7,1,3,3
12345,25555,segundo,16.7,5 esquina,11.7,1,3,3
12345,34555,segundo,16.7,5 esquina,11.7,1,3,3
12345,35555,segundo,16.7,5 esquina,11.7,1,3,3
12345,44555,segundo,16.7,5 esquina,11.7,1,3,3
12345,45555,segundo,16.7,5 esquina,11.7,1,3,3
12345,55555,segundo,16.7,5 esquina,11.7,1,3,3
12355,15555,segundo,20.7,5 centro,16.2,1,1,3
12355,25555,segundo,20.7,5 centro,16.2,1,1,3
12355,35555,segundo,20.7,5 centro,16.2,1,1,3
12355,45555,segundo,20.7,5 centro,16.2,1,1,3
12355,55555,segundo,20.7,5 centro,16.2,1,1,3
12444,11225,primero,88.0,4 esquina,84.4,0,3,3
12444,11235,primero,84.3,4 esquina,81.1,0,3,3
12444,11245,primero,72.3,4 centro,59.8,0,4,3
12444,11255,primero,52.3,4 centro,37.1,0,5,3
12444,11335,primero,80.7,4 esquina,77.8,0,3,3
12444,11345,primero,64.7,4 centro,52.7,0,4,3
12444,11355,primero,52.3,4 centro,36.7,0,5,3
12444,11445,tablas,23.0,4 centro,19.9,0,5,3
12444,11455,segundo,18.0,4 esquina,12.3,1,5,3
12444,11555,segundo,15.3,4 esquina,8.2,1,5,3
12444,12235,primero,83.0,4 centro,79.4,0,3,3
12444,12245,primero,69.7,4 centro,57.1,0,4,3
12444,12255,primero,47.3,4 centro,35.0,0,5,3
12444,12335,primero,80.3,4 centro,77.2,0,3,3
12444,12345,primero,63.3,4 centro,51.3,0,4,3
12444,12355,primero,47.3,4 centro,34.7,0,5,3
12444,12445,segundo,22.0,4 centro,19.2,1,5,3
12444,12455,segundo,18.0,4 esquina,12.3,1,5,3
12444,12555,segundo,15.3,4 esquina,8.2,1,5,3
12444,13335,primero,79.0,4 esquina,75.7,0,3,3
12444,13345,primero,62.3,4 centro,50.7,0,4,3
12444,13355,primero,48.3,4 centro,35.2,0,5,3
12444,13445,segundo,22.0,4 centro,19.2,1,5,3
12444,13455,segundo,18.0,4 esquina,12.3,1,5,3
12444,13555,segundo,15.3,4 esquina,8.2,1,5,3
12444,14444,tablas,42.0,4 centro,32.6,0,1,3
12444,14445,segundo,16.7,4 esquina,10.8,1,5,3
12444,14455,segundo,15.7,4 esquina,8.4,1,5,3
12444,14555,segundo,15.3,4 esquina,8.2,1,5,3
12444,15555,segundo,15.3,4 esquina,8.2,1,5,3
12444,22335,primero,80.0,4 esquina,76.4,0,3,3
12444,22345,primero,62.3,4 centro,50.9,0,4,3
12444,22355,primero,46.7,4 centro,34.3,0,5,3
12444,22445,segundo,21.7,4 esquina,18.7,1,5,3
12444,22455,segundo,18.0,4 esquina,12.3,1,5,3
12444,22555,segundo,15.3,4 esquina,8.2,1,5,3
12444,23335,primero,79.0,4 esquina,75.6,0,3,3
12444,23345,primero,61.0,4 centro,50.2,0,4,3
12444,23355,primero,47.3,4 centro,34.8,0,5,3
12444,23445,segundo,21.7,4 esquina,18.7,1,5,3
12444,23455,segundo,18.0,4 esquina,12.3,1,5,3
12444,23555,segundo,15.3,4 esquina,8.2,1,5,3
12444,24444,tablas,33.7,4 centro,27.4,0,1,3
12444,24445,segundo,16.7,4 esquina,10.7,1,5,3
12444,24455,segundo,15.7,4 esquina,8.4,1,5,3
12444,24555,segundo,15.3,4 esquina,8.2,1,5,3
12444,25555,segundo,15.3,4 esquina,8.2,1,5,3
12444,33335,primero,79.0,4 esquina,74.7,0,3,3
12444,33345,primero,61.0,4 centro,50.0,0,4,3
12444,33355,primero,47.3,4 centro,34.9,0,5,3
12444,33445,segundo,21.7,4 esquina,18.7,1,5,3
12444,33455,segundo,18.0,4 esquina,12.3,1,5,3
12444,33555,segundo,15.3,4 esquina,8.2,1,5,3
12444,34444,tablas,33.7,4 centro,27.3,0,1,3
12444,34445,segundo,16.7,4 esquina,10.7,1,5,3
12444,34455,segundo,15.7,4 esquina,8.4,1,5,3
12444,34555,segundo,15.3,4 esquina,8.2,1,5,3
12444,35555,segundo,15.3,4 esquina,8.2,1,5,3
12444,44444,tablas,33.7,4 centro,27.1,0,1,3
12444,44445,segundo,16.7,4 esquina,10.7,1,5,3
12444,44455,segundo,15.7,4 esquina,8.4,1,5,3
12444,44555,segundo,15.3,4 esquina,8.2,1,5,3
12444,45555,segundo,15.3,4 esquina,8.2,1,5,3
12444,55555,segundo,15.3,4 esquina,8.2,1,5,3
12445,14555,segundo,16.7,5 esquina,11.7,1,3,3
12445,15555,segundo,16.7,5 esquina,11.7,1,3,3
12445,24555,segundo,16.7,5 esquina,11.7,1,3,3
12445,25555,segundo,16.7,5 esquina,11.7,1,3,3
12445,34555,segundo,16.7,5 esquina,11.7,1,3,3
12445,35555,segundo,16.7,5 esquina,11.7,1,3,3
12445,44555,segundo,16.7,5 esquina,11.7,1,3,3
12445,45555,segundo,16.7,5 esquina,11.7,1,3,3
12445,55555,segundo,16.7,5 esquina,11.7,1,3,3
12455,15555,segundo,20.7,5 centro,16.2,1,1,3
12455,25555,segundo,20.7,5 centro,16.2,1,1,3
12455,35555,segundo,20.7,5 centro,16.2,1,1,3
12455,45555,segundo,20.7,5 centro,16.2,1,1,3
12455,55555,segundo,20.7,5 centro,16.2,1,1,3
12555,15555,tablas,42.0,5 centro,32.6,0,1,3
12555,25555,tablas,33.7,5 centro,27.4,0,1,3
12555,35555,tablas,33.7,5 centro,27.3,0,1,3
12555,45555,tablas,33.7,5 centro,27.3,0,1,3
12555,55555,tablas,33.7,5 centro,27.1,0,1,3
13333,11224,primero,89.0,3 esquina,86.6,0,3,3
13333,11225,primero,89.0,3 esquina,86.6,0,3,3
13333,11234,primero,76.0,3 centro,66.2,0,4,3
13333,11235,primero,76.0,3 centro,66.2,0,4,3
13333,11244,primero,52.7,3 centro,38.3,0,5,3
13333,11245,primero,52.7,3 centro,38.3,0,5,3
13333,11255,primero,52.7,3 centro,38.3,0,5,3
13333,11334,primero,40.0,3 centro,32.0,0,5,3
13333,11335,primero,40.0,3 centro,32.0,0,5,3
13333,11344,segundo,18.7,3 esquina,13.4,1,5,3
13333,11345,segundo,18.7,3 esquina,13.4,1,5,3
13333,11355,segundo,18.7,3 esquina,13.4,1,5,3
13333,11444,segundo,15.3,3 esquina,8.2,1,5,3
13333,11445,segundo,15.3,3 esquina,8.2,1,5,3
13333,11455,segundo,15.3,3 esquina,8.2,1,5,3
13333,11555,segundo,15.3,3 esquina,8.2,1,5,3
13333,12224,primero,89.0,3 esquina,86.6,0,3,3
13333,12225,primero,89.0,3 esquina,86.6,0,3,3
13333,12234,primero,75.7,3 centro,65.9,0,4,3
13333,12235,primero,75.7,3 centro,65.9,0,4,3
13333,12244,primero,52.7,3 centro,38.4,0,5,3
13333,12245,primero,52.7,3 centro,38.4,0,5,3
13333,12255,primero,52.7,3 centro,38.4,0,5,3
13333,12334,primero,40.0,3 centro,32.0,0,5,3
13333,12335,primero,40.0,3 centro,32.0,0,5,3
13333,12344,segundo,18.7,3 esquina,13.4,1,5,3
13333,12345,segundo,18.7,3 esquina,13.4,1,5,3
13333,12355,segundo,18.7,3 esquina,13.4,1,5,3
13333,12444,segundo,15.3,3 esquina,8.2,1,5,3
13333,12445,segundo,15.3,3 esquina,8.2,1,5,3
13333,12455,segundo,15.3,3 esquina,8.2,1,5,3
13333,12555,segundo,15.3,3 esquina,8.2,1,5,3
13333,13333,primero,79.7,3 centro,56.6,0,1,3
13333,13334,segundo,19.7,3 esquina,13.2,1,5,3
13333,13335,segundo,19.7,3 esquina,13.2,1,5,3
13333,13344,segundo,16.0,3 esquina,8.6,1,5,3
13333,13345,segundo,16.0,3 esquina,8.6,1,5,3
13333,13355,segundo,16.0,3 esquina,8.6,1,5,3
13333,13444,segundo,15.3,3 esquina,8.2,1,5,3
13333,13445,segundo,15.3,3 esquina,8.2,1,5,3
13333,13455,segundo,15.3,3 esquina,8.2,1,5,3
13333,13555,segundo,15.3,3 esquina,8.2,1,5,3
13333,14444,segundo,15.3,3 esquina,8.2,1,5,3
13333,14445,segundo,15.3,3 esquina,8.2,1,5,3
13333,14455,segundo,15.3,3 esquina,8.2,1,5,3
13333,14555,segundo,15.3,3 esquina,8.2,1,5,3
13333,15555,segundo,15.3,3 esquina,8.2,1,5,3
13333,22234,primero,75.3,3 centro,65.8,0,4,3
13333,22235,primero,75.3,3 centro,65.8,0,4,3
13333,22244,primero,52.3,3 centro,38.3,0,5,3
13333,22245,primero,52.3,3 centro,38.3,0,5,3
13333,22255,primero,52.3,3 centro,38.3,0,5,3
13333,22334,primero,39.3,3 centro,31.7,0,5,3
13333,22335,primero,39.3,3 centro,31.7,0,5,3
13333,22344,segundo,18.7,3 esquina,13.4,1,5,3
13333,22345,segundo,18.7,3 esquina,13.4,1,5,3
13333,22355,segundo,18.7,3 esquina,13.4,1,5,3
13333,22444,segundo,15.3,3 esquina,8.2,1,5,3
13333,22445,segundo,15.3,3 esquina,8.2,1,5,3
13333,22455,segundo,15.3,3 esquina,8.2,1,5,3
13333,22555,segundo,15.3,3 esquina,8.2,1,5,3
13333,23333,primero,79.7,3 centro,56.6,0,1,3
13333,23334,segundo,19.7,3 esquina,13.2,1,5,3
13333,23335,segundo,19.7,3 esquina,13.2,1,5,3
13333,23344,segundo,16.0,3 esquina,8.6,1,5,3
13333,23345,segundo,16.0,3 esquina,8.6,1,5,3
13333,23355,segundo,16.0,3 esquina,8.6,1,5,3
13333,23444,segundo,15.3,3 esquina,8.2,1,5,3
13333,23445,segundo,15.3,3 esquina,8.2,1,5,3
13333,23455,segundo,15.3,3 esquina,8.2,1,5,3
13333,23555,segundo,15.3,3 esquina,8.2,1,5,3
13333,24444,segundo,15.3,3 esquina,8.2,1,5,3
13333,24445,segundo,15.3,3 esquina,8.2,1,5,3
13333,24455,segundo,15.3,3 esquina,8.2,1,5,3
13333,24555,segundo,15.3,3 esquina,8.2,1,5,3
13333,25555,segundo,15.3,3 esquina,8.2,1,5,3
13333,33333,primero,51.3,3 centro,35.7,0,1,3
13333,33334,segundo,17.7,3 esquina,11.2,1,5,3
13333,33335,segundo,17.7,3 esquina,11.2,1,5,3
13333,33344,segundo,16.0,3 esquina,8.6,1,5,3
13333,33345,segundo,16.0,3 esquina,8.6,1,5,3
13333,33355,segundo,16.0,3 esquina,8.6,1,5,3
13333,33444,segundo,15.3,3 esquina,8.2,1,5,3
13333,33445,segundo,15.3,3 esquina,8.2,1,5,3
13333,33455,segundo,15.3,3 esquina,8.2,1,5,3
13333,33555,segundo,15.3,3 esquina,8.2,1,5,3
13333,34444,segundo,15.3,3 esquina,8.2,1,5,3
13333,34445,segundo,15.3,3 esquina,8.2,1,5,3
13333,34455,segundo,15.3,3 esquina,8.2,1,5,3
13333,34555,segundo,15.3,3 esquina,8.2,1,5,3
13333,35555,segundo,15.3,3 esquina,8.2,1,5,3
13333,44444,segundo,15.3,3 esquina,8.2,1,5,3
13333,44445,segundo,15.3,3 esquina,8.2,1,5,3
13333,44455,segundo,15.3,3 esquina,8.2,1,5,3
13333,44555,segundo,15.3,3 esquina,8.2,1,5,3
13333,45555,segundo,15.3,3 esquina,8.2,1,5,3
13333,55555,segundo,15.3,3 esquina,8.2,1,5,3
13334,11225,primero,89.0,4 esquina,86.6,0,3,3
13334,11235,primero,82.3,4 centro,74.7,0,4,3
13334,11245,primero,58.3,4 centro,43.0,0,4,3
13334,11255,primero,52.7,4 centro,38.3,0,5,3
13334,11335,primero,61.3,4 lado,57.3,0,5,3
13334,11345,primero,34.0,4 centro,28.2,0,5,3
13334,11355,primero,30.3,4 centro,25.0,0,5,3
13334,11445,segundo,15.3,4 esquina,10.7,1,5,3
13334,11455,segundo,15.3,4 esquina,8.2,1,5,3
13334,11555,segundo,15.3,4 esquina,8.2,1,5,3
13334,12225,primero,89.0,4 esquina,86.6,0,3,3
13334,12235,primero,82.0,4 centro,74.4,0,4,3
13334,12245,primero,58.3,4 centro,42.9,0,4,3
13334,12255,primero,52.7,4 centro,38.3,0,5,3
13334,12335,primero,61.3,4 lado,57.1,0,5,3
13334,12345,primero,34.0,4 centro,28.1,0,5,3
13334,12355,primero,30.0,4 centro,24.9,0,5,3
13334,12445,segundo,15.3,4 esquina,10.7,1,5,3
13334,12455,segundo,15.3,4 esquina,8.2,1,5,3
13334,12555,segundo,15.3,4 esquina,8.2,1,5,3
13334,13335,tablas,52.7,4 lado,42.6,0,5,3
13334,13345,segundo,27.3,4 centro,23.6,1,5,3
13334,13355,segundo,26.7,4 centro,21.9,1,5,3
13334,13444,segundo,16.7,4 esquina,11.7,1,3,3
13334,13445,segundo,15.3,4 esquina,8.4,1,5,3
13334,13455,segundo,15.3,4 esquina,8.2,1,5,3
13334,13555,segundo,15.3,4 esquina,8.2,1,5,3
13334,14444,segundo,16.7,4 esquina,11.7,1,3,3
13334,14445,segundo,15.3,4 esquina,8.4,1,5,3
13334,14455,segundo,15.3,4 esquina,8.2,1,5,3
13334,14555,segundo,15.3,4 esquina,8.2,1,5,3
13334,15555,segundo,15.3,4 esquina,8.2,1,5,3
13334,22235,primero,82.0,4 centro,74.4,0,4,3
13334,22245,primero,57.7,4 centro,42.7,0,4,3
13334,22255,primero,52.3,4 centro,38.2,0,5,3
13334,22335,primero,61.7,4 lado,57.2,0,5,3
13334,22345,primero,33.7,4 centro,28.0,0,5,3
13334,22355,primero,29.7,4 centro,24.8,0,5,3
13334,22445,segundo,15.3,4 esquina,10.7,1,5,3
13334,22455,segundo,15.3,4 esquina,8.2,1,5,3
13334,22555,segundo,15.3,4 esquina,8.2,1,5,3
13334,23335,tablas,52.7,4 lado,42.7,0,5,3
13334,23345,segundo,27.3,4 centro,23.6,1,5,3
13334,23355,segundo,26.7,4 centro,21.9,1,5,3
13334,23444,segundo,16.7,4 esquina,11.7,1,3,3
13334,23445,segundo,15.3,4 esquina,8.4,1,5,3
13334,23455,segundo,15.3,4 esquina,8.2,1,5,3
13334,23555,segundo,15.3,4 esquina,8.2,1,5,3
13334,24444,segundo,16.7,4 esquina,11.7,1,3,3
13334,24445,segundo,15.3,4 esquina,8.4,1,5,3
13334,24455,segundo,15.3,4 esquina,8.2,1,5,3
13334,24555,segundo,15.3,4 esquina,8.2,1,5,3
13334,25555,segundo,15.3,4 esquina,8.2,1,5,3
13334,33335,segundo,46.3,4 lado,39.3,1,5,3
13334,33345,segundo,27.3,4 centro,23.4,1,5,3
13334,33355,segundo,26.7,4 centro,21.9,1,5,3
13334,33444,segundo,16.7,4 esquina,11.7,1,3,3
13334,33445,segundo,15.3,4 esquina,8.4,1,5,3
13334,33455,segundo,15.3,4 esquina,8.2,1,5,3
13334,33555,segundo,15.3,4 esquina,8.2,1,5,3
13334,34444,segundo,16.7,4 esquina,11.7,1,3,3
13334,34445,segundo,15.3,4 esquina,8.4,1,5,3
13334,34455,segundo,15.3,4 esquina,8.2,1,5,3
13334,34555,segundo,15.3,4 esquina,8.2,1,5,3
13334,35555,segundo,15.3,4 esquina,8.2,1,5,3
13334,44444,segundo,16.7,4 esquina,11.7,1,3,3
13334,44445,segundo,15.3,4 esquina,8.4,1,5,3
13334,44455,segundo,15.3,4 esquina,8.2,1,5,3
13334,44555,segundo,15.3,4 esquina,8.2,1,5,3
13334,45555,segundo,15.3,4 esquina,8.2,1,5,3
13334,55555,segundo,15.3,4 esquina,8.2,1,5,3
13335,13555,segundo,16.7,5 esquina,11.7,1,3,3
13335,14555,segundo,16.7,5 esquina,11.7,1,3,3
13335,15555,segundo,16.7,5 esquina,11.7,1,3,3
13335,23555,segundo,16.7,5 esquina,11.7,1,3,3
13335,24555,segundo,16.7,5 esquina,11.7,1,3,3
13335,25555,segundo,16.7,5 esquina,11.7,1,3,3
13335,33555,segundo,16.7,5 esquina,11.7,1,3,3
13335,34555,segundo,16.7,5 esquina,11.7,1,3,3
13335,35555,segundo,16.7,5 esquina,11.7,1,3,3
13335,44555,segundo,16.7,5 esquina,11.7,1,3,3
13335,45555,segundo,16.7,5 esquina,11.7,1,3,3
13335,55555,segundo,16.7,5 esquina,11.7,1,3,3
13344,11225,primero,89.0,4 esquina,86.6,0,3,3
13344,11235,primero,86.0,4 centro,81.4,0,4,3
13344,11245,primero,63.3,4 centro,50.2,0,4,3
13344,11255,primero,52.7,4 centro,38.3,0,5,3
13344,11335,primero,82.0,4 centro,77.2,0,4,3
13344,11345,primero,55.3,4 centro,44.0,0,4,3
13344,11355,primero,47.3,4 centro,34.7,0,5,3
13344,11445,segundo,17.3,4 esquina,13.9,1,5,3
13344,11455,segundo,17.3,4 esquina,11.4,1,5,3
13344,11555,segundo,15.3,4 esquina,8.2,1,5,3
13344,12225,primero,89.0,4 esquina,86.4,0,3,3
13344,12235,primero,86.0,4 centro,81.3,0,4,3
13344,12245,primero,63.3,4 centro,50.2,0,4,3
13344,12255,primero,52.7,4 centro,38.3,0,5,3
13344,12335,primero,81.3,4 centro,76.7,0,4,3
13344,12345,primero,55.3,4 centro,43.9,0,4,3
13344,12355,primero,47.3,4 centro,34.8,0,5,3
13344,12445,segundo,17.3,4 esquina,13.9,1,5,3
13344,12455,segundo,17.3,4 esquina,11.4,1,5,3
13344,12555,segundo,15.3,4 esquina,8.2,1,5,3
13344,13335,primero,69.7,4 centro,69.3,0,4,3
13344,13345,primero,48.3,4 centro,39.4,0,4,3
13344,13355,primero,38.0,4 centro,30.7,0,5,3
13344,13445,segundo,17.3,4 esquina,13.6,1,5,3
13344,13455,segundo,17.3,4 esquina,11.4,1,5,3
13344,13555,segundo,15.3,4 esquina,8.2,1,5,3
13344,14444,segundo,20.7,4 centro,16.2,1,1,3
13344,14445,segundo,15.3,4 esquina,8.7,1,5,3
13344,14455,segundo,15.3,4 esquina,8.2,1,5,3
13344,14555,segundo,15.3,4 esquina,8.2,1,5,3
13344,15555,segundo,15.3,4 esquina,8.2,1,5,3
13344,22235,primero,85.7,4 centro,81.2,0,4,3
13344,22245,primero,62.3,4 centro,49.9,0,4,3
13344,22255,primero,52.3,4 centro,38.2,0,5,3
13344,22335,primero,81.3,4 centro,76.7,0,4,3
13344,22345,primero,54.7,4 centro,43.7,0,4,3
13344,22355,primero,47.0,4 centro,34.7,0,5,3
13344,22445,segundo,17.3,4 esquina,13.9,1,5,3
13344,22455,segundo,17.3,4 esquina,11.4,1,5,3
13344,22555,segundo,15.3,4 esquina,8.2,1,5,3
13344,23335,primero,70.0,4 centro,69.3,0,4,3
13344,23345,primero,48.3,4 centro,39.4,0,4,3
13344,23355,primero,38.3,4 centro,30.8,0,5,3
13344,23445,segundo,17.3,4 esquina,13.6,1,5,3
13344,23455,segundo,17.3,4 esquina,11.4,1,5,3
13344,23555,segundo,15.3,4 esquina,8.2,1,5,3
13344,24444,segundo,20.7,4 centro,16.2,1,1,3
13344,24445,segundo,15.3,4 esquina,8.7,1,5,3
13344,24455,segundo,15.3,4 esquina,8.2,1,5,3
13344,24555,segundo,15.3,4 esquina,8.2,1,5,3
13344,25555,segundo,15.3,4 esquina,8.2,1,5,3
13344,33335,primero,65.7,4 esquina,63.1,0,4,3
13344,33345,primero,47.7,4 centro,38.2,0,4,3
13344,33355,primero,38.0,4 centro,30.6,0,5,3
13344,33445,segundo,17.3,4 esquina,13.6,1,5,3
13344,33455,segundo,17.3,4 esquina,11.4,1,5,3
13344,33555,segundo,15.3,4 esquina,8.2,1,5,3
13344,34444,segundo,20.7,4 centro,16.2,1,1,3
13344,34445,segundo,15.3,4 esquina,8.7,1,5,3
13344,34455,segundo,15.3,4 esquina,8.2,1,5,3
13344,34555,segundo,15.3,4 esquina,8.2,1,5,3
13344,35555,segundo,15.3,4 esquina,8.2,1,5,3
13344,44444,segundo,20.7,4 centro,16.2,1,1,3
13344,44445,segundo,15.3,4 esquina,8.7,1,5,3
13344,44455,segundo,15.3,4 esquina,8.2,1,5,3
13344,44555,segundo,15.3,4 esquina,8.2,1,5,3
13344,45555,segundo,15.3,4 esquina,8.2,1,5,3
13344,55555,segundo,15.3,4 esquina,8.2,1,5,3
13345,14555,segundo,16.7,5 esquina,11.7,1,3,3
13345,15555,segundo,16.7,5 esquina,11.7,1,3,3
13345,24555,segundo,16.7,5 esquina,11.7,1,3,3
13345,25555,segundo,16.7,5 esquina,11.7,1,3,3
13345,34555,segundo,16.7,5 esquina,11.7,1,3,3
13345,35555,segundo,16.7,5 esquina,11.7,1,3,3
13345,44555,segundo,16.7,5 esquina,11.7,1,3,3
13345,45555,segundo,16.7,5 esquina,11.7,1,3,3
13345,55555,segundo,16.7,5 esquina,11.7,1,3,3
13355,15555,segundo,20.7,5 centro,16.2,1,1,3
13355,25555,segundo,20.7,5 centro,16.2,1,1,3
13355,35555,segundo,20.7,5 centro,16.2,1,1,3
13355,45555,segundo,20.7,5 centro,16.2,1,1,3
13355,55555,segundo,20.7,5 centro,16.2,1,1,3
13444,11225,primero,89.0,4 esquina,86.6,0,3,3
13444,11235,primero,88.0,4 esquina,84.8,0,3,3
13444,11245,primero,74.3,4 centro,61.8,0,4,3
13444,11255,primero,52.7,4 centro,38.2,0,5,3
13444,11335,primero,88.0,4 esquina,84.4,0,3,3
13444,11345,primero,72.3,4 centro,59.8,0,4,3
13444,11355,primero,52.3,4 centro,37.1,0,5,3
13444,11445,tablas,23.0,4 centro,19.9,0,5,3
13444,11455,segundo,18.0,4 esquina,12.3,1,5,3
13444,11555,segundo,15.3,4 esquina,8.2,1,5,3
13444,12225,primero,89.0,4 esquina,86.6,0,3,3
13444,12235,primero,87.7,4 esquina,84.6,0,3,3
13444,12245,primero,74.3,4 centro,61.8,0,4,3
13444,12255,primero,52.7,4 centro,38.3,0,5,3
13444,12335,primero,87.3,4 esquina,83.7,0,3,3
13444,12345,primero,72.3,4 centro,59.8,0,4,3
13444,12355,primero,52.3,4 centro,37.2,0,5,3
13444,12445,tablas,23.0,4 centro,19.9,0,5,3
13444,12455,segundo,18.0,4 esquina,12.3,1,5,3
13444,12555,segundo,15.3,4 esquina,8.2,1,5,3
13444,13335,primero,86.0,4 esquina,82.6,0,3,3
13444,13345,primero,69.7,4 centro,57.1,0,4,3
13444,13355,primero,47.3,4 centro,35.0,0,5,3
13444,13445,segundo,22.0,4 centro,19.2,1,5,3
13444,13455,segundo,18.0,4 esquina,12.3,1,5,3
13444,13555,segundo,15.3,4 esquina,8.2,1,5,3
13444,14444,tablas,42.0,4 centro,32.6,0,1,3
13444,14445,segundo,16.7,4 esquina,10.8,1,5,3
13444,14455,segundo,15.7,4 esquina,8.4,1,5,3
13444,14555,segundo,15.3,4 esquina,8.2,1,5,3
13444,15555,segundo,15.3,4 esquina,8.2,1,5,3
13444,22235,primero,87.7,4 esquina,84.4,0,3,3
13444,22245,primero,73.7,4 centro,61.8,0,4,3
13444,22255,primero,52.3,4 centro,38.2,0,5,3
13444,22335,primero,87.3,4 esquina,83.7,0,3,3
13444,22345,primero,71.7,4 centro,59.8,0,4,3
13444,22355,primero,52.0,4 centro,37.1,0,5,3
13444,22445,tablas,22.3,4 centro,19.6,0,5,3
13444,22455,segundo,18.0,4 esquina,12.3,1,5,3
13444,22555,segundo,15.3,4 esquina,8.2,1,5,3
13444,23335,primero,86.0,4 esquina,82.6,0,3,3
13444,23345,primero,69.0,4 centro,57.1,0,4,3
13444,23355,primero,46.7,4 centro,34.8,0,5,3
13444,23445,segundo,21.7,4 esquina,18.8,1,5,3
13444,23455,segundo,18.0,4 esquina,12.3,1,5,3
13444,23555,segundo,15.3,4 esquina,8.2,1,5,3
13444,24444,tablas,42.0,4 centro,32.6,0,1,3
13444,24445,segundo,16.7,4 esquina,10.8,1,5,3
13444,24455,segundo,15.7,4 esquina,8.4,1,5,3
13444,24555,segundo,15.3,4 esquina,8.2,1,5,3
13444,25555,segundo,15.3,4 esquina,8.2,1,5,3
13444,33335,primero,86.0,4 esquina,81.9,0,3,3
13444,33345,primero,68.3,4 centro,56.3,0,4,3
13444,33355,primero,46.7,4 centro,34.8,0,5,3
13444,33445,segundo,21.7,4 esquina,18.7,1,5,3
13444,33455,segundo,18.0,4 esquina,12.3,1,5,3
13444,33555,segundo,15.3,4 esquina,8.2,1,5,3
13444,34444,tablas,33.7,4 centro,27.4,0,1,3
13444,34445,segundo,16.7,4 esquina,10.7,1,5,3
13444,34455,segundo,15.7,4 esquina,8.4,1,5,3
13444,34555,segundo,15.3,4 esquina,8.2,1,5,3
13444,35555,segundo,15.3,4 esquina,8.2,1,5,3
13444,44444,tablas,33.7,4 centro,27.1,0,1,3
13444,44445,segundo,16.7,4 esquina,10.7,1,5,3
13444,44455,segundo,15.7,4 esquina,8.4,1,5,3
13444,44555,segundo,15.3,4 esquina,8.2,1,5,3
13444,45555,segundo,15.3,4 esquina,8.2,1,5,3
13444,55555,segundo,15.3,4 esquina,8.2,1,5,3
13445,14555,segundo,16.7,5 esquina,11.7,1,3,3
13445,15555,segundo,16.7,5 esquina,11.7,1,3,3
13445,24555,segundo,16.7,5 esquina,11.7,1,3,3
13445,25555,segundo,16.7,5 esquina,11.7,1,3,3
13445,34555,segundo,16.7,5 esquina,11.7,1,3,3
13445,35555,segundo,16.7,5 esquina,11.7,1,3,3
13445,44555,segundo,16.7,5 esquina,11.7,1,3,3
13445,45555,segundo,16.7,5 esquina,11.7,1,3,3
13445,55555,segundo,16.7,5 esquina,11.7,1,3,3
13455,15555,segundo,20.7,5 centro,16.2,1,1,3
13455,25555,segundo,20.7,5 centro,16.2,1,1,3
13455,35555,segundo,20.7,5 centro,16.2,1,1,3
13455,45555,segundo,20.7,5 centro,16.2,1,1,3
13455,55555,segundo,20.7,5 centro,16.2,1,1,3
13555,15555,tablas,42.0,5 centro,32.6,0,1,3
13555,25555,tablas,42.0,5 centro,32.6,0,1,3
13555,35555,tablas,33.7,5 centro,27.4,0,1,3
13555,45555,tablas,33.7,5 centro,27.3,0,1,3
13555,55555,tablas,33.7,5 centro,27.1,0,1,3
14444,11225,primero,89.0,4 esquina,86.6,0,3,3
14444,11235,primero,89.0,4 esquina,86.6,0,3,3
14444,11245,primero,76.0,4 centro,66.2,0,4,3
14444,11255,primero,52.7,4 centro,38.3,0,5,3
14444,11335,primero,89.0,4 esquina,86.6,0,3,3
14444,11345,primero,76.0,4 centro,66.2,0,4,3
14444,11355,primero,52.7,4 centro,38.3,0,5,3
14444,11445,primero,40.0,4 centro,32.0,0,5,3
14444,11455,segundo,18.7,4 esquina,13.4,1,5,3
14444,11555,segundo,15.3,4 esquina,8.2,1,5,3
14444,12225,primero,89.0,4 esquina,86.6,0,3,3
14444,12235,primero,89.0,4 esquina,86.6,0,3,3
14444,12245,primero,75.7,4 centro,65.9,0,4,3
14444,12255,primero,52.7,4 centro,38.4,0,5,3
14444,12335,primero,89.0,4 esquina,86.6,0,3,3
14444,12345,primero,75.7,4 centro,65.9,0,4,3
14444,12355,primero,52.7,4 centro,38.4,0,5,3
14444,12445,primero,40.0,4 centro,32.0,0,5,3
14444,12455,segundo,18.7,4 esquina,13.4,1,5,3
14444,12555,segundo,15.3,4 esquina,8.2,1,5,3
14444,13335,primero,89.0,4 esquina,86.6,0,3,3
14444,13345,primero,75.7,4 centro,65.9,0,4,3
14444,13355,primero,52.7,4 centro,38.4,0,5,3
14444,13445,primero,40.0,4 centro,32.0,0,5,3
14444,13455,segundo,18.7,4 esquina,13.4,1,5,3
14444,13555,segundo,15.3,4 esquina,8.2,1,5,3
14444,14444,primero,79.7,4 centro,56.6,0,1,3
14444,14445,segundo,19.7,4 esquina,13.2,1,5,3
14444,14455,segundo,16.0,4 esquina,8.6,1,5,3
14444,14555,segundo,15.3,4 esquina,8.2,1,5,3
14444,15555,segundo,15.3,4 esquina,8.2,1,5,3
14444,22235,primero,89.0,4 esquina,86.4,0,3,3
14444,22245,primero,75.3,4 centro,65.8,0,4,3
14444,22255,primero,52.3,4 centro,38.3,0,5,3
14444,22335,primero,89.0,4 esquina,86.6,0,3,3
14444,22345,primero,75.3,4 centro,65.8,0,4,3
14444,22355,primero,52.3,4 centro,38.3,0,5,3
14444,22445,primero,39.3,4 centro,31.7,0,5,3
14444,22455,segundo,18.7,4 esquina,13.4,1,5,3
14444,22555,segundo,15.3,4 esquina,8.2,1,5,3
14444,23335,primero,89.0,4 esquina,86.6,0,3,3
14444,23345,primero,75.3,4 centro,65.8,0,4,3
14444,23355,primero,52.3,4 centro,38.3,0,5,3
14444,23445,primero,39.3,4 centro,31.7,0,5,3
14444,23455,segundo,18.7,4 esquina,13.4,1,5,3
14444,23555,segundo,15.3,4 esquina,8.2,1,5,3
14444,24444,primero,79.7,4 centro,56.6,0,1,3
14444,24445,segundo,19.7,4 esquina,13.2,1,5,3
14444,24455,segundo,16.0,4 esquina,8.6,1,5,3
14444,24555,segundo,15.3,4 esquina,8.2,1,5,3
14444,25555,segundo,15.3,4 esquina,8.2,1,5,3
14444,33335,primero,89.0,4 esquina,86.4,0,3,3
14444,33345,primero,75.3,4 centro,65.8,0,4,3
14444,33355,primero,52.3,4 centro,38.3,0,5,3
14444,33445,primero,39.3,4 centro,31.7,0,5,3
14444,33455,segundo,18.7,4 esquina,13.4,1,5,3
14444,33555,segundo,15.3,4 esquina,8.2,1,5,3
14444,34444,primero,79.7,4 centro,56.6,0,1,3
14444,34445,segundo,19.7,4 esquina,13.2,1,5,3
14444,34455,segundo,16.0,4 esquina,8.6,1,5,3
14444,34555,segundo,15.3,4 esquina,8.2,1,5,3
14444,35555,segundo,15.3,4 esquina,8.2,1,5,3
14444,44444,primero,51.3,4 centro,35.7,0,1,3
14444,44445,segundo,17.7,4 esquina,11.2,1,5,3
14444,44455,segundo,16.0,4 esquina,8.6,1,5,3
14444,44555,segundo,15.3,4 esquina,8.2,1,5,3
14444,45555,segundo,15.3,4 esquina,8.2,1,5,3
14444,55555,segundo,15.3,4 esquina,8.2,1,5,3
14445,14555,segundo,16.7,5 esquina,11.7,1,3,3
14445,15555,segundo,16.7,5 esquina,11.7,1,3,3
14445,24555,segundo,16.7,5 esquina,11.7,1,3,3
14445,25555,segundo,16.7,5 esquina,11.7,1,3,3
14445,34555,segundo,16.7,5 esquina,11.7,1,3,3
14445,35555,segundo,16.7,5 esquina,11.7,1,3,3
14445,44555,segundo,16.7,5 esquina,11.7,1,3,3
14445,45555,segundo,16.7,5 esquina,11.7,1,3,3
14445,55555,segundo,16.7,5 esquina,11.7,1,3,3
14455,15555,segundo,20.7,5 centro,16.2,1,1,3
14455,25555,segundo,20.7,5 centro,16.2,1,1,3
14455,35555,segundo,20.7,5 centro,16.2,1,1,3
14455,45555,segundo,20.7,5 centro,16.2,1,1,3
14455,55555,segundo,20.7,5 centro,16.2,1,1,3
14555,15555,tablas,42.0,5 centro,32.6,0,1,3
14555,25555,tablas,42.0,5 centro,32.6,0,1,3
14555,35555,tablas,42.0,5 centro,32.6,0,1,3
14555,45555,tablas,33.7,5 centro,27.4,0,1,3
14555,55555,tablas,33.7,5 centro,27.1,0,1,3
15555,15555,primero,79.7,5 centro,56.6,0,1,3
15555,25555,primero,79.7,5 centro,56.6,0,1,3
15555,35555,primero,79.7,5 centro,56.6,0,1,3
15555,45555,primero,79.7,5 centro,56.6,0,1,3
15555,55555,primero,51.3,5 centro,35.7,0,1,3
22233,11134,primero,64.3,3 centro,51.7,0,4,3
22233,11135,primero,64.3,3 centro,51.7,0,4,3
22233,11144,primero,52.0,3 centro,38.6,0,5,3
22233,11145,primero,52.0,3 centro,38.8,0,5,3
22233,11155,primero,52.0,3 centro,38.6,0,5,3
22233,11334,segundo,17.3,3 esquina,13.9,1,5,3
22233,11335,segundo,17.3,3 esquina,13.9,1,5,3
22233,11344,segundo,17.3,3 esquina,11.4,1,5,3
22233,11345,segundo,17.3,3 esquina,11.4,1,5,3
22233,11355,segundo,17.3,3 esquina,11.4,1,5,3
22233,11444,segundo,15.3,3 esquina,8.2,1,5,3
22233,11445,segundo,15.3,3 esquina,8.2,1,5,3
22233,11455,segundo,15.3,3 esquina,8.2,1,5,3
22233,11555,segundo,15.3,3 esquina,8.2,1,5,3
22233,13333,segundo,20.7,3 centro,16.2,1,1,3
22233,13334,segundo,15.3,3 esquina,8.7,1,5,3
22233,13335,segundo,15.3,3 esquina,8.7,1,5,3
22233,13344,segundo,15.3,3 esquina,8.2,1,5,3
22233,13345,segundo,15.3,3 esquina,8.2,1,5,3
22233,13355,segundo,15.3,3 esquina,8.2,1,5,3
22233,13444,segundo,15.3,3 esquina,8.2,1,5,3
22233,13445,segundo,15.3,3 esquina,8.2,1,5,3
22233,13455,segundo,15.3,3 esquina,8.2,1,5,3
22233,13555,segundo,15.3,3 esquina,8.2,1,5,3
22233,14444,segundo,15.3,3 esquina,8.2,1,5,3
22233,14445,segundo,15.3,3 esquina,8.2,1,5,3
22233,14455,segundo,15.3,3 esquina,8.2,1,5,3
22233,14555,segundo,15.3,3 esquina,8.2,1,5,3
22233,15555,segundo,15.3,3 esquina,8.2,1,5,3
22233,33333,segundo,20.7,3 centro,16.2,1,1,3
22233,33334,segundo,15.3,3 esquina,8.7,1,5,3
22233,33335,segundo,15.3,3 esquina,8.7,1,5,3
22233,33344,segundo,15.3,3 esquina,8.2,1,5,3
22233,33345,segundo,15.3,3 esquina,8.2,1,5,3
22233,33355,segundo,15.3,3 esquina,8.2,1,5,3
22233,33444,segundo,15.3,3 esquina,8.2,1,5,3
22233,33445,segundo,15.3,3 esquina,8.2,1,5,3
22233,33455,segundo,15.3,3 esquina,8.2,1,5,3
22233,33555,segundo,15.3,3 esquina,8.2,1,5,3
22233,34444,segundo,15.3,3 esquina,8.2,1,5,3
22233,34445,segundo,15.3,3 esquina,8.2,1,5,3
22233,34455,segundo,15.3,3 esquina,8.2,1,5,3
22233,34555,segundo,15.3,3 esquina,8.2,1,5,3
22233,35555,segundo,15.3,3 esquina,8.2,1,5,3
22233,44444,segundo,15.3,3 esquina,8.2,1,5,3
22233,44445,segundo,15.3,3 esquina,8.2,1,5,3
22233,44455,segundo,15.3,3 esquina,8.2,1,5,3
22233,44555,segundo,15.3,3 esquina,8.2,1,5,3
22233,45555,segundo,15.3,3 esquina,8.2,1,5,3
22233,55555,segundo,15.3,3 esquina,8.2,1,5,3
22234,11135,primero,73.3,4 centro,63.9,0,4,3
22234,11145,primero,58.3,4 centro,43.8,0,4,3
22234,11155,primero,52.0,4 centro,38.9,0,5,3
22234,11335,primero,44.0,4 centro,41.1,0,5,3
22234,11345,primero,32.0,4 centro,26.6,0,5,3
22234,11355,primero,29.0,4 centro,24.8,0,5,3
22234,11445,segundo,15.3,4 esquina,10.7,1,5,3
22234,11455,segundo,15.3,4 esquina,8.2,1,5,3
22234,11555,segundo,15.3,4 esquina,8.2,1,5,3
22234,13335,segundo,30.7,4 lado,28.8,1,5,3
22234,13345,segundo,25.7,4 centro,21.3,1,5,3
22234,13355,segundo,25.7,4 centro,21.1,1,5,3
22234,13444,segundo,16.7,4 esquina,11.7,1,3,3
22234,13445,segundo,15.3,4 esquina,8.4,1,5,3
22234,13455,segundo,15.3,4 esquina,8.2,1,5,3
22234,13555,segundo,15.3,4 esquina,8.2,1,5,3
22234,14444,segundo,16.7,4 esquina,11.7,1,3,3
22234,14445,segundo,15.3,4 esquina,8.4,1,5,3
22234,14455,segundo,15.3,4 esquina,8.2,1,5,3
22234,14555,segundo,15.3,4 esquina,8.2,1,5,3
22234,15555,segundo,15.3,4 esquina,8.2,1,5,3
22234,33335,segundo,30.7,4 lado,28.4,1,5,3
22234,33345,segundo,25.7,4 centro,21.3,1,5,3
22234,33355,segundo,25.7,4 centro,21.1,1,5,3
22234,33444,segundo,16.7,4 esquina,11.7,1,3,3
22234,33445,segundo,15.3,4 esquina,8.4,1,5,3
22234,33455,segundo,15.3,4 esquina,8.2,1,5,3
22234,33555,segundo,15.3,4 esquina,8.2,1,5,3
22234,34444,segundo,16.7,4 esquina,11.7,1,3,3
22234,34445,segundo,15.3,4 esquina,8.4,1,5,3
22234,34455,segundo,15.3,4 esquina,8.2,1,5,3
22234,34555,segundo,15.3,4 esquina,8.2,1,5,3
22234,35555,segundo,15.3,4 esquina,8.2,1,5,3
22234,44444,segundo,16.7,4 esquina,11.7,1,3,3
22234,44445,segundo,15.3,4 esquina,8.4,1,5,3
22234,44455,segundo,15.3,4 esquina,8.2,1,5,3
22234,44555,segundo,15.3,4 esquina,8.2,1,5,3
22234,45555,segundo,15.3,4 esquina,8.2,1,5,3
22234,55555,segundo,15.3,4 esquina,8.2,1,5,3
22235,13555,segundo,16.7,5 esquina,11.7,1,3,3
22235,14555,segundo,16.7,5 esquina,11.7,1,3,3
22235,15555,segundo,16.7,5 esquina,11.7,1,3,3
22235,33555,segundo,16.7,5 esquina,11.7,1,3,3
22235,34555,segundo,16.7,5 esquina,11.7,1,3,3
22235,35555,segundo,16.7,5 esquina,11.7,1,3,3
22235,44555,segundo,16.7,5 esquina,11.7,1,3,3
22235,45555,segundo,16.7,5 esquina,11.7,1,3,3
22235,55555,segundo,16.7,5 esquina,11.7,1,3,3
22244,11135,primero,80.3,4 centro,74.0,0,4,3
22244,11145,primero,64.3,4 centro,51.7,0,4,3
22244,11155,primero,52.0,4 centro,38.6,0,5,3
22244,11335,primero,61.7,4 centro,58.4,0,4,3
22244,11345,primero,51.3,4 centro,38.7,0,4,3
22244,11355,primero,45.3,4 centro,32.9,0,5,3
22244,11445,segundo,17.3,4 esquina,13.9,1,5,3
22244,11455,segundo,17.3,4 esquina,11.4,1,5,3
22244,11555,segundo,15.3,4 esquina,8.2,1,5,3
22244,13335,primero,52.0,4 centro,50.7,0,4,3
22244,13345,primero,44.0,4 centro,34.2,0,4,3
22244,13355,primero,37.0,4 centro,29.1,0,5,3
22244,13445,segundo,17.3,4 esquina,13.3,1,5,3
22244,13455,segundo,17.3,4 esquina,11.4,1,5,3
22244,13555,segundo,15.3,4 esquina,8.2,1,5,3
22244,14444,segundo,20.7,4 centro,16.2,1,1,3
22244,14445,segundo,15.3,4 esquina,8.7,1,5,3
22244,14455,segundo,15.3,4 esquina,8.2,1,5,3
22244,14555,segundo,15.3,4 esquina,8.2,1,5,3
22244,15555,segundo,15.3,4 esquina,8.2,1,5,3
22244,33335,primero,49.7,4 centro,47.1,0,4,3
22244,33345,primero,43.3,4 centro,33.7,0,4,3
22244,33355,primero,36.7,4 centro,28.9,0,5,3
22244,33445,segundo,17.3,4 esquina,13.3,1,5,3
22244,33455,segundo,17.3,4 esquina,11.4,1,5,3
22244,33555,segundo,15.3,4 esquina,8.2,1,5,3
22244,34444,segundo,20.7,4 centro,16.2,1,1,3
22244,34445,segundo,15.3,4 esquina,8.7,1,5,3
22244,34455,segundo,15.3,4 esquina,8.2,1,5,3
22244,34555,segundo,15.3,4 esquina,8.2,1,5,3
22244,35555,segundo,15.3,4 esquina,8.2,1,5,3
22244,44444,segundo,20.7,4 centro,16.2,1,1,3
22244,44445,segundo,15.3,4 esquina,8.7,1,5,3
22244,44455,segundo,15.3,4 esquina,8.2,1,5,3
22244,44555,segundo,15.3,4 esquina,8.2,1,5,3
22244,45555,segundo,15.3,4 esquina,8.2,1,5,3
22244,55555,segundo,15.3,4 esquina,8.2,1,5,3
22245,14555,segundo,16.7,5 esquina,11.7,1,3,3
22245,15555,segundo,16.7,5 esquina,11.7,1,3,3
22245,34555,segundo,16.7,5 esquina,11.7,1,3,3
22245,35555,segundo,16.7,5 esquina,11.7,1,3,3
22245,44555,segundo,16.7,5 esquina,11.7,1,3,3
22245,45555,segundo,16.7,5 esquina,11.7,1,3,3
22245,55555,segundo,16.7,5 esquina,11.7,1,3,3
22255,15555,segundo,20.7,5 centro,16.2,1,1,3
22255,35555,segundo,20.7,5 centro,16.2,1,1,3
22255,45555,segundo,20.7,5 centro,16.2,1,1,3
22255,55555,segundo,20.7,5 centro,16.2,1,1,3
22333,11124,primero,89.7,3 centro,87.9,0,3,3
22333,11125,primero,89.7,3 centro,87.9,0,3,3
22333,11134,primero,74.0,3 centro,62.0,0,4,3
22333,11135,primero,74.0,3 centro,62.0,0,4,3
22333,11144,primero,52.0,3 centro,38.7,0,5,3
22333,11145,primero,52.0,3 centro,38.7,0,5,3
22333,11155,primero,52.0,3 centro,38.7,0,5,3
22333,11234,primero,72.3,3 centro,60.7,0,4,3
22333,11235,primero,72.3,3 centro,60.7,0,4,3
22333,11244,primero,52.0,3 centro,37.4,0,5,3
22333,11245,primero,52.0,3 centro,37.4,0,5,3
22333,11255,primero,52.0,3 centro,37.4,0,5,3
22333,11334,tablas,24.7,3 centro,20.8,0,5,3
22333,11335,tablas,24.7,3 centro,20.8,0,5,3
22333,11344,segundo,18.0,3 esquina,12.3,1,5,3
22333,11345,segundo,18.0,3 esquina,12.3,1,5,3
22333,11355,segundo,18.0,3 esquina,12.3,1,5,3
22333,11444,segundo,15.3,3 esquina,8.2,1,5,3
22333,11445,segundo,15.3,3 esquina,8.2,1,5,3
22333,11455,segundo,15.3,3 esquina,8.2,1,5,3
22333,11555,segundo,15.3,3 esquina,8.2,1,5,3
22333,12334,segundo,24.7,3 centro,20.3,1,5,3
22333,12335,segundo,24.7,3 centro,20.3,1,5,3
22333,12344,segundo,18.0,3 esquina,12.3,1,5,3
22333,12345,segundo,18.0,3 esquina,12.3,1,5,3
22333,12355,segundo,18.0,3 esquina,12.3,1,5,3
22333,12444,segundo,15.3,3 esquina,8.2,1,5,3
22333,12445,segundo,15.3,3 esquina,8.2,1,5,3
22333,12455,segundo,15.3,3 esquina,8.2,1,5,3
22333,12555,segundo,15.3,3 esquina,8.2,1,5,3
22333,13333,tablas,35.3,3 centro,29.9,0,1,3
22333,13334,segundo,17.3,3 esquina,11.0,1,5,3
22333,13335,segundo,17.3,3 esquina,11.0,1,5,3
22333,13344,segundo,15.7,3 esquina,8.4,1,5,3
22333,13345,segundo,15.7,3 esquina,8.4,1,5,3
22333,13355,segundo,15.7,3 esquina,8.4,1,5,3
22333,13444,segundo,15.3,3 esquina,8.2,1,5,3
22333,13445,segundo,15.3,3 esquina,8.2,1,5,3
22333,13455,segundo,15.3,3 esquina,8.2,1,5,3
22333,13555,segundo,15.3,3 esquina,8.2,1,5,3
22333,14444,segundo,15.3,3 esquina,8.2,1,5,3
22333,14445,segundo,15.3,3 esquina,8.2,1,5,3
22333,14455,segundo,15.3,3 esquina,8.2,1,5,3
22333,14555,segundo,15.3,3 esquina,8.2,1,5,3
22333,15555,segundo,15.3,3 esquina,8.2,1,5,3
22333,23333,tablas,33.7,3 centro,27.4,0,1,3
22333,23334,segundo,16.7,3 esquina,10.7,1,5,3
22333,23335,segundo,16.7,3 esquina,10.7,1,5,3
22333,23344,segundo,15.7,3 esquina,8.4,1,5,3
22333,23345,segundo,15.7,3 esquina,8.4,1,5,3
22333,23355,segundo,15.7,3 esquina,8.4,1,5,3
22333,23444,segundo,15.3,3 esquina,8.2,1,5,3
22333,23445,segundo,15.3,3 esquina,8.2,1,5,3
22333,23455,segundo,15.3,3 esquina,8.2,1,5,3
22333,23555,segundo,15.3,3 esquina,8.2,1,5,3
22333,24444,segundo,15.3,3 esquina,8.2,1,5,3
22333,24445,segundo,15.3,3 esquina,8.2,1,5,3
22333,24455,segundo,15.3,3 esquina,8.2,1,5,3
22333,24555,segundo,15.3,3 esquina,8.2,1,5,3
22333,25555,segundo,15.3,3 esquina,8.2,1,5,3
22333,33333,tablas,33.7,3 centro,27.1,0,1,3
22333,33334,segundo,16.7,3 esquina,10.7,1,5,3
22333,33335,segundo,16.7,3 esquina,10.7,1,5,3
22333,33344,segundo,15.7,3 esquina,8.4,1,5,3
22333,33345,segundo,15.7,3 esquina,8.4,1,5,3
22333,33355,segundo,15.7,3 esquina,8.4,1,5,3
22333,33444,segundo,15.3,3 esquina,8.2,1,5,3
22333,33445,segundo,15.3,3 esquina,8.2,1,5,3
22333,33455,segundo,15.3,3 esquina,8.2,1,5,3
22333,33555,segundo,15.3,3 esquina,8.2,1,5,3
22333,34444,segundo,15.3,3 esquina,8.2,1,5,3
22333,34445,segundo,15.3,3 esquina,8.2,1,5,3
22333,34455,segundo,15.3,3 esquina,8.2,1,5,3
22333,34555,segundo,15.3,3 esquina,8.2,1,5,3
22333,35555,segundo,15.3,3 esquina,8.2,1,5,3
22333,44444,segundo,15.3,3 esquina,8.2,1,5,3
22333,44445,segundo,15.3,3 esquina,8.2,1,5,3
22333,44455,segundo,15.3,3 esquina,8.2,1,5,3
22333,44555,segundo,15.3,3 esquina,8.2,1,5,3
22333,45555,segundo,15.3,3 esquina,8.2,1,5,3
22333,55555,segundo,15.3,3 esquina,8.2,1,5,3
22334,11125,primero,89.7,4 centro,87.9,0,3,3
22334,11135,primero,80.3,4 centro,71.6,0,4,3
22334,11145,primero,58.3,4 centro,43.9,0,4,3
22334,11155,primero,52.0,4 centro,39.0,0,5,3
22334,11235,primero,79.0,4 centro,70.4,0,4,3
22334,11245,primero,57.7,4 centro,42.7,0,4,3
22334,11255,primero,52.0,4 centro,37.9,0,5,3
22334,11335,primero,53.3,4 lado,49.7,0,5,3
22334,11345,primero,33.7,4 centro,27.8,0,5,3
22334,11355,primero,30.0,4 centro,25.3,0,5,3
22334,11445,segundo,15.3,4 esquina,10.7,1,5,3
22334,11455,segundo,15.3,4 esquina,8.2,1,5,3
22334,11555,segundo,15.3,4 esquina,8.2,1,5,3
22334,12335,primero,50.0,4 lado,47.9,0,5,3
22334,12345,primero,30.3,4 centro,26.6,0,5,3
22334,12355,primero,28.7,4 esquina,24.6,0,5,3
22334,12445,segundo,15.3,4 esquina,10.7,1,5,3
22334,12455,segundo,15.3,4 esquina,8.2,1,5,3
22334,12555,segundo,15.3,4 esquina,8.2,1,5,3
22334,13335,tablas,41.3,4 lado,35.4,0,5,3
22334,13345,segundo,27.0,4 centro,22.9,1,5,3
22334,13355,segundo,26.7,4 centro,21.9,1,5,3
22334,13444,segundo,16.7,4 esquina,11.7,1,3,3
22334,13445,segundo,15.3,4 esquina,8.4,1,5,3
22334,13455,segundo,15.3,4 esquina,8.2,1,5,3
22334,13555,segundo,15.3,4 esquina,8.2,1,5,3
22334,14444,segundo,16.7,4 esquina,11.7,1,3,3
22334,14445,segundo,15.3,4 esquina,8.4,1,5,3
22334,14455,segundo,15.3,4 esquina,8.2,1,5,3
22334,14555,segundo,15.3,4 esquina,8.2,1,5,3
22334,15555,segundo,15.3,4 esquina,8.2,1,5,3
22334,23335,tablas,41.0,4 lado,35.2,0,5,3
22334,23345,segundo,27.0,4 centro,22.9,1,5,3
22334,23355,segundo,26.7,4 centro,21.9,1,5,3
22334,23444,segundo,16.7,4 esquina,11.7,1,3,3
22334,23445,segundo,15.3,4 esquina,8.4,1,5,3
22334,23455,segundo,15.3,4 esquina,8.2,1,5,3
22334,23555,segundo,15.3,4 esquina,8.2,1,5,3
22334,24444,segundo,16.7,4 esquina,11.7,1,3,3
22334,24445,segundo,15.3,4 esquina,8.4,1,5,3
22334,24455,segundo,15.3,4 esquina,8.2,1,5,3
22334,24555,segundo,15.3,4 esquina,8.2,1,5,3
22334,25555,segundo,15.3,4 esquina,8.2,1,5,3
22334,33335,segundo,40.0,4 lado,34.6,1,5,3
22334,33345,segundo,27.0,4 centro,22.9,1,5,3
22334,33355,segundo,26.7,4 centro,21.9,1,5,3
22334,33444,segundo,16.7,4 esquina,11.7,1,3,3
22334,33445,segundo,15.3,4 esquina,8.4,1,5,3
22334,33455,segundo,15.3,4 esquina,8.2,1,5,3
22334,33555,segundo,15.3,4 esquina,8.2,1,5,3
22334,34444,segundo,16.7,4 esquina,11.7,1,3,3
22334,34445,segundo,15.3,4 esquina,8.4,1,5,3
22334,34455,segundo,15.3,4 esquina,8.2,1,5,3
22334,34555,segundo,15.3,4 esquina,8.2,1,5,3
22334,35555,segundo,15.3,4 esquina,8.2,1,5,3
22334,44444,segundo,16.7,4 esquina,11.7,1,3,3
22334,44445,segundo,15.3,4 esquina,8.4,1,5,3
22334,44455,segundo,15.3,4 esquina,8.2,1,5,3
22334,44555,segundo,15.3,4 esquina,8.2,1,5,3
22334,45555,segundo,15.3,4 esquina,8.2,1,5,3
22334,55555,segundo,15.3,4 esquina,8.2,1,5,3
22335,13555,segundo,16.7,5 esquina,11.7,1,3,3
22335,14555,segundo,16.7,5 esquina,11.7,1,3,3
22335,15555,segundo,16.7,5 esquina,11.7,1,3,3
22335,23555,segundo,16.7,5 esquina,11.7,1,3,3
22335,24555,segundo,16.7,5 esquina,11.7,1,3,3
22335,25555,segundo,16.7,5 esquina,11.7,1,3,3
22335,33555,segundo,16.7,5 esquina,11.7,1,3,3
22335,34555,segundo,16.7,5 esquina,11.7,1,3,3
22335,35555,segundo,16.7,5 esquina,11.7,1,3,3
22335,44555,segundo,16.7,5 esquina,11.7,1,3,3
22335,45555,segundo,16.7,5 esquina,11.7,1,3,3
22335,55555,segundo,16.7,5 esquina,11.7,1,3,3
22344,11125,primero,89.7,4 centro,87.9,0,3,3
22344,11135,primero,84.3,4 centro,79.7,0,4,3
22344,11145,primero,64.3,4 centro,51.7,0,4,3
22344,11155,primero,52.0,4 centro,38.7,0,5,3
22344,11235,primero,84.0,4 centro,79.0,0,4,3
22344,11245,primero,63.3,4 centro,50.0,0,4,3
22344,11255,primero,52.0,4 centro,37.6,0,5,3
22344,11335,primero,74.0,4 centro,70.2,0,4,3
22344,11345,primero,53.7,4 centro,41.0,0,4,3
22344,11355,primero,46.7,4 centro,34.0,0,5,3
22344,11445,segundo,17.3,4 esquina,13.9,1,5,3
22344,11455,segundo,17.3,4 esquina,11.4,1,5,3
22344,11555,segundo,15.3,4 esquina,8.2,1,5,3
22344,12335,primero,73.7,4 centro,69.3,0,4,3
22344,12345,primero,52.7,4 centro,40.1,0,4,3
22344,12355,primero,42.7,4 centro,32.6,0,5,3
22344,12445,segundo,17.3,4 esquina,13.9,1,5,3
22344,12455,segundo,17.3,4 esquina,11.4,1,5,3
22344,12555,segundo,15.3,4 esquina,8.2,1,5,3
22344,13335,primero,61.3,4 esquina,59.0,0,4,3
22344,13345,primero,46.7,4 centro,36.9,0,4,3
22344,13355,primero,38.3,4 centro,30.6,0,5,3
22344,13445,segundo,17.3,4 esquina,13.3,1,5,3
22344,13455,segundo,17.3,4 esquina,11.4,1,5,3
22344,13555,segundo,15.3,4 esquina,8.2,1,5,3
22344,14444,segundo,20.7,4 centro,16.2,1,1,3
22344,14445,segundo,15.3,4 esquina,8.7,1,5,3
22344,14455,segundo,15.3,4 esquina,8.2,1,5,3
22344,14555,segundo,15.3,4 esquina,8.2,1,5,3
22344,15555,segundo,15.3,4 esquina,8.2,1,5,3
22344,23335,primero,60.3,4 esquina,58.3,0,4,3
22344,23345,primero,46.0,4 centro,36.3,0,4,3
22344,23355,primero,38.3,4 centro,30.6,0,5,3
22344,23445,segundo,17.3,4 esquina,13.3,1,5,3
22344,23455,segundo,17.3,4 esquina,11.4,1,5,3
22344,23555,segundo,15.3,4 esquina,8.2,1,5,3
22344,24444,segundo,20.7,4 centro,16.2,1,1,3
22344,24445,segundo,15.3,4 esquina,8.7,1,5,3
22344,24455,segundo,15.3,4 esquina,8.2,1,5,3
22344,24555,segundo,15.3,4 esquina,8.2,1,5,3
22344,25555,segundo,15.3,4 esquina,8.2,1,5,3
22344,33335,primero,59.3,4 esquina,55.9,0,4,3
22344,33345,primero,45.7,4 centro,35.7,0,4,3
22344,33355,primero,38.0,4 centro,30.3,0,5,3
22344,33445,segundo,17.3,4 esquina,13.3,1,5,3
22344,33455,segundo,17.3,4 esquina,11.4,1,5,3
22344,33555,segundo,15.3,4 esquina,8.2,1,5,3
22344,34444,segundo,20.7,4 centro,16.2,1,1,3
22344,34445,segundo,15.3,4 esquina,8.7,1,5,3
22344,34455,segundo,15.3,4 esquina,8.2,1,5,3
22344,34555,segundo,15.3,4 esquina,8.2,1,5,3
22344,35555,segundo,15.3,4 esquina,8.2,1,5,3
22344,44444,segundo,20.7,4 centro,16.2,1,1,3
22344,44445,segundo,15.3,4 esquina,8.7,1,5,3
22344,44455,segundo,15.3,4 esquina,8.2,1,5,3
22344,44555,segundo,15.3,4 esquina,8.2,1,5,3
22344,45555,segundo,15.3,4 esquina,8.2,1,5,3
22344,55555,segundo,15.3,4 esquina,8.2,1,5,3
22345,14555,segundo,16.7,5 esquina,11.7,1,3,3
22345,15555,segundo,16.7,5 esquina,11.7,1,3,3
22345,24555,segundo,16.7,5 esquina,11.7,1,3,3
22345,25555,segundo,16.7,5 esquina,11.7,1,3,3
22345,34555,segundo,16.7,5 esquina,11.7,1,3,3
22345,35555,segundo,16.7,5 esquina,11.7,1,3,3
22345,44555,segundo,16.7,5 esquina,11.7,1,3,3
22345,45555,segundo,16.7,5 esquina,11.7,1,3,3
22345,55555,segundo,16.7,5 esquina,11.7,1,3,3
22355,15555,segundo,20.7,5 centro,16.2,1,1,3
22355,25555,segundo,20.7,5 centro,16.2,1,1,3
22355,35555,segundo,20.7,5 centro,16.2,1,1,3
22355,45555,segundo,20.7,5 centro,16.2,1,1,3
22355,55555,segundo,20.7,5 centro,16.2,1,1,3
22444,11125,primero,89.7,4 centro,87.9,0,3,3
22444,11135,primero,84.3,4 centro,82.7,0,3,3
22444,11145,primero,74.0,4 centro,62.0,0,4,3
22444,11155,primero,52.0,4 centro,38.7,0,5,3
22444,11235,primero,84.3,4 centro,82.0,0,3,3
22444,11245,primero,72.3,4 centro,60.7,0,4,3
22444,11255,primero,52.0,4 centro,37.4,0,5,3
22444,11335,primero,81.7,4 esquina,78.4,0,3,3
22444,11345,primero,64.7,4 centro,53.1,0,4,3
22444,11355,primero,51.7,4 centro,36.6,0,5,3
22444,11445,tablas,24.7,4 centro,20.8,0,5,3
22444,11455,segundo,18.0,4 esquina,12.3,1,5,3
22444,11555,segundo,15.3,4 esquina,8.2,1,5,3
22444,12335,primero,81.3,4 centro,78.1,0,3,3
22444,12345,primero,64.0,4 centro,51.9,0,4,3
22444,12355,primero,48.0,4 centro,35.0,0,5,3
22444,12445,segundo,24.7,4 centro,20.3,1,5,3
22444,12455,segundo,18.0,4 esquina,12.3,1,5,3
22444,12555,segundo,15.3,4 esquina,8.2,1,5,3
22444,13335,primero,79.3,4 esquina,75.8,0,3,3
22444,13345,primero,62.3,4 centro,50.9,0,4,3
22444,13355,primero,48.7,4 centro,35.4,0,5,3
22444,13445,segundo,24.7,4 centro,20.3,1,5,3
22444,13455,segundo,18.0,4 esquina,12.3,1,5,3
22444,13555,segundo,15.3,4 esquina,8.2,1,5,3
22444,14444,tablas,35.3,4 centro,29.9,0,1,3
22444,14445,segundo,17.3,4 esquina,11.0,1,5,3
22444,14455,segundo,15.7,4 esquina,8.4,1,5,3
22444,14555,segundo,15.3,4 esquina,8.2,1,5,3
22444,15555,segundo,15.3,4 esquina,8.2,1,5,3
22444,23335,primero,79.0,4 esquina,75.6,0,3,3
22444,23345,primero,61.7,4 centro,50.2,0,4,3
22444,23355,primero,47.7,4 centro,34.9,0,5,3
22444,23445,segundo,23.7,4 centro,19.9,1,5,3
22444,23455,segundo,18.0,4 esquina,12.3,1,5,3
22444,23555,segundo,15.3,4 esquina,8.2,1,5,3
22444,24444,tablas,33.7,4 centro,27.4,0,1,3
22444,24445,segundo,16.7,4 esquina,10.7,1,5,3
22444,24455,segundo,15.7,4 esquina,8.4,1,5,3
22444,24555,segundo,15.3,4 esquina,8.2,1,5,3
22444,25555,segundo,15.3,4 esquina,8.2,1,5,3
22444,33335,primero,79.0,4 esquina,74.7,0,3,3
22444,33345,primero,61.0,4 centro,50.0,0,4,3
22444,33355,primero,47.3,4 centro,34.9,0,5,3
22444,33445,segundo,22.7,4 centro,19.4,1,5,3
22444,33455,segundo,18.0,4 esquina,12.3,1,5,3
22444,33555,segundo,15.3,4 esquina,8.2,1,5,3
22444,34444,tablas,33.7,4 centro,27.3,0,1,3
22444,34445,segundo,16.7,4 esquina,10.7,1,5,3
22444,34455,segundo,15.7,4 esquina,8.4,1,5,3
22444,34555,segundo,15.3,4 esquina,8.2,1,5,3
22444,35555,segundo,15.3,4 esquina,8.2,1,5,3
22444,44444,tablas,33.7,4 centro,27.1,0,1,3
22444,44445,segundo,16.7,4 esquina,10.7,1,5,3
22444,44455,segundo,15.7,4 esquina,8.4,1,5,3
22444,44555,segundo,15.3,4 esquina,8.2,1,5,3
22444,45555,segundo,15.3,4 esquina,8.2,1,5,3
22444,55555,segundo,15.3,4 esquina,8.2,1,5,3
22445,14555,segundo,16.7,5 esquina,11.7,1,3,3
22445,15555,segundo,16.7,5 esquina,11.7,1,3,3
22445,24555,segundo,16.7,5 esquina,11.7,1,3,3
22445,25555,segundo,16.7,5 esquina,11.7,1,3,3
22445,34555,segundo,16.7,5 esquina,11.7,1,3,3
22445,35555,segundo,16.7,5 esquina,11.7,1,3,3
22445,44555,segundo,16.7,5 esquina,11.7,1,3,3
22445,45555,segundo,16.7,5 esquina,11.7,1,3,3
22445,55555,segundo,16.7,5 esquina,11.7,1,3,3
22455,15555,segundo,20.7,5 centro,16.2,1,1,3
22455,25555,segundo,20.7,5 centro,16.2,1,1,3
22455,35555,segundo,20.7,5 centro,16.2,1,1,3
22455,45555,segundo,20.7,5 centro,16.2,1,1,3
22455,55555,segundo,20.7,5 centro,16.2,1,1,3
22555,15555,tablas,35.3,5 centro,29.9,0,1,3
22555,25555,tablas,33.7,5 centro,27.4,0,1,3
22555,35555,tablas,33.7,5 centro,27.3,0,1,3
22555,45555,tablas,33.7,5 centro,27.3,0,1,3
22555,55555,tablas,33.7,5 centro,27.1,0,1,3
23333,11124,primero,90.0,3 centro,88.2,0,3,3
23333,11125,primero,90.0,3 centro,88.2,0,3,3
23333,11134,primero,77.3,3 centro,67.7,0,4,3
23333,11135,primero,77.3,3 centro,67.7,0,4,3
23333,11144,primero,52.3,3 centro,38.8,0,5,3
23333,11145,primero,52.3,3 centro,38.8,0,5,3
23333,11155,primero,52.3,3 centro,38.8,0,5,3
23333,11224,primero,90.0,3 centro,88.2,0,3,3
23333,11225,primero,90.0,3 centro,88.2,0,3,3
23333,11234,primero,76.7,3 centro,67.0,0,4,3
23333,11235,primero,76.7,3 centro,67.0,0,4,3
23333,11244,primero,52.3,3 centro,38.2,0,5,3
23333,11245,primero,52.3,3 centro,38.2,0,5,3
23333,11255,primero,52.3,3 centro,38.2,0,5,3
23333,11334,primero,42.7,3 centro,33.1,0,5,3
23333,11335,primero,42.7,3 centro,33.1,0,5,3
23333,11344,segundo,18.7,3 esquina,13.4,1,5,3
23333,11345,segundo,18.7,3 esquina,13.4,1,5,3
23333,11355,segundo,18.7,3 esquina,13.4,1,5,3
23333,11444,segundo,15.3,3 esquina,8.2,1,5,3
23333,11445,segundo,15.3,3 esquina,8.2,1,5,3
23333,11455,segundo,15.3,3 esquina,8.2,1,5,3
23333,11555,segundo,15.3,3 esquina,8.2,1,5,3
23333,12234,primero,76.7,3 centro,67.0,0,4,3
23333,12235,primero,76.7,3 centro,67.0,0,4,3
23333,12244,primero,52.7,3 centro,38.4,0,5,3
23333,12245,primero,52.7,3 centro,38.4,0,5,3
23333,12255,primero,52.7,3 centro,38.4,0,5,3
23333,12334,primero,41.0,3 centro,32.3,0,5,3
23333,12335,primero,41.0,3 centro,32.3,0,5,3
23333,12344,segundo,18.7,3 esquina,13.4,1,5,3
23333,12345,segundo,18.7,3 esquina,13.4,1,5,3
23333,12355,segundo,18.7,3 esquina,13.4,1,5,3
23333,12444,segundo,15.3,3 esquina,8.2,1,5,3
23333,12445,segundo,15.3,3 esquina,8.2,1,5,3
23333,12455,segundo,15.3,3 esquina,8.2,1,5,3
23333,12555,segundo,15.3,3 esquina,8.2,1,5,3
23333,13333,primero,79.7,3 centro,56.6,0,1,3
23333,13334,segundo,24.3,3 esquina,17.7,1,5,3
23333,13335,segundo,24.3,3 esquina,17.7,1,5,3
23333,13344,segundo,16.0,3 esquina,8.6,1,5,3
23333,13345,segundo,16.0,3 esquina,8.6,1,5,3
23333,13355,segundo,16.0,3 esquina,8.6,1,5,3
23333,13444,segundo,15.3,3 esquina,8.2,1,5,3
23333,13445,segundo,15.3,3 esquina,8.2,1,5,3
23333,13455,segundo,15.3,3 esquina,8.2,1,5,3
23333,13555,segundo,15.3,3 esquina,8.2,1,5,3
23333,14444,segundo,15.3,3 esquina,8.2,1,5,3
23333,14445,segundo,15.3,3 esquina,8.2,1,5,3
23333,14455,segundo,15.3,3 esquina,8.2,1,5,3
23333,14555,segundo,15.3,3 esquina,8.2,1,5,3
23333,15555,segundo,15.3,3 esquina,8.2,1,5,3
23333,22334,primero,40.0,3 centro,32.0,0,5,3
23333,22335,primero,40.0,3 centro,32.0,0,5,3
23333,22344,segundo,18.7,3 esquina,13.4,1,5,3
23333,22345,segundo,18.7,3 esquina,13.4,1,5,3
23333,22355,segundo,18.7,3 esquina,13.4,1,5,3
23333,22444,segundo,15.3,3 esquina,8.2,1,5,3
23333,22445,segundo,15.3,3 esquina,8.2,1,5,3
23333,22455,segundo,15.3,3 esquina,8.2,1,5,3
23333,22555,segundo,15.3,3 esquina,8.2,1,5,3
23333,23333,primero,79.7,3 centro,56.6,0,1,3
23333,23334,segundo,19.7,3 esquina,13.2,1,5,3
23333,23335,segundo,19.7,3 esquina,13.2,1,5,3
23333,23344,segundo,16.0,3 esquina,8.6,1,5,3
23333,23345,segundo,16.0,3 esquina,8.6,1,5,3
23333,23355,segundo,16.0,3 esquina,8.6,1,5,3
23333,23444,segundo,15.3,3 esquina,8.2,1,5,3
23333,23445,segundo,15.3,3 esquina,8.2,1,5,3
23333,23455,segundo,15.3,3 esquina,8.2,1,5,3
23333,23555,segundo,15.3,3 esquina,8.2,1,5,3
23333,24444,segundo,15.3,3 esquina,8.2,1,5,3
23333,24445,segundo,15.3,3 esquina,8.2,1,5,3
23333,24455,segundo,15.3,3 esquina,8.2,1,5,3
23333,24555,segundo,15.3,3 esquina,8.2,1,5,3
23333,25555,segundo,15.3,3 esquina,8.2,1,5,3
23333,33333,primero,51.3,3 centro,35.7,0,1,3
23333,33334,segundo,17.7,3 esquina,11.2,1,5,3
23333,33335,segundo,17.7,3 esquina,11.2,1,5,3
23333,33344,segundo,16.0,3 esquina,8.6,1,5,3
23333,33345,segundo,16.0,3 esquina,8.6,1,5,3
23333,33355,segundo,16.0,3 esquina,8.6,1,5,3
23333,33444,segundo,15.3,3 esquina,8.2,1,5,3
23333,33445,segundo,15.3,3 esquina,8.2,1,5,3
23333,33455,segundo,15.3,3 esquina,8.2,1,5,3
23333,33555,segundo,15.3,3 esquina,8.2,1,5,3
23333,34444,segundo,15.3,3 esquina,8.2,1,5,3
23333,34445,segundo,15.3,3 esquina,8.2,1,5,3
23333,34455,segundo,15.3,3 esquina,8.2,1,5,3
23333,34555,segundo,15.3,3 esquina,8.2,1,5,3
23333,35555,segundo,15.3,3 esquina,8.2,1,5,3
23333,44444,segundo,15.3,3 esquina,8.2,1,5,3
23333,44445,segundo,15.3,3 esquina,8.2,1,5,3
23333,44455,segundo,15.3,3 esquina,8.2,1,5,3
23333,44555,segundo,15.3,3 esquina,8.2,1,5,3
23333,45555,segundo,15.3,3 esquina,8.2,1,5,3
23333,55555,segundo,15.3,3 esquina,8.2,1,5,3
23334,11125,primero,90.0,4 centro,88.2,0,3,3
23334,11135,primero,83.7,4 centro,76.1,0,4,3
23334,11145,primero,58.3,4 centro,43.8,0,4,3
23334,11155,primero,52.3,4 centro,39.0,0,5,3
23334,11225,primero,90.0,4 centro,88.2,0,3,3
23334,11235,primero,83.3,4 centro,75.4,0,4,3
23334,11245,primero,58.3,4 centro,43.2,0,4,3
23334,11255,primero,52.3,4 centro,38.4,0,5,3
23334,11335,primero,61.7,4 lado,57.6,0,5,3
23334,11345,primero,33.7,4 centro,28.3,0,5,3
23334,11355,primero,30.3,4 centro,25.2,0,5,3
23334,11445,segundo,15.3,4 esquina,10.7,1,5,3
23334,11455,segundo,15.3,4 esquina,8.2,1,5,3
23334,11555,segundo,15.3,4 esquina,8.2,1,5,3
23334,12235,primero,83.3,4 centro,75.4,0,4,3
23334,12245,primero,58.3,4 centro,43.1,0,4,3
23334,12255,primero,52.7,4 centro,38.6,0,5,3
23334,12335,primero,61.7,4 lado,57.4,0,5,3
23334,12345,primero,33.7,4 centro,28.2,0,5,3
23334,12355,primero,30.3,4 centro,25.1,0,5,3
23334,12445,segundo,15.3,4 esquina,10.7,1,5,3
23334,12455,segundo,15.3,4 esquina,8.2,1,5,3
23334,12555,segundo,15.3,4 esquina,8.2,1,5,3
23334,13335,tablas,52.7,4 lado,42.9,0,5,3
23334,13345,segundo,27.7,4 centro,23.7,1,5,3
23334,13355,segundo,27.0,4 centro,22.0,1,5,3
23334,13444,segundo,16.7,4 esquina,11.7,1,3,3
23334,13445,segundo,15.3,4 esquina,8.4,1,5,3
23334,13455,segundo,15.3,4 esquina,8.2,1,5,3
23334,13555,segundo,15.3,4 esquina,8.2,1,5,3
23334,14444,segundo,16.7,4 esquina,11.7,1,3,3
23334,14445,segundo,15.3,4 esquina,8.4,1,5,3
23334,14455,segundo,15.3,4 esquina,8.2,1,5,3
23334,14555,segundo,15.3,4 esquina,8.2,1,5,3
23334,15555,segundo,15.3,4 esquina,8.2,1,5,3
23334,22335,primero,61.3,4 lado,57.3,0,5,3
23334,22345,primero,34.0,4 centro,28.2,0,5,3
23334,22355,primero,30.3,4 centro,25.0,0,5,3
23334,22445,segundo,15.3,4 esquina,10.7,1,5,3
23334,22455,segundo,15.3,4 esquina,8.2,1,5,3
23334,22555,segundo,15.3,4 esquina,8.2,1,5,3
23334,23335,tablas,52.7,4 lado,42.6,0,5,3
23334,23345,segundo,27.3,4 centro,23.6,1,5,3
23334,23355,segundo,26.7,4 centro,21.9,1,5,3
23334,23444,segundo,16.7,4 esquina,11.7,1,3,3
23334,23445,segundo,15.3,4 esquina,8.4,1,5,3
23334,23455,segundo,15.3,4 esquina,8.2,1,5,3
23334,23555,segundo,15.3,4 esquina,8.2,1,5,3
23334,24444,segundo,16.7,4 esquina,11.7,1,3,3
23334,24445,segundo,15.3,4 esquina,8.4,1,5,3
23334,24455,segundo,15.3,4 esquina,8.2,1,5,3
23334,24555,segundo,15.3,4 esquina,8.2,1,5,3
23334,25555,segundo,15.3,4 esquina,8.2,1,5,3
23334,33335,segundo,46.3,4 lado,39.3,1,5,3
23334,33345,segundo,27.3,4 centro,23.4,1,5,3
23334,33355,segundo,26.7,4 centro,21.9,1,5,3
23334,33444,segundo,16.7,4 esquina,11.7,1,3,3
23334,33445,segundo,15.3,4 esquina,8.4,1,5,3
23334,33455,segundo,15.3,4 esquina,8.2,1,5,3
23334,33555,segundo,15.3,4 esquina,8.2,1,5,3
23334,34444,segundo,16.7,4 esquina,11.7,1,3,3
23334,34445,segundo,15.3,4 esquina,8.4,1,5,3
23334,34455,segundo,15.3,4 esquina,8.2,1,5,3
23334,34555,segundo,15.3,4 esquina,8.2,1,5,3
23334,35555,segundo,15.3,4 esquina,8.2,1,5,3
23334,44444,segundo,16.7,4 esquina,11.7,1,3,3
23334,44445,segundo,15.3,4 esquina,8.4,1,5,3
23334,44455,segundo,15.3,4 esquina,8.2,1,5,3
23334,44555,segundo,15.3,4 esquina,8.2,1,5,3
23334,45555,segundo,15.3,4 esquina,8.2,1,5,3
23334,55555,segundo,15.3,4 esquina,8.2,1,5,3
23335,13555,segundo,16.7,5 esquina,11.7,1,3,3
23335,14555,segundo,16.7,5 esquina,11.7,1,3,3
23335,15555,segundo,16.7,5 esquina,11.7,1,3,3
23335,23555,segundo,16.7,5 esquina,11.7,1,3,3
23335,24555,segundo,16.7,5 esquina,11.7,1,3,3
23335,25555,segundo,16.7,5 esquina,11.7,1,3,3
23335,33555,segundo,16.7,5 esquina,11.7,1,3,3
23335,34555,segundo,16.7,5 esquina,11.7,1,3,3
23335,35555,segundo,16.7,5 esquina,11.7,1,3,3
23335,44555,segundo,16.7,5 esquina,11.7,1,3,3
23335,45555,segundo,16.7,5 esquina,11.7,1,3,3
23335,55555,segundo,16.7,5 esquina,11.7,1,3,3
23344,11125,primero,90.0,4 centro,88.2,0,3,3
23344,11135,primero,87.3,4 centro,83.2,0,4,3
23344,11145,primero,64.3,4 centro,51.7,0,4,3
23344,11155,primero,52.3,4 centro,38.8,0,5,3
23344,11225,primero,90.0,4 centro,88.2,0,3,3
23344,11235,primero,87.3,4 centro,82.8,0,4,3
23344,11245,primero,64.0,4 centro,50.9,0,4,3
23344,11255,primero,52.3,4 centro,38.2,0,5,3
23344,11335,primero,82.0,4 centro,77.6,0,4,3
23344,11345,primero,56.0,4 centro,45.0,0,4,3
23344,11355,primero,47.3,4 centro,34.7,0,5,3
23344,11445,segundo,17.3,4 esquina,13.9,1,5,3
23344,11455,segundo,17.3,4 esquina,11.4,1,5,3
23344,11555,segundo,15.3,4 esquina,8.2,1,5,3
23344,12235,primero,87.3,4 centro,82.8,0,4,3
23344,12245,primero,63.7,4 centro,50.6,0,4,3
23344,12255,primero,52.7,4 centro,38.3,0,5,3
23344,12335,primero,82.3,4 centro,77.6,0,4,3
23344,12345,primero,55.7,4 centro,44.3,0,4,3
23344,12355,primero,47.3,4 centro,34.6,0,5,3
23344,12445,segundo,17.3,4 esquina,13.9,1,5,3
23344,12455,segundo,17.3,4 esquina,11.4,1,5,3
23344,12555,segundo,15.3,4 esquina,8.2,1,5,3
23344,13335,primero,69.7,4 centro,69.3,0,4,3
23344,13345,primero,49.3,4 centro,40.0,0,4,3
23344,13355,primero,38.3,4 centro,30.7,0,5,3
23344,13445,segundo,17.3,4 esquina,13.6,1,5,3
23344,13455,segundo,17.3,4 esquina,11.4,1,5,3
23344,13555,segundo,15.3,4 esquina,8.2,1,5,3
23344,14444,segundo,20.7,4 centro,16.2,1,1,3
23344,14445,segundo,15.3,4 esquina,8.7,1,5,3
23344,14455,segundo,15.3,4 esquina,8.2,1,5,3
23344,14555,segundo,15.3,4 esquina,8.2,1,5,3
23344,15555,segundo,15.3,4 esquina,8.2,1,5,3
23344,22335,primero,82.0,4 centro,77.2,0,4,3
23344,22345,primero,55.3,4 centro,44.0,0,4,3
23344,22355,primero,47.3,4 centro,34.7,0,5,3
23344,22445,segundo,17.3,4 esquina,13.9,1,5,3
23344,22455,segundo,17.3,4 esquina,11.4,1,5,3
23344,22555,segundo,15.3,4 esquina,8.2,1,5,3
23344,23335,primero,69.7,4 centro,69.3,0,4,3
23344,23345,primero,48.3,4 centro,39.4,0,4,3
23344,23355,primero,38.0,4 centro,30.7,0,5,3
23344,23445,segundo,17.3,4 esquina,13.6,1,5,3
23344,23455,segundo,17.3,4 esquina,11.4,1,5,3
23344,23555,segundo,15.3,4 esquina,8.2,1,5,3
23344,24444,segundo,20.7,4 centro,16.2,1,1,3
23344,24445,segundo,15.3,4 esquina,8.7,1,5,3
23344,24455,segundo,15.3,4 esquina,8.2,1,5,3
23344,24555,segundo,15.3,4 esquina,8.2,1,5,3
23344,25555,segundo,15.3,4 esquina,8.2,1,5,3
23344,33335,primero,65.7,4 esquina,63.1,0,4,3
23344,33345,primero,47.7,4 centro,38.2,0,4,3
23344,33355,primero,38.0,4 centro,30.6,0,5,3
23344,33445,segundo,17.3,4 esquina,13.6,1,5,3
23344,33455,segundo,17.3,4 esquina,11.4,1,5,3
23344,33555,segundo,15.3,4 esquina,8.2,1,5,3
23344,34444,segundo,20.7,4 centro,16.2,1,1,3
23344,34445,segundo,15.3,4 esquina,8.7,1,5,3
23344,34455,segundo,15.3,4 esquina,8.2,1,5,3
23344,34555,segundo,15.3,4 esquina,8.2,1,5,3
23344,35555,segundo,15.3,4 esquina,8.2,1,5,3
23344,44444,segundo,20.7,4 centro,16.2,1,1,3
23344,44445,segundo,15.3,4 esquina,8.7,1,5,3
23344,44455,segundo,15.3,4 esquina,8.2,1,5,3
23344,44555,segundo,15.3,4 esquina,8.2,1,5,3
23344,45555,segundo,15.3,4 esquina,8.2,1,5,3
23344,55555,segundo,15.3,4 esquina,8.2,1,5,3
23345,14555,segundo,16.7,5 esquina,11.7,1,3,3
23345,15555,segundo,16.7,5 esquina,11.7,1,3,3
23345,24555,segundo,16.7,5 esquina,11.7,1,3,3
23345,25555,segundo,16.7,5 esquina,11.7,1,3,3
23345,34555,segundo,16.7,5 esquina,11.7,1,3,3
23345,35555,segundo,16.7,5 esquina,11.7,1,3,3
23345,44555,segundo,16.7,5 esquina,11.7,1,3,3
23345,45555,segundo,16.7,5 esquina,11.7,1,3,3
23345,55555,segundo,16.7,5 esquina,11.7,1,3,3
23355,15555,segundo,20.7,5 centro,16.2,1,1,3
23355,25555,segundo,20.7,5 centro,16.2,1,1,3
23355,35555,segundo,20.7,5 centro,16.2,1,1,3
23355,45555,segundo,20.7,5 centro,16.2,1,1,3
23355,55555,segundo,20.7,5 centro,16.2,1,1,3
23444,11125,primero,90.0,4 centro,88.2,0,3,3
23444,11135,primero,88.7,4 esquina,86.6,0,3,3
23444,11145,primero,74.0,4 centro,62.0,0,4,3
23444,11155,primero,52.3,4 centro,38.8,0,5,3
23444,11225,primero,90.0,4 centro,88.2,0,3,3
23444,11235,primero,88.7,4 esquina,86.1,0,3,3
23444,11245,primero,74.0,4 centro,61.9,0,4,3
23444,11255,primero,52.3,4 centro,38.2,0,5,3
23444,11335,primero,88.0,4 esquina,84.4,0,3,3
23444,11345,primero,72.7,4 centro,60.7,0,4,3
23444,11355,primero,52.3,4 centro,37.3,0,5,3
23444,11445,tablas,24.0,4 centro,20.6,0,5,3
23444,11455,segundo,18.0,4 esquina,12.3,1,5,3
23444,11555,segundo,15.3,4 esquina,8.2,1,5,3
23444,12235,primero,88.7,4 esquina,86.1,0,3,3
23444,12245,primero,74.0,4 centro,61.7,0,4,3
23444,12255,primero,52.7,4 centro,38.3,0,5,3
23444,12335,primero,88.0,4 esquina,84.6,0,3,3
23444,12345,primero,72.3,4 centro,60.0,0,4,3
23444,12355,primero,52.3,4 centro,37.2,0,5,3
23444,12445,tablas,24.0,4 centro,20.2,0,5,3
23444,12455,segundo,18.0,4 esquina,12.3,1,5,3
23444,12555,segundo,15.3,4 esquina,8.2,1,5,3
23444,13335,primero,86.0,4 esquina,82.6,0,3,3
23444,13345,primero,69.7,4 centro,57.3,0,4,3
23444,13355,primero,47.7,4 centro,35.2,0,5,3
23444,13445,segundo,23.0,4 centro,19.6,1,5,3
23444,13455,segundo,18.0,4 esquina,12.3,1,5,3
23444,13555,segundo,15.3,4 esquina,8.2,1,5,3
23444,14444,tablas,42.0,4 centro,32.9,0,1,3
23444,14445,segundo,17.3,4 esquina,11.1,1,5,3
23444,14455,segundo,15.7,4 esquina,8.4,1,5,3
23444,14555,segundo,15.3,4 esquina,8.2,1,5,3
23444,15555,segundo,15.3,4 esquina,8.2,1,5,3
23444,22335,primero,88.0,4 esquina,84.4,0,3,3
23444,22345,primero,72.3,4 centro,59.8,0,4,3
23444,22355,primero,52.3,4 centro,37.1,0,5,3
23444,22445,tablas,23.0,4 centro,19.9,0,5,3
23444,22455,segundo,18.0,4 esquina,12.3,1,5,3
23444,22555,segundo,15.3,4 esquina,8.2,1,5,3
23444,23335,primero,86.0,4 esquina,82.6,0,3,3
23444,23345,primero,69.7,4 centro,57.1,0,4,3
23444,23355,primero,47.3,4 centro,35.0,0,5,3
23444,23445,segundo,22.0,4 centro,19.2,1,5,3
23444,23455,segundo,18.0,4 esquina,12.3,1,5,3
23444,23555,segundo,15.3,4 esquina,8.2,1,5,3
23444,24444,tablas,42.0,4 centro,32.6,0,1,3
23444,24445,segundo,16.7,4 esquina,10.8,1,5,3
23444,24455,segundo,15.7,4 esquina,8.4,1,5,3
23444,24555,segundo,15.3,4 esquina,8.2,1,5,3
23444,25555,segundo,15.3,4 esquina,8.2,1,5,3
23444,33335,primero,86.0,4 esquina,81.9,0,3,3
23444,33345,primero,68.3,4 centro,56.3,0,4,3
23444,33355,primero,46.7,4 centro,34.8,0,5,3
23444,33445,segundo,21.7,4 esquina,18.7,1,5,3
23444,33455,segundo,18.0,4 esquina,12.3,1,5,3
23444,33555,segundo,15.3,4 esquina,8.2,1,5,3
23444,34444,tablas,33.7,4 centro,27.4,0,1,3
23444,34445,segundo,16.7,4 esquina,10.7,1,5,3
23444,34455,segundo,15.7,4 esquina,8.4,1,5,3
23444,34555,segundo,15.3,4 esquina,8.2,1,5,3
23444,35555,segundo,15.3,4 esquina,8.2,1,5,3
23444,44444,tablas,33.7,4 centro,27.1,0,1,3
23444,44445,segundo,16.7,4 esquina,10.7,1,5,3
23444,44455,segundo,15.7,4 esquina,8.4,1,5,3
23444,44555,segundo,15.3,4 esquina,8.2,1,5,3
23444,45555,segundo,15.3,4 esquina,8.2,1,5,3
23444,55555,segundo,15.3,4 esquina,8.2,1,5,3
23445,14555,segundo,16.7,5 esquina,11.7,1,3,3
23445,15555,segundo,16.7,5 esquina,11.7,1,3,3
23445,24555,segundo,16.7,5 esquina,11.7,1,3,3
23445,25555,segundo,16.7,5 esquina,11.7,1,3,3
23445,34555,segundo,16.7,5 esquina,11.7,1,3,3
23445,35555,segundo,16.7,5 esquina,11.7,1,3,3
23445,44555,segundo,16.7,5 esquina,11.7,1,3,3
23445,45555,segundo,16.7,5 esquina,11.7,1,3,3
23445,55555,segundo,16.7,5 esquina,11.7,1,3,3
23455,15555,segundo,20.7,5 centro,16.2,1,1,3
23455,25555,segundo,20.7,5 centro,16.2,1,1,3
23455,35555,segundo,20.7,5 centro,16.2,1,1,3
23455,45555,segundo,20.7,5 centro,16.2,1,1,3
23455,55555,segundo,20.7,5 centro,16.2,1,1,3
23555,15555,tablas,42.0,5 centro,32.9,0,1,3
23555,25555,tablas,42.0,5 centro,32.6,0,1,3
23555,35555,tablas,33.7,5 centro,27.4,0,1,3
23555,45555,tablas,33.7,5 centro,27.3,0,1,3
23555,55555,tablas,33.7,5 centro,27.1,0,1,3
24444,11125,primero,90.0,4 esquina,88.2,0,3,3
24444,11135,primero,89.3,4 esquina,87.0,0,3,3
24444,11145,primero,77.3,4 centro,67.7,0,4,3
24444,11155,primero,52.3,4 centro,38.8,0,5,3
24444,11225,primero,90.0,4 centro,88.2,0,3,3
24444,11235,primero,89.3,4 esquina,87.0,0,3,3
24444,11245,primero,76.7,4 centro,67.0,0,4,3
24444,11255,primero,52.3,4 centro,38.2,0,5,3
24444,11335,primero,89.0,4 esquina,86.6,0,3,3
24444,11345,primero,76.0,4 centro,66.3,0,4,3
24444,11355,primero,52.3,4 centro,38.2,0,5,3
24444,11445,primero,42.7,4 centro,33.1,0,5,3
24444,11455,segundo,18.7,4 esquina,13.4,1,5,3
24444,11555,segundo,15.3,4 esquina,8.2,1,5,3
24444,12235,primero,89.3,4 esquina,87.0,0,3,3
24444,12245,primero,76.7,4 centro,67.0,0,4,3
24444,12255,primero,52.7,4 centro,38.4,0,5,3
24444,12335,primero,89.0,4 esquina,86.7,0,3,3
24444,12345,primero,76.0,4 centro,66.3,0,4,3
24444,12355,primero,52.7,4 centro,38.4,0,5,3
24444,12445,primero,41.0,4 centro,32.3,0,5,3
24444,12455,segundo,18.7,4 esquina,13.4,1,5,3
24444,12555,segundo,15.3,4 esquina,8.2,1,5,3
24444,13335,primero,89.0,4 esquina,86.6,0,3,3
24444,13345,primero,75.7,4 centro,65.9,0,4,3
24444,13355,primero,52.7,4 centro,38.6,0,5,3
24444,13445,primero,41.0,4 centro,32.3,0,5,3
24444,13455,segundo,18.7,4 esquina,13.4,1,5,3
24444,13555,segundo,15.3,4 esquina,8.2,1,5,3
24444,14444,primero,79.7,4 centro,56.6,0,1,3
24444,14445,segundo,24.3,4 esquina,17.7,1,5,3
24444,14455,segundo,16.0,4 esquina,8.6,1,5,3
24444,14555,segundo,15.3,4 esquina,8.2,1,5,3
24444,15555,segundo,15.3,4 esquina,8.2,1,5,3
24444,22335,primero,89.0,4 esquina,86.6,0,3,3
24444,22345,primero,76.0,4 centro,66.2,0,4,3
24444,22355,primero,52.7,4 centro,38.3,0,5,3
24444,22445,primero,40.0,4 centro,32.0,0,5,3
24444,22455,segundo,18.7,4 esquina,13.4,1,5,3
24444,22555,segundo,15.3,4 esquina,8.2,1,5,3
24444,23335,primero,89.0,4 esquina,86.6,0,3,3
24444,23345,primero,75.7,4 centro,65.9,0,4,3
24444,23355,primero,52.7,4 centro,38.4,0,5,3
24444,23445,primero,40.0,4 centro,32.0,0,5,3
24444,23455,segundo,18.7,4 esquina,13.4,1,5,3
24444,23555,segundo,15.3,4 esquina,8.2,1,5,3
24444,24444,primero,79.7,4 centro,56.6,0,1,3
24444,24445,segundo,19.7,4 esquina,13.2,1,5,3
24444,24455,segundo,16.0,4 esquina,8.6,1,5,3
24444,24555,segundo,15.3,4 esquina,8.2,1,5,3
24444,25555,segundo,15.3,4 esquina,8.2,1,5,3
24444,33335,primero,89.0,4 esquina,86.4,0,3,3
24444,33345,primero,75.3,4 centro,65.8,0,4,3
24444,33355,primero,52.3,4 centro,38.3,0,5,3
24444,33445,primero,39.3,4 centro,31.7,0,5,3
24444,33455,segundo,18.7,4 esquina,13.4,1,5,3
24444,33555,segundo,15.3,4 esquina,8.2,1,5,3
24444,34444,primero,79.7,4 centro,56.6,0,1,3
24444,34445,segundo,19.7,4 esquina,13.2,1,5,3
24444,34455,segundo,16.0,4 esquina,8.6,1,5,3
24444,34555,segundo,15.3,4 esquina,8.2,1,5,3
24444,35555,segundo,15.3,4 esquina,8.2,1,5,3
24444,44444,primero,51.3,4 centro,35.7,0,1,3
24444,44445,segundo,17.7,4 esquina,11.2,1,5,3
24444,44455,segundo,16.0,4 esquina,8.6,1,5,3
24444,44555,segundo,15.3,4 esquina,8.2,1,5,3
24444,45555,segundo,15.3,4 esquina,8.2,1,5,3
24444,55555,segundo,15.3,4 esquina,8.2,1,5,3
24445,14555,segundo,16.7,5 esquina,11.7,1,3,3
24445,15555,segundo,16.7,5 esquina,11.7,1,3,3
24445,24555,segundo,16.7,5 esquina,11.7,1,3,3
24445,25555,segundo,16.7,5 esquina,11.7,1,3,3
24445,34555,segundo,16.7,5 esquina,11.7,1,3,3
24445,35555,segundo,16.7,5 esquina,11.7,1,3,3
24445,44555,segundo,16.7,5 esquina,11.7,1,3,3
24445,45555,segundo,16.7,5 esquina,11.7,1,3,3
24445,55555,segundo,16.7,5 esquina,11.7,1,3,3
24455,15555,segundo,20.7,5 centro,16.2,1,1,3
24455,25555,segundo,20.7,5 centro,16.2,1,1,3
24455,35555,segundo,20.7,5 centro,16.2,1,1,3
24455,45555,segundo,20.7,5 centro,16.2,1,1,3
24455,55555,segundo,20.7,5 centro,16.2,1,1,3
24555,15555,tablas,42.0,5 centro,32.9,0,1,3
24555,25555,tablas,42.0,5 centro,32.6,0,1,3
24555,35555,tablas,42.0,5 centro,32.6,0,1,3
24555,45555,tablas,33.7,5 centro,27.4,0,1,3
24555,55555,tablas,33.7,5 centro,27.1,0,1,3
25555,15555,primero,79.7,5 centro,56.6,0,1,3
25555,25555,primero,79.7,5 centro,56.6,0,1,3
25555,35555,primero,79.7,5 centro,56.6,0,1,3
25555,45555,primero,79.7,5 centro,56.6,0,1,3
25555,55555,primero,51.3,5 centro,35.7,0,1,3
33333,11124,primero,90.0,3 centro,88.2,0,3,3
33333,11125,primero,90.0,3 centro,88.2,0,3,3
33333,11134,primero,81.3,3 centro,70.7,0,4,3
33333,11135,primero,81.3,3 centro,70.7,0,4,3
33333,11144,primero,52.3,3 centro,38.7,0,5,3
33333,11145,primero,52.3,3 centro,38.7,0,5,3
33333,11155,primero,52.3,3 centro,38.7,0,5,3
33333,11224,primero,90.0,3 centro,88.2,0,3,3
33333,11225,primero,90.0,3 centro,88.2,0,3,3
33333,11234,primero,81.3,3 centro,70.7,0,4,3
33333,11235,primero,81.3,3 centro,70.7,0,4,3
33333,11244,primero,52.3,3 centro,38.7,0,5,3
33333,11245,primero,52.3,3 centro,38.7,0,5,3
33333,11255,primero,52.3,3 centro,38.7,0,5,3
33333,11334,primero,49.0,3 centro,41.9,0,5,3
33333,11335,primero,49.0,3 centro,41.9,0,5,3
33333,11344,segundo,18.7,3 esquina,13.4,1,5,3
33333,11345,segundo,18.7,3 esquina,13.4,1,5,3
33333,11355,segundo,18.7,3 esquina,13.4,1,5,3
33333,11444,segundo,15.3,3 esquina,8.2,1,5,3
33333,11445,segundo,15.3,3 esquina,8.2,1,5,3
33333,11455,segundo,15.3,3 esquina,8.2,1,5,3
33333,11555,segundo,15.3,3 esquina,8.2,1,5,3
33333,12224,primero,90.0,3 centro,88.2,0,3,3
33333,12225,primero,90.0,3 centro,88.2,0,3,3
33333,12234,primero,81.3,3 centro,70.7,0,4,3
33333,12235,primero,81.3,3 centro,70.7,0,4,3
33333,12244,primero,52.3,3 centro,38.7,0,5,3
33333,12245,primero,52.3,3 centro,38.7,0,5,3
33333,12255,primero,52.3,3 centro,38.7,0,5,3
33333,12334,primero,49.0,3 centro,41.9,0,5,3
33333,12335,primero,49.0,3 centro,41.9,0,5,3
33333,12344,segundo,18.7,3 esquina,13.4,1,5,3
33333,12345,segundo,18.7,3 esquina,13.4,1,5,3
33333,12355,segundo,18.7,3 esquina,13.4,1,5,3
33333,12444,segundo,15.3,3 esquina,8.2,1,5,3
33333,12445,segundo,15.3,3 esquina,8.2,1,5,3
33333,12455,segundo,15.3,3 esquina,8.2,1,5,3
33333,12555,segundo,15.3,3 esquina,8.2,1,5,3
33333,13333,primero,88.0,3 centro,83.4,0,1,3
33333,13334,primero,32.3,3 esquina,22.7,0,5,3
33333,13335,primero,32.3,3 esquina,22.7,0,5,3
33333,13344,segundo,16.0,3 esquina,8.6,1,5,3
33333,13345,segundo,16.0,3 esquina,8.6,1,5,3
33333,13355,segundo,16.0,3 esquina,8.6,1,5,3
33333,13444,segundo,15.3,3 esquina,8.2,1,5,3
33333,13445,segundo,15.3,3 esquina,8.2,1,5,3
33333,13455,segundo,15.3,3 esquina,8.2,1,5,3
33333,13555,segundo,15.3,3 esquina,8.2,1,5,3
33333,14444,segundo,15.3,3 esquina,8.2,1,5,3
33333,14445,segundo,15.3,3 esquina,8.2,1,5,3
33333,14455,segundo,15.3,3 esquina,8.2,1,5,3
33333,14555,segundo,15.3,3 esquina,8.2,1,5,3
33333,15555,segundo,15.3,3 esquina,8.2,1,5,3
33333,22234,primero,81.3,3 centro,70.7,0,4,3
33333,22235,primero,81.3,3 centro,70.7,0,4,3
33333,22244,primero,52.3,3 centro,38.7,0,5,3
33333,22245,primero,52.3,3 centro,38.7,0,5,3
33333,22255,primero,52.3,3 centro,38.7,0,5,3
33333,22334,primero,49.0,3 centro,41.9,0,5,3
33333,22335,primero,49.0,3 centro,41.9,0,5,3
33333,22344,segundo,18.7,3 esquina,13.4,1,5,3
33333,22345,segundo,18.7,3 esquina,13.4,1,5,3
33333,22355,segundo,18.7,3 esquina,13.4,1,5,3
33333,22444,segundo,15.3,3 esquina,8.2,1,5,3
33333,22445,segundo,15.3,3 esquina,8.2,1,5,3
33333,22455,segundo,15.3,3 esquina,8.2,1,5,3
33333,22555,segundo,15.3,3 esquina,8.2,1,5,3
33333,23333,primero,88.0,3 centro,83.4,0,1,3
33333,23334,primero,32.3,3 esquina,22.7,0,5,3
33333,23335,primero,32.3,3 esquina,22.7,0,5,3
33333,23344,segundo,16.0,3 esquina,8.6,1,5,3
33333,23345,segundo,16.0,3 esquina,8.6,1,5,3
33333,23355,segundo,16.0,3 esquina,8.6,1,5,3
33333,23444,segundo,15.3,3 esquina,8.2,1,5,3
33333,23445,segundo,15.3,3 esquina,8.2,1,5,3
33333,23455,segundo,15.3,3 esquina,8.2,1,5,3
33333,23555,segundo,15.3,3 esquina,8.2,1,5,3
33333,24444,segundo,15.3,3 esquina,8.2,1,5,3
33333,24445,segundo,15.3,3 esquina,8.2,1,5,3
33333,24455,segundo,15.3,3 esquina,8.2,1,5,3
33333,24555,segundo,15.3,3 esquina,8.2,1,5,3
33333,25555,segundo,15.3,3 esquina,8.2,1,5,3
33333,33333,primero,76.3,3 centro,69.9,0,1,3
33333,33334,primero,21.7,3 esquina,13.2,0,5,3
33333,33335,primero,21.7,3 esquina,13.2,0,5,3
33333,33344,segundo,16.0,3 esquina,8.6,1,5,3
33333,33345,segundo,16.0,3 esquina,8.6,1,5,3
33333,33355,segundo,16.0,3 esquina,8.6,1,5,3
33333,33444,segundo,15.3,3 esquina,8.2,1,5,3
33333,33445,segundo,15.3,3 esquina,8.2,1,5,3
33333,33455,segundo,15.3,3 esquina,8.2,1,5,3
33333,33555,segundo,15.3,3 esquina,8.2,1,5,3
33333,34444,segundo,15.3,3 esquina,8.2,1,5,3
33333,34445,segundo,15.3,3 esquina,8.2,1,5,3
33333,34455,segundo,15.3,3 esquina,8.2,1,5,3
33333,34555,segundo,15.3,3 esquina,8.2,1,5,3
33333,35555,segundo,15.3,3 esquina,8.2,1,5,3
33333,44444,segundo,15.3,3 esquina,8.2,1,5,3
33333,44445,segundo,15.3,3 esquina,8.2,1,5,3
33333,44455,segundo,15.3,3 esquina,8.2,1,5,3
33333,44555,segundo,15.3,3 esquina,8.2,1,5,3
33333,45555,segundo,15.3,3 esquina,8.2,1,5,3
33333,55555,segundo,15.3,3 esquina,8.2,1,5,3
33334,11125,primero,90.0,4 centro,88.2,0,3,3
33334,11135,primero,87.7,4 centro,78.6,0,4,3
33334,11145,primero,58.3,4 centro,43.8,0,4,3
33334,11155,primero,52.0,4 centro,38.8,0,5,3
33334,11225,primero,90.0,4 centro,88.2,0,3,3
33334,11235,primero,87.7,4 centro,78.6,0,4,3
33334,11245,primero,58.3,4 centro,43.8,0,4,3
33334,11255,primero,52.0,4 centro,38.8,0,5,3
33334,11335,primero,66.7,4 lado,62.2,0,5,3
33334,11345,primero,33.7,4 centro,28.4,0,5,3
33334,11355,primero,30.0,4 centro,25.0,0,5,3
33334,11445,segundo,15.3,4 esquina,10.7,1,5,3
33334,11455,segundo,15.3,4 esquina,8.2,1,5,3
33334,11555,segundo,15.3,4 esquina,8.2,1,5,3
33334,12225,primero,90.0,4 centro,88.2,0,3,3
33334,12235,primero,87.7,4 centro,78.6,0,4,3
33334,12245,primero,58.3,4 centro,43.8,0,4,3
33334,12255,primero,52.0,4 centro,38.9,0,5,3
33334,12335,primero,66.7,4 lado,62.2,0,5,3
33334,12345,primero,33.7,4 centro,28.4,0,5,3
33334,12355,primero,30.0,4 centro,25.0,0,5,3
33334,12445,segundo,15.3,4 esquina,10.7,1,5,3
33334,12455,segundo,15.3,4 esquina,8.2,1,5,3
33334,12555,segundo,15.3,4 esquina,8.2,1,5,3
33334,13335,primero,57.0,4 lado,50.0,0,5,3
33334,13345,segundo,28.0,4 centro,24.2,1,5,3
33334,13355,segundo,26.7,4 centro,22.1,1,5,3
33334,13444,segundo,16.7,4 esquina,11.7,1,3,3
33334,13445,segundo,15.3,4 esquina,8.4,1,5,3
33334,13455,segundo,15.3,4 esquina,8.2,1,5,3
33334,13555,segundo,15.3,4 esquina,8.2,1,5,3
33334,14444,segundo,16.7,4 esquina,11.7,1,3,3
33334,14445,segundo,15.3,4 esquina,8.4,1,5,3
33334,14455,segundo,15.3,4 esquina,8.2,1,5,3
33334,14555,segundo,15.3,4 esquina,8.2,1,5,3
33334,15555,segundo,15.3,4 esquina,8.2,1,5,3
33334,22235,primero,87.7,4 centro,78.6,0,4,3
33334,22245,primero,58.3,4 centro,43.8,0,4,3
33334,22255,primero,52.0,4 centro,38.8,0,5,3
33334,22335,primero,66.7,4 lado,62.2,0,5,3
33334,22345,primero,33.7,4 centro,28.4,0,5,3
33334,22355,primero,30.0,4 centro,25.0,0,5,3
33334,22445,segundo,15.3,4 esquina,10.7,1,5,3
33334,22455,segundo,15.3,4 esquina,8.2,1,5,3
33334,22555,segundo,15.3,4 esquina,8.2,1,5,3
33334,23335,primero,57.0,4 lado,50.0,0,5,3
33334,23345,segundo,28.0,4 centro,24.2,1,5,3
33334,23355,segundo,26.7,4 centro,22.1,1,5,3
33334,23444,segundo,16.7,4 esquina,11.7,1,3,3
33334,23445,segundo,15.3,4 esquina,8.4,1,5,3
33334,23455,segundo,15.3,4 esquina,8.2,1,5,3
33334,23555,segundo,15.3,4 esquina,8.2,1,5,3
33334,24444,segundo,16.7,4 esquina,11.7,1,3,3
33334,24445,segundo,15.3,4 esquina,8.4,1,5,3
33334,24455,segundo,15.3,4 esquina,8.2,1,5,3
33334,24555,segundo,15.3,4 esquina,8.2,1,5,3
33334,25555,segundo,15.3,4 esquina,8.2,1,5,3
33334,33335,primero,48.0,4 lado,43.0,0,5,3
33334,33345,segundo,27.3,4 centro,23.7,1,5,3
33334,33355,segundo,26.7,4 centro,21.9,1,5,3
33334,33444,segundo,16.7,4 esquina,11.7,1,3,3
33334,33445,segundo,15.3,4 esquina,8.4,1,5,3
33334,33455,segundo,15.3,4 esquina,8.2,1,5,3
33334,33555,segundo,15.3,4 esquina,8.2,1,5,3
33334,34444,segundo,16.7,4 esquina,11.7,1,3,3
33334,34445,segundo,15.3,4 esquina,8.4,1,5,3
33334,34455,segundo,15.3,4 esquina,8.2,1,5,3
33334,34555,segundo,15.3,4 esquina,8.2,1,5,3
33334,35555,segundo,15.3,4 esquina,8.2,1,5,3
33334,44444,segundo,16.7,4 esquina,11.7,1,3,3
33334,44445,segundo,15.3,4 esquina,8.4,1,5,3
33334,44455,segundo,15.3,4 esquina,8.2,1,5,3
33334,44555,segundo,15.3,4 esquina,8.2,1,5,3
33334,45555,segundo,15.3,4 esquina,8.2,1,5,3
33334,55555,segundo,15.3,4 esquina,8.2,1,5,3
33335,13555,segundo,16.7,5 esquina,11.7,1,3,3
33335,14555,segundo,16.7,5 esquina,11.7,1,3,3
33335,15555,segundo,16.7,5 esquina,11.7,1,3,3
33335,23555,segundo,16.7,5 esquina,11.7,1,3,3
33335,24555,segundo,16.7,5 esquina,11.7,1,3,3
33335,25555,segundo,16.7,5 esquina,11.7,1,3,3
33335,33555,segundo,16.7,5 esquina,11.7,1,3,3
33335,34555,segundo,16.7,5 esquina,11.7,1,3,3
33335,35555,segundo,16.7,5 esquina,11.7,1,3,3
33335,44555,segundo,16.7,5 esquina,11.7,1,3,3
33335,45555,segundo,16.7,5 esquina,11.7,1,3,3
33335,55555,segundo,16.7,5 esquina,11.7,1,3,3
33344,11125,primero,90.0,4 centro,88.2,0,3,3
33344,11135,primero,89.7,4 centro,84.8,0,4,3
33344,11145,primero,64.3,4 centro,51.7,0,4,3
33344,11155,primero,52.0,4 centro,38.6,0,5,3
33344,11225,primero,90.0,4 centro,88.2,0,3,3
33344,11235,primero,89.7,4 centro,84.8,0,4,3
33344,11245,primero,64.3,4 centro,51.7,0,4,3
33344,11255,primero,52.0,4 centro,38.6,0,5,3
33344,11335,primero,81.7,4 centro,78.1,0,4,3
33344,11345,primero,55.7,4 centro,45.3,0,4,3
33344,11355,primero,47.0,4 centro,34.7,0,5,3
33344,11445,segundo,17.3,4 esquina,13.9,1,5,3
33344,11455,segundo,17.3,4 esquina,11.4,1,5,3
33344,11555,segundo,15.3,4 esquina,8.2,1,5,3
33344,12225,primero,90.0,4 centro,88.2,0,3,3
33344,12235,primero,89.7,4 centro,84.8,0,4,3
33344,12245,primero,64.3,4 centro,51.7,0,4,3
33344,12255,primero,52.0,4 centro,38.7,0,5,3
33344,12335,primero,81.7,4 centro,78.1,0,4,3
33344,12345,primero,55.7,4 centro,45.3,0,4,3
33344,12355,primero,47.0,4 centro,34.7,0,5,3
33344,12445,segundo,17.3,4 esquina,13.9,1,5,3
33344,12455,segundo,17.3,4 esquina,11.4,1,5,3
33344,12555,segundo,15.3,4 esquina,8.2,1,5,3
33344,13335,primero,74.3,4 esquina,72.4,0,4,3
33344,13345,primero,49.7,4 centro,40.7,0,4,3
33344,13355,primero,38.3,4 centro,30.8,0,5,3
33344,13445,segundo,17.3,4 esquina,13.6,1,5,3
33344,13455,segundo,17.3,4 esquina,11.4,1,5,3
33344,13555,segundo,15.3,4 esquina,8.2,1,5,3
33344,14444,segundo,20.7,4 centro,16.2,1,1,3
33344,14445,segundo,15.3,4 esquina,8.7,1,5,3
33344,14455,segundo,15.3,4 esquina,8.2,1,5,3
33344,14555,segundo,15.3,4 esquina,8.2,1,5,3
33344,15555,segundo,15.3,4 esquina,8.2,1,5,3
33344,22235,primero,89.7,4 centro,84.8,0,4,3
33344,22245,primero,64.3,4 centro,51.7,0,4,3
33344,22255,primero,52.0,4 centro,38.6,0,5,3
33344,22335,primero,81.7,4 centro,78.1,0,4,3
33344,22345,primero,55.7,4 centro,45.3,0,4,3
33344,22355,primero,47.0,4 centro,34.7,0,5,3
33344,22445,segundo,17.3,4 esquina,13.9,1,5,3
33344,22455,segundo,17.3,4 esquina,11.4,1,5,3
33344,22555,segundo,15.3,4 esquina,8.2,1,5,3
33344,23335,primero,74.3,4 esquina,72.4,0,4,3
33344,23345,primero,49.7,4 centro,40.7,0,4,3
33344,23355,primero,38.3,4 centro,30.8,0,5,3
33344,23445,segundo,17.3,4 esquina,13.6,1,5,3
33344,23455,segundo,17.3,4 esquina,11.4,1,5,3
33344,23555,segundo,15.3,4 esquina,8.2,1,5,3
33344,24444,segundo,20.7,4 centro,16.2,1,1,3
33344,24445,segundo,15.3,4 esquina,8.7,1,5,3
33344,24455,segundo,15.3,4 esquina,8.2,1,5,3
33344,24555,segundo,15.3,4 esquina,8.2,1,5,3
33344,25555,segundo,15.3,4 esquina,8.2,1,5,3
33344,33335,primero,71.0,4 esquina,67.4,0,4,3
33344,33345,primero,47.7,4 centro,38.7,0,4,3
33344,33355,primero,38.0,4 centro,30.4,0,5,3
33344,33445,segundo,17.3,4 esquina,13.6,1,5,3
33344,33455,segundo,17.3,4 esquina,11.4,1,5,3
33344,33555,segundo,15.3,4 esquina,8.2,1,5,3
33344,34444,segundo,20.7,4 centro,16.2,1,1,3
33344,34445,segundo,15.3,4 esquina,8.7,1,5,3
33344,34455,segundo,15.3,4 esquina,8.2,1,5,3
33344,34555,segundo,15.3,4 esquina,8.2,1,5,3
33344,35555,segundo,15.3,4 esquina,8.2,1,5,3
33344,44444,segundo,20.7,4 centro,16.2,1,1,3
33344,44445,segundo,15.3,4 esquina,8.7,1,5,3
33344,44455,segundo,15.3,4 esquina,8.2,1,5,3
33344,44555,segundo,15.3,4 esquina,8.2,1,5,3
33344,45555,segundo,15.3,4 esquina,8.2,1,5,3
33344,55555,segundo,15.3,4 esquina,8.2,1,5,3
33345,14555,segundo,16.7,5 esquina,11.7,1,3,3
33345,15555,segundo,16.7,5 esquina,11.7,1,3,3
33345,24555,segundo,16.7,5 esquina,11.7,1,3,3
33345,25555,segundo,16.7,5 esquina,11.7,1,3,3
33345,34555,segundo,16.7,5 esquina,11.7,1,3,3
33345,35555,segundo,16.7,5 esquina,11.7,1,3,3
33345,44555,segundo,16.7,5 esquina,11.7,1,3,3
33345,45555,segundo,16.7,5 esquina,11.7,1,3,3
33345,55555,segundo,16.7,5 esquina,11.7,1,3,3
33355,15555,segundo,20.7,5 centro,16.2,1,1,3
33355,25555,segundo,20.7,5 centro,16.2,1,1,3
33355,35555,segundo,20.7,5 centro,16.2,1,1,3
33355,45555,segundo,20.7,5 centro,16.2,1,1,3
33355,55555,segundo,20.7,5 centro,16.2,1,1,3
33444,11125,primero,90.0,4 centro,88.2,0,3,3
33444,11135,primero,89.7,4 centro,87.9,0,3,3
33444,11145,primero,74.0,4 centro,62.0,0,4,3
33444,11155,primero,52.0,4 centro,38.7,0,5,3
33444,11225,primero,90.0,4 centro,88.2,0,3,3
33444,11235,primero,89.7,4 centro,87.9,0,3,3
33444,11245,primero,74.0,4 centro,62.0,0,4,3
33444,11255,primero,52.0,4 centro,38.7,0,5,3
33444,11335,primero,89.7,4 esquina,86.6,0,3,3
33444,11345,primero,72.3,4 centro,60.7,0,4,3
33444,11355,primero,52.0,4 centro,37.4,0,5,3
33444,11445,tablas,24.7,4 centro,20.8,0,5,3
33444,11455,segundo,18.0,4 esquina,12.3,1,5,3
33444,11555,segundo,15.3,4 esquina,8.2,1,5,3
33444,12225,primero,90.0,4 centro,88.2,0,3,3
33444,12235,primero,89.7,4 centro,87.9,0,3,3
33444,12245,primero,74.0,4 centro,62.0,0,4,3
33444,12255,primero,52.0,4 centro,38.8,0,5,3
33444,12335,primero,89.7,4 esquina,86.6,0,3,3
33444,12345,primero,72.3,4 centro,60.7,0,4,3
33444,12355,primero,52.0,4 centro,37.6,0,5,3
33444,12445,tablas,24.7,4 centro,20.8,0,5,3
33444,12455,segundo,18.0,4 esquina,12.3,1,5,3
33444,12555,segundo,15.3,4 esquina,8.2,1,5,3
33444,13335,primero,89.0,4 centro,85.9,0,3,3
33444,13345,primero,69.7,4 centro,58.1,0,4,3
33444,13355,primero,48.0,4 centro,35.3,0,5,3
33444,13445,segundo,24.7,4 centro,20.3,1,5,3
33444,13455,segundo,18.0,4 esquina,12.3,1,5,3
33444,13555,segundo,15.3,4 esquina,8.2,1,5,3
33444,14444,tablas,35.3,4 centro,29.9,0,1,3
33444,14445,segundo,17.3,4 esquina,11.0,1,5,3
33444,14455,segundo,15.7,4 esquina,8.4,1,5,3
33444,14555,segundo,15.3,4 esquina,8.2,1,5,3
33444,15555,segundo,15.3,4 esquina,8.2,1,5,3
33444,22235,primero,89.7,4 centro,87.9,0,3,3
33444,22245,primero,74.0,4 centro,62.0,0,4,3
33444,22255,primero,52.0,4 centro,38.7,0,5,3
33444,22335,primero,89.7,4 esquina,86.6,0,3,3
33444,22345,primero,72.3,4 centro,60.7,0,4,3
33444,22355,primero,52.0,4 centro,37.4,0,5,3
33444,22445,tablas,24.7,4 centro,20.8,0,5,3
33444,22455,segundo,18.0,4 esquina,12.3,1,5,3
33444,22555,segundo,15.3,4 esquina,8.2,1,5,3
33444,23335,primero,89.0,4 centro,85.9,0,3,3
33444,23345,primero,69.7,4 centro,58.1,0,4,3
33444,23355,primero,48.0,4 centro,35.3,0,5,3
33444,23445,segundo,24.7,4 centro,20.3,1,5,3
33444,23455,segundo,18.0,4 esquina,12.3,1,5,3
33444,23555,segundo,15.3,4 esquina,8.2,1,5,3
33444,24444,tablas,35.3,4 centro,29.9,0,1,3
33444,24445,segundo,17.3,4 esquina,11.0,1,5,3
33444,24455,segundo,15.7,4 esquina,8.4,1,5,3
33444,24555,segundo,15.3,4 esquina,8.2,1,5,3
33444,25555,segundo,15.3,4 esquina,8.2,1,5,3
33444,33335,primero,88.3,4 esquina,84.4,0,3,3
33444,33345,primero,69.0,4 centro,57.0,0,4,3
33444,33355,primero,47.0,4 centro,34.7,0,5,3
33444,33445,segundo,23.7,4 centro,19.9,1,5,3
33444,33455,segundo,18.0,4 esquina,12.3,1,5,3
33444,33555,segundo,15.3,4 esquina,8.2,1,5,3
33444,34444,tablas,33.7,4 centro,27.4,0,1,3
33444,34445,segundo,16.7,4 esquina,10.7,1,5,3
33444,34455,segundo,15.7,4 esquina,8.4,1,5,3
33444,34555,segundo,15.3,4 esquina,8.2,1,5,3
33444,35555,segundo,15.3,4 esquina,8.2,1,5,3
33444,44444,tablas,33.7,4 centro,27.1,0,1,3
33444,44445,segundo,16.7,4 esquina,10.7,1,5,3
33444,44455,segundo,15.7,4 esquina,8.4,1,5,3
33444,44555,segundo,15.3,4 esquina,8.2,1,5,3
33444,45555,segundo,15.3,4 esquina,8.2,1,5,3
33444,55555,segundo,15.3,4 esquina,8.2,1,5,3
33445,14555,segundo,16.7,5 esquina,11.7,1,3,3
33445,15555,segundo,16.7,5 esquina,11.7,1,3,3
33445,24555,segundo,16.7,5 esquina,11.7,1,3,3
33445,25555,segundo,16.7,5 esquina,11.7,1,3,3
33445,34555,segundo,16.7,5 esquina,11.7,1,3,3
33445,35555,segundo,16.7,5 esquina,11.7,1,3,3
33445,44555,segundo,16.7,5 esquina,11.7,1,3,3
33445,45555,segundo,16.7,5 esquina,11.7,1,3,3
33445,55555,segundo,16.7,5 esquina,11.7,1,3,3
33455,15555,segundo,20.7,5 centro,16.2,1,1,3
33455,25555,segundo,20.7,5 centro,16.2,1,1,3
33455,35555,segundo,20.7,5 centro,16.2,1,1,3
33455,45555,segundo,20.7,5 centro,16.2,1,1,3
33455,55555,segundo,20.7,5 centro,16.2,1,1,3
33555,15555,tablas,35.3,5 centro,29.9,0,1,3
33555,25555,tablas,35.3,5 centro,29.9,0,1,3
33555,35555,tablas,33.7,5 centro,27.4,0,1,3
33555,45555,tablas,33.7,5 centro,27.3,0,1,3
33555,55555,tablas,33.7,5 centro,27.1,0,1,3
34444,11125,primero,90.0,4 centro,88.2,0,3,3
34444,11135,primero,90.0,4 centro,88.2,0,3,3
34444,11145,primero,77.3,4 centro,67.7,0,4,3
34444,11155,primero,52.3,4 centro,38.8,0,5,3
34444,11225,primero,90.0,4 centro,88.2,0,3,3
34444,11235,primero,90.0,4 centro,88.2,0,3,3
34444,11245,primero,77.3,4 centro,67.7,0,4,3
34444,11255,primero,52.3,4 centro,38.8,0,5,3
34444,11335,primero,90.0,4 centro,88.2,0,3,3
34444,11345,primero,76.7,4 centro,67.0,0,4,3
34444,11355,primero,52.3,4 centro,38.2,0,5,3
34444,11445,primero,42.7,4 centro,33.1,0,5,3
34444,11455,segundo,18.7,4 esquina,13.4,1,5,3
34444,11555,segundo,15.3,4 esquina,8.2,1,5,3
34444,12225,primero,90.0,4 centro,88.2,0,3,3
34444,12235,primero,90.0,4 centro,88.2,0,3,3
34444,12245,primero,77.3,4 centro,67.7,0,4,3
34444,12255,primero,52.3,4 centro,38.8,0,5,3
34444,12335,primero,90.0,4 centro,88.2,0,3,3
34444,12345,primero,76.7,4 centro,67.0,0,4,3
34444,12355,primero,52.3,4 centro,38.2,0,5,3
34444,12445,primero,42.7,4 centro,33.1,0,5,3
34444,12455,segundo,18.7,4 esquina,13.4,1,5,3
34444,12555,segundo,15.3,4 esquina,8.2,1,5,3
34444,13335,primero,90.0,4 centro,88.2,0,3,3
34444,13345,primero,76.7,4 centro,67.0,0,4,3
34444,13355,primero,52.7,4 centro,38.4,0,5,3
34444,13445,primero,41.0,4 centro,32.3,0,5,3
34444,13455,segundo,18.7,4 esquina,13.4,1,5,3
34444,13555,segundo,15.3,4 esquina,8.2,1,5,3
34444,14444,primero,79.7,4 centro,56.6,0,1,3
34444,14445,segundo,24.3,4 esquina,17.7,1,5,3
34444,14455,segundo,16.0,4 esquina,8.6,1,5,3
34444,14555,segundo,15.3,4 esquina,8.2,1,5,3
34444,15555,segundo,15.3,4 esquina,8.2,1,5,3
34444,22235,primero,90.0,4 centro,88.2,0,3,3
34444,22245,primero,77.3,4 centro,67.7,0,4,3
34444,22255,primero,52.3,4 centro,38.8,0,5,3
34444,22335,primero,90.0,4 centro,88.2,0,3,3
34444,22345,primero,76.7,4 centro,67.0,0,4,3
34444,22355,primero,52.3,4 centro,38.2,0,5,3
34444,22445,primero,42.7,4 centro,33.1,0,5,3
34444,22455,segundo,18.7,4 esquina,13.4,1,5,3
34444,22555,segundo,15.3,4 esquina,8.2,1,5,3
34444,23335,primero,90.0,4 centro,88.2,0,3,3
34444,23345,primero,76.7,4 centro,67.0,0,4,3
34444,23355,primero,52.7,4 centro,38.4,0,5,3
34444,23445,primero,41.0,4 centro,32.3,0,5,3
34444,23455,segundo,18.7,4 esquina,13.4,1,5,3
34444,23555,segundo,15.3,4 esquina,8.2,1,5,3
34444,24444,primero,79.7,4 centro,56.6,0,1,3
34444,24445,segundo,24.3,4 esquina,17.7,1,5,3
34444,24455,segundo,16.0,4 esquina,8.6,1,5,3
34444,24555,segundo,15.3,4 esquina,8.2,1,5,3
34444,25555,segundo,15.3,4 esquina,8.2,1,5,3
34444,33335,primero,90.0,4 centro,88.2,0,3,3
34444,33345,primero,76.7,4 centro,67.0,0,4,3
34444,33355,primero,52.7,4 centro,38.3,0,5,3
34444,33445,primero,40.0,4 centro,32.0,0,5,3
34444,33455,segundo,18.7,4 esquina,13.4,1,5,3
34444,33555,segundo,15.3,4 esquina,8.2,1,5,3
34444,34444,primero,79.7,4 centro,56.6,0,1,3
34444,34445,segundo,19.7,4 esquina,13.2,1,5,3
34444,34455,segundo,16.0,4 esquina,8.6,1,5,3
34444,34555,segundo,15.3,4 esquina,8.2,1,5,3
34444,35555,segundo,15.3,4 esquina,8.2,1,5,3
34444,44444,primero,51.3,4 centro,35.7,0,1,3
34444,44445,segundo,17.7,4 esquina,11.2,1,5,3
34444,44455,segundo,16.0,4 esquina,8.6,1,5,3
34444,44555,segundo,15.3,4 esquina,8.2,1,5,3
34444,45555,segundo,15.3,4 esquina,8.2,1,5,3
34444,55555,segundo,15.3,4 esquina,8.2,1,5,3
34445,14555,segundo,16.7,5 esquina,11.7,1,3,3
34445,15555,segundo,16.7,5 esquina,11.7,1,3,3
34445,24555,segundo,16.7,5 esquina,11.7,1,3,3
34445,25555,segundo,16.7,5 esquina,11.7,1,3,3
34445,34555,segundo,16.7,5 esquina,11.7,1,3,3
34445,35555,segundo,16.7,5 esquina,11.7,1,3,3
34445,44555,segundo,16.7,5 esquina,11.7,1,3,3
34445,45555,segundo,16.7,5 esquina,11.7,1,3,3
34445,55555,segundo,16.7,5 esquina,11.7,1,3,3
34455,15555,segundo,20.7,5 centro,16.2,1,1,3
34455,25555,segundo,20.7,5 centro,16.2,1,1,3
34455,35555,segundo,20.7,5 centro,16.2,1,1,3
34455,45555,segundo,20.7,5 centro,16.2,1,1,3
34455,55555,segundo,20.7,5 centro,16.2,1,1,3
34555,15555,tablas,42.0,5 centro,32.9,0,1,3
34555,25555,tablas,42.0,5 centro,32.9,0,1,3
34555,35555,tablas,42.0,5 centro,32.6,0,1,3
34555,45555,tablas,33.7,5 centro,27.4,0,1,3
34555,55555,tablas,33.7,5 centro,27.1,0,1,3
35555,15555,primero,79.7,5 centro,56.6,0,1,3
35555,25555,primero,79.7,5 centro,56.6,0,1,3
35555,35555,primero,79.7,5 centro,56.6,0,1,3
35555,45555,primero,79.7,5 centro,56.6,0,1,3
35555,55555,primero,51.3,5 centro,35.7,0,1,3
44444,11125,primero,90.0,4 centro,88.2,0,3,3
44444,11135,primero,90.0,4 centro,88.2,0,3,3
44444,11145,primero,81.3,4 centro,70.7,0,4,3
44444,11155,primero,52.3,4 centro,38.7,0,5,3
44444,11225,primero,90.0,4 centro,88.2,0,3,3
44444,11235,primero,90.0,4 centro,88.2,0,3,3
44444,11245,primero,81.3,4 centro,70.7,0,4,3
44444,11255,primero,52.3,4 centro,38.7,0,5,3
44444,11335,primero,90.0,4 centro,88.2,0,3,3
44444,11345,primero,81.3,4 centro,70.7,0,4,3
44444,11355,primero,52.3,4 centro,38.7,0,5,3
44444,11445,primero,49.0,4 centro,41.9,0,5,3
44444,11455,segundo,18.7,4 esquina,13.4,1,5,3
44444,11555,segundo,15.3,4 esquina,8.2,1,5,3
44444,12225,primero,90.0,4 centro,88.2,0,3,3
44444,12235,primero,90.0,4 centro,88.2,0,3,3
44444,12245,primero,81.3,4 centro,70.7,0,4,3
44444,12255,primero,52.3,4 centro,38.7,0,5,3
44444,12335,primero,90.0,4 centro,88.2,0,3,3
44444,12345,primero,81.3,4 centro,70.7,0,4,3
44444,12355,primero,52.3,4 centro,38.7,0,5,3
44444,12445,primero,49.0,4 centro,41.9,0,5,3
44444,12455,segundo,18.7,4 esquina,13.4,1,5,3
44444,12555,segundo,15.3,4 esquina,8.2,1,5,3
44444,13335,primero,90.0,4 centro,88.2,0,3,3
44444,13345,primero,81.3,4 centro,70.7,0,4,3
44444,13355,primero,52.3,4 centro,38.7,0,5,3
44444,13445,primero,49.0,4 centro,41.9,0,5,3
44444,13455,segundo,18.7,4 esquina,13.4,1,5,3
44444,13555,segundo,15.3,4 esquina,8.2,1,5,3
44444,14444,primero,88.0,4 centro,83.4,0,1,3
44444,14445,primero,32.3,4 esquina,22.7,0,5,3
44444,14455,segundo,16.0,4 esquina,8.6,1,5,3
44444,14555,segundo,15.3,4 esquina,8.2,1,5,3
44444,15555,segundo,15.3,4 esquina,8.2,1,5,3
44444,22235,primero,90.0,4 centro,88.2,0,3,3
44444,22245,primero,81.3,4 centro,70.7,0,4,3
44444,22255,primero,52.3,4 centro,38.7,0,5,3
44444,22335,primero,90.0,4 centro,88.2,0,3,3
44444,22345,primero,81.3,4 centro,70.7,0,4,3
44444,22355,primero,52.3,4 centro,38.7,0,5,3
44444,22445,primero,49.0,4 centro,41.9,0,5,3
44444,22455,segundo,18.7,4 esquina,13.4,1,5,3
44444,22555,segundo,15.3,4 esquina,8.2,1,5,3
44444,23335,primero,90.0,4 esquina,88.2,0,3,3
44444,23345,primero,81.3,4 centro,70.7,0,4,3
44444,23355,primero,52.3,4 centro,38.7,0,5,3
44444,23445,primero,49.0,4 centro,41.9,0,5,3
44444,23455,segundo,18.7,4 esquina,13.4,1,5,3
44444,23555,segundo,15.3,4 esquina,8.2,1,5,3
44444,24444,primero,88.0,4 centro,83.4,0,1,3
44444,24445,primero,32.3,4 esquina,22.7,0,5,3
44444,24455,segundo,16.0,4 esquina,8.6,1,5,3
44444,24555,segundo,15.3,4 esquina,8.2,1,5,3
44444,25555,segundo,15.3,4 esquina,8.2,1,5,3
44444,33335,primero,90.0,4 esquina,88.2,0,3,3
44444,33345,primero,81.3,4 centro,70.7,0,4,3
44444,33355,primero,52.3,4 centro,38.7,0,5,3
44444,33445,primero,49.0,4 centro,41.9,0,5,3
44444,33455,segundo,18.7,4 esquina,13.4,1,5,3
44444,33555,segundo,15.3,4 esquina,8.2,1,5,3
44444,34444,primero,88.0,4 centro,83.4,0,1,3
44444,34445,primero,32.3,4 esquina,22.7,0,5,3
44444,34455,segundo,16.0,4 esquina,8.6,1,5,3
44444,34555,segundo,15.3,4 esquina,8.2,1,5,3
44444,35555,segundo,15.3,4 esquina,8.2,1,5,3
44444,44444,primero,76.3,4 centro,69.9,0,1,3
44444,44445,primero,21.7,4 esquina,13.2,0,5,3
44444,44455,segundo,16.0,4 esquina,8.6,1,5,3
44444,44555,segundo,15.3,4 esquina,8.2,1,5,3
44444,45555,segundo,15.3,4 esquina,8.2,1,5,3
44444,55555,segundo,15.3,4 esquina,8.2,1,5,3
44445,14555,segundo,16.7,5 esquina,11.7,1,3,3
44445,15555,segundo,16.7,5 esquina,11.7,1,3,3
44445,24555,segundo,16.7,5 esquina,11.7,1,3,3
44445,25555,segundo,16.7,5 esquina,11.7,1,3,3
44445,34555,segundo,16.7,5 esquina,11.7,1,3,3
44445,35555,segundo,16.7,5 esquina,11.7,1,3,3
44445,44555,segundo,16.7,5 esquina,11.7,1,3,3
44445,45555,segundo,16.7,5 esquina,11.7,1,3,3
44445,55555,segundo,16.7,5 esquina,11.7,1,3,3
44455,15555,segundo,20.7,5 centro,16.2,1,1,3
44455,25555,segundo,20.7,5 centro,16.2,1,1,3
44455,35555,segundo,20.7,5 centro,16.2,1,1,3
44455,45555,segundo,20.7,5 centro,16.2,1,1,3
44455,55555,segundo,20.7,5 centro,16.2,1,1,3
44555,15555,tablas,35.3,5 centro,29.9,0,1,3
44555,25555,tablas,35.3,5 centro,29.9,0,1,3
44555,35555,tablas,35.3,5 centro,29.9,0,1,3
44555,45555,tablas,33.7,5 centro,27.4,0,1,3
44555,55555,tablas,33.7,5 centro,27.1,0,1,3
45555,15555,primero,79.7,5 centro,56.6,0,1,3
45555,25555,primero,79.7,5 centro,56.6,0,1,3
45555,35555,primero,79.7,5 centro,56.6,0,1,3
45555,45555,primero,79.7,5 centro,56.6,0,1,3
45555,55555,primero,51.3,5 centro,35.7,0,1,3
55555,15555,primero,88.0,5 centro,83.4,0,1,3
55555,25555,primero,88.0,5 centro,83.4,0,1,3
55555,35555,primero,88.0,5 centro,83.4,0,1,3
55555,45555,primero,88.0,5 centro,83.4,0,1,3
55555,55555,primero,76.3,5 esquina,69.9,0,1,3
