white,black,teoria,max_gana1,apertura_max,prom_gana1,min_ganan,min_aguantan,aperturas
11122,23333,segundo,18.3,1 esquina,15.0,5,7,2
11122,23334,segundo,18.3,1 esquina,15.0,5,7,2
11122,23335,segundo,18.3,1 esquina,15.0,5,7,2
11122,23344,segundo,18.3,1 esquina,15.0,5,7,2
11122,23345,segundo,18.3,1 esquina,15.0,5,7,2
11122,23355,segundo,18.3,1 esquina,15.0,5,7,2
11122,23444,segundo,18.3,1 esquina,15.0,5,7,2
11122,23445,segundo,18.3,1 esquina,15.0,5,7,2
11122,23455,segundo,18.3,1 esquina,15.0,5,7,2
11122,23555,segundo,18.3,1 esquina,15.0,5,7,2
11122,24444,segundo,18.3,1 esquina,15.0,5,7,2
11122,24445,segundo,18.3,1 esquina,15.0,5,7,2
11122,24455,segundo,18.3,1 esquina,15.0,5,7,2
11122,24555,segundo,18.3,1 esquina,15.0,5,7,2
11122,25555,segundo,18.3,1 esquina,15.0,5,7,2
11122,33333,segundo,18.7,1 esquina,15.2,5,7,2
11122,33334,segundo,18.7,1 esquina,15.2,5,7,2
11122,33335,segundo,18.7,1 esquina,15.2,5,7,2
11122,33344,segundo,18.7,1 esquina,15.2,5,7,2
11122,33345,segundo,18.7,1 esquina,15.2,5,7,2
11122,33355,segundo,18.7,1 esquina,15.2,5,7,2
11122,33444,segundo,18.7,1 esquina,15.2,5,7,2
11122,33445,segundo,18.7,1 esquina,15.2,5,7,2
11122,33455,segundo,18.7,1 esquina,15.2,5,7,2
11122,33555,segundo,18.7,1 esquina,15.2,5,7,2
11122,34444,segundo,18.7,1 esquina,15.2,5,7,2
11122,34445,segundo,18.7,1 esquina,15.2,5,7,2
11122,34455,segundo,18.7,1 esquina,15.2,5,7,2
11122,34555,segundo,18.7,1 esquina,15.2,5,7,2
11122,35555,segundo,18.7,1 esquina,15.2,5,7,2
11122,44444,segundo,18.7,1 esquina,15.2,5,7,2
11122,44445,segundo,18.7,1 esquina,15.2,5,7,2
11122,44455,segundo,18.7,1 esquina,15.2,5,7,2
11122,44555,segundo,18.7,1 esquina,15.2,5,7,2
11122,45555,segundo,18.7,1 esquina,15.2,5,7,2
11122,55555,segundo,18.7,1 esquina,15.2,5,7,2
11123,22333,segundo,23.7,1 esquina,19.3,5,7,2
11123,22334,segundo,23.7,1 esquina,19.3,5,7,2
11123,22335,segundo,23.7,1 esquina,19.3,5,7,2
11123,22344,segundo,23.7,1 esquina,19.3,5,7,2
11123,22345,segundo,23.7,1 esquina,19.3,5,7,2
11123,22355,segundo,23.7,1 esquina,19.3,5,7,2
11123,22444,segundo,21.3,1 esquina,17.2,5,7,2
11123,22445,segundo,21.3,1 esquina,17.2,5,7,2
11123,22455,segundo,21.3,1 esquina,17.2,5,7,2
11123,22555,segundo,21.3,1 esquina,17.2,5,7,2
11123,23333,segundo,20.0,1 esquina,17.2,5,7,2
11123,23334,segundo,20.0,1 esquina,17.2,5,7,2
11123,23335,segundo,20.0,1 esquina,17.2,5,7,2
11123,23344,segundo,20.0,1 esquina,17.2,5,7,2
11123,23345,segundo,20.0,1 esquina,17.2,5,7,2
11123,23355,segundo,20.0,1 esquina,17.2,5,7,2
11123,23444,segundo,19.0,1 esquina,16.0,5,7,2
11123,23445,segundo,19.0,1 esquina,16.0,5,7,2
11123,23455,segundo,19.0,1 esquina,16.0,5,7,2
11123,23555,segundo,19.0,1 esquina,16.0,5,7,2
11123,24444,segundo,18.7,1 esquina,15.5,5,7,2
11123,24445,segundo,18.7,1 esquina,15.5,5,7,2
11123,24455,segundo,18.7,1 esquina,15.5,5,7,2
11123,24555,segundo,18.7,1 esquina,15.5,5,7,2
11123,25555,segundo,18.7,1 esquina,15.5,5,7,2
11123,33333,segundo,17.7,1 esquina,14.7,5,7,2
11123,33334,segundo,17.7,1 esquina,14.7,5,7,2
11123,33335,segundo,17.7,1 esquina,14.7,5,7,2
11123,33344,segundo,17.7,1 esquina,14.7,5,7,2
11123,33345,segundo,17.7,1 esquina,14.7,5,7,2
11123,33355,segundo,17.7,1 esquina,14.7,5,7,2
11123,33444,segundo,18.3,1 esquina,15.0,5,7,2
11123,33445,segundo,18.3,1 esquina,15.0,5,7,2
11123,33455,segundo,18.3,1 esquina,15.0,5,7,2
11123,33555,segundo,18.3,1 esquina,15.0,5,7,2
11123,34444,segundo,18.3,1 esquina,15.0,5,7,2
11123,34445,segundo,18.3,1 esquina,15.0,5,7,2
11123,34455,segundo,18.3,1 esquina,15.0,5,7,2
11123,34555,segundo,18.3,1 esquina,15.0,5,7,2
11123,35555,segundo,18.3,1 esquina,15.0,5,7,2
11123,44444,segundo,18.7,1 esquina,15.2,5,7,2
11123,44445,segundo,18.7,1 esquina,15.2,5,7,2
11123,44455,segundo,18.7,1 esquina,15.2,5,7,2
11123,44555,segundo,18.7,1 esquina,15.2,5,7,2
11123,45555,segundo,18.7,1 esquina,15.2,5,7,2
11123,55555,segundo,18.7,1 esquina,15.2,5,7,2
11124,22333,segundo,25.7,1 esquina,21.0,5,7,2
11124,22334,segundo,25.7,1 esquina,21.0,5,7,2
11124,22335,segundo,25.7,1 esquina,21.0,5,7,2
11124,22344,segundo,25.3,1 esquina,20.5,5,7,2
11124,22345,segundo,25.3,1 esquina,20.5,5,7,2
11124,22355,segundo,25.3,1 esquina,20.5,5,7,2
11124,22444,segundo,23.7,1 esquina,19.3,5,7,2
11124,22445,segundo,23.7,1 esquina,19.3,5,7,2
11124,22455,segundo,23.7,1 esquina,19.3,5,7,2
11124,22555,segundo,21.3,1 esquina,17.2,5,7,2
11124,23333,segundo,23.7,1 esquina,19.5,5,7,2
11124,23334,segundo,23.7,1 esquina,19.5,5,7,2
11124,23335,segundo,23.7,1 esquina,19.5,5,7,2
11124,23344,segundo,23.7,1 esquina,19.5,5,7,2
11124,23345,segundo,23.7,1 esquina,19.5,5,7,2
11124,23355,segundo,23.0,1 esquina,19.2,5,7,2
11124,23444,segundo,20.3,1 esquina,17.5,5,7,2
11124,23445,segundo,20.3,1 esquina,17.5,5,7,2
11124,23455,segundo,20.3,1 esquina,17.5,5,7,2
11124,23555,segundo,18.7,1 esquina,15.7,5,7,2
11124,24444,segundo,20.0,1 esquina,17.2,5,7,2
11124,24445,segundo,20.0,1 esquina,17.2,5,7,2
11124,24455,segundo,20.0,1 esquina,17.2,5,7,2
11124,24555,segundo,19.0,1 esquina,16.0,5,7,2
11124,25555,segundo,18.7,1 esquina,15.5,5,7,2
11124,33333,segundo,23.3,1 esquina,18.5,5,7,2
11124,33334,segundo,23.3,1 esquina,18.5,5,7,2
11124,33335,segundo,23.3,1 esquina,18.5,5,7,2
11124,33344,segundo,23.3,1 esquina,18.5,5,7,2
11124,33345,segundo,23.3,1 esquina,18.5,5,7,2
11124,33355,segundo,23.0,1 esquina,18.2,5,7,2
11124,33444,segundo,20.3,1 esquina,17.2,5,7,2
11124,33445,segundo,20.3,1 esquina,17.2,5,7,2
11124,33455,segundo,20.3,1 esquina,17.0,5,7,2
11124,33555,segundo,18.7,1 esquina,15.2,5,7,2
11124,34444,segundo,19.7,1 esquina,16.3,5,7,2
11124,34445,segundo,19.7,1 esquina,16.3,5,7,2
11124,34455,segundo,19.7,1 esquina,16.3,5,7,2
11124,34555,segundo,18.7,1 esquina,15.2,5,7,2
11124,35555,segundo,18.7,1 esquina,15.2,5,7,2
11124,44444,segundo,17.7,1 esquina,14.7,5,7,2
11124,44445,segundo,17.7,1 esquina,14.7,5,7,2
11124,44455,segundo,17.7,1 esquina,14.7,5,7,2
11124,44555,segundo,18.3,1 esquina,15.0,5,7,2
11124,45555,segundo,18.3,1 esquina,15.0,5,7,2
11124,55555,segundo,18.7,1 esquina,15.2,5,7,2
11125,22333,segundo,25.7,1 esquina,21.0,5,7,2
11125,22334,segundo,25.7,1 esquina,21.0,5,7,2
11125,22335,segundo,25.7,1 esquina,21.0,5,7,2
11125,22344,segundo,25.7,1 esquina,21.0,5,7,2
11125,22345,segundo,25.7,1 esquina,21.0,5,7,2
11125,22355,segundo,25.3,1 esquina,20.5,5,7,2
11125,22444,segundo,25.7,1 esquina,21.0,5,7,2
11125,22445,segundo,25.7,1 esquina,21.0,5,7,2
11125,22455,segundo,25.3,1 esquina,20.5,5,7,2
11125,22555,segundo,23.7,1 esquina,19.3,5,7,2
11125,23333,segundo,23.7,1 esquina,19.5,5,7,2
11125,23334,segundo,23.7,1 esquina,19.5,5,7,2
11125,23335,segundo,23.7,1 esquina,19.5,5,7,2
11125,23344,segundo,23.7,1 esquina,19.5,5,7,2
11125,23345,segundo,23.7,1 esquina,19.5,5,7,2
11125,23355,segundo,23.7,1 esquina,19.5,5,7,2
11125,23444,segundo,23.7,1 esquina,19.5,5,7,2
11125,23445,segundo,23.7,1 esquina,19.5,5,7,2
11125,23455,segundo,23.7,1 esquina,19.5,5,7,2
11125,23555,segundo,20.3,1 esquina,17.5,5,7,2
11125,24444,segundo,23.7,1 esquina,19.5,5,7,2
11125,24445,segundo,23.7,1 esquina,19.5,5,7,2
11125,24455,segundo,23.7,1 esquina,19.5,5,7,2
11125,24555,segundo,20.3,1 esquina,17.5,5,7,2
11125,25555,segundo,20.0,1 esquina,17.2,5,7,2
11125,33333,segundo,23.3,1 esquina,18.5,5,7,2
11125,33334,segundo,23.3,1 esquina,18.5,5,7,2
11125,33335,segundo,23.3,1 esquina,18.5,5,7,2
11125,33344,segundo,23.3,1 esquina,18.5,5,7,2
11125,33345,segundo,23.3,1 esquina,18.5,5,7,2
11125,33355,segundo,23.3,1 esquina,18.5,5,7,2
11125,33444,segundo,23.3,1 esquina,18.5,5,7,2
11125,33445,segundo,23.3,1 esquina,18.5,5,7,2
11125,33455,segundo,23.3,1 esquina,18.5,5,7,2
11125,33555,segundo,20.3,1 esquina,17.2,5,7,2
11125,34444,segundo,23.3,1 esquina,18.5,5,7,2
11125,34445,segundo,23.3,1 esquina,18.5,5,7,2
11125,34455,segundo,23.3,1 esquina,18.5,5,7,2
11125,34555,segundo,20.3,1 esquina,17.2,5,7,2
11125,35555,segundo,19.7,1 esquina,16.3,5,7,2
11125,44444,segundo,23.3,1 esquina,18.5,5,7,2
11125,44445,segundo,23.3,1 esquina,18.5,5,7,2
11125,44455,segundo,23.3,1 esquina,18.5,5,7,2
11125,44555,segundo,20.3,1 esquina,17.2,5,7,2
11125,45555,segundo,19.7,1 esquina,16.3,5,7,2
11125,55555,segundo,17.7,1 esquina,14.7,5,7,2
11133,22233,primero,34.3,1 esquina,28.8,0,7,2
11133,22234,primero,34.3,1 esquina,28.7,0,7,2
11133,22235,primero,34.3,1 esquina,28.7,0,7,2
11133,22244,primero,33.7,1 esquina,28.2,0,7,2
11133,22245,primero,33.7,1 esquina,28.2,0,7,2
11133,22255,primero,33.7,1 esquina,28.2,0,7,2
11133,22333,tablas,30.3,1 esquina,24.8,0,7,2
11133,22334,tablas,30.3,1 esquina,24.8,0,7,2
11133,22335,tablas,30.3,1 esquina,24.8,0,7,2
11133,22344,tablas,30.3,1 esquina,24.8,0,7,2
11133,22345,tablas,30.3,1 esquina,24.8,0,7,2
11133,22355,tablas,30.3,1 esquina,24.8,0,7,2
11133,22444,segundo,25.3,1 esquina,21.2,4,7,2
11133,22445,segundo,25.3,1 esquina,21.2,4,7,2
11133,22455,segundo,25.3,1 esquina,21.2,4,7,2
11133,22555,segundo,25.3,1 esquina,21.2,4,7,2
11133,23333,segundo,26.3,1 esquina,21.0,4,7,2
11133,23334,segundo,26.3,1 esquina,21.0,4,7,2
11133,23335,segundo,26.3,1 esquina,21.0,4,7,2
11133,23344,segundo,26.3,1 esquina,21.0,4,7,2
11133,23345,segundo,26.3,1 esquina,21.0,4,7,2
11133,23355,segundo,26.3,1 esquina,21.0,4,7,2
11133,23444,segundo,25.0,1 esquina,20.0,4,7,2
11133,23445,segundo,25.0,1 esquina,20.0,4,7,2
11133,23455,segundo,25.0,1 esquina,20.0,4,7,2
11133,23555,segundo,25.0,1 esquina,20.0,4,7,2
11133,24444,segundo,24.0,1 esquina,19.3,4,7,2
11133,24445,segundo,24.0,1 esquina,19.3,4,7,2
11133,24455,segundo,24.0,1 esquina,19.3,4,7,2
11133,24555,segundo,24.0,1 esquina,19.3,4,7,2
11133,25555,segundo,24.0,1 esquina,19.3,4,7,2
11133,33333,segundo,17.7,1 esquina,14.0,5,7,2
11133,33334,segundo,17.7,1 esquina,14.0,5,7,2
11133,33335,segundo,17.7,1 esquina,14.0,5,7,2
11133,33344,segundo,17.7,1 esquina,14.0,5,7,2
11133,33345,segundo,17.7,1 esquina,14.0,5,7,2
11133,33355,segundo,17.7,1 esquina,14.0,5,7,2
11133,33444,segundo,18.3,1 esquina,14.7,5,7,2
11133,33445,segundo,18.3,1 esquina,14.7,5,7,2
11133,33455,segundo,18.3,1 esquina,14.7,5,7,2
11133,33555,segundo,18.3,1 esquina,14.7,5,7,2
11133,34444,segundo,18.3,1 esquina,15.0,5,7,2
11133,34445,segundo,18.3,1 esquina,15.0,5,7,2
11133,34455,segundo,18.3,1 esquina,15.0,5,7,2
11133,34555,segundo,18.3,1 esquina,15.0,5,7,2
11133,35555,segundo,18.3,1 esquina,15.0,5,7,2
11133,44444,segundo,18.7,1 esquina,15.2,5,7,2
11133,44445,segundo,18.7,1 esquina,15.2,5,7,2
11133,44455,segundo,18.7,1 esquina,15.2,5,7,2
11133,44555,segundo,18.7,1 esquina,15.2,5,7,2
11133,45555,segundo,18.7,1 esquina,15.2,5,7,2
11133,55555,segundo,18.7,1 esquina,15.2,5,7,2
11134,22233,primero,38.0,1 esquina,31.2,0,7,2
11134,22234,primero,37.3,1 esquina,30.3,0,7,2
11134,22235,primero,37.0,1 esquina,30.2,0,7,2
11134,22244,primero,33.7,1 esquina,28.2,0,7,2
11134,22245,primero,33.7,1 esquina,28.2,0,7,2
11134,22255,primero,33.7,1 esquina,28.2,0,7,2
11134,22333,primero,33.0,1 esquina,27.0,0,7,2
11134,22334,primero,32.7,1 esquina,26.7,0,7,2
11134,22335,primero,32.7,1 esquina,26.7,0,7,2
11134,22344,primero,31.0,1 esquina,25.3,0,7,2
11134,22345,primero,31.0,1 esquina,25.3,0,7,2
11134,22355,primero,31.0,1 esquina,25.3,0,7,2
11134,22444,segundo,26.0,1 esquina,21.7,4,7,2
11134,22445,segundo,26.0,1 esquina,21.7,4,7,2
11134,22455,segundo,26.0,1 esquina,21.7,4,7,2
11134,22555,segundo,25.3,1 esquina,21.2,4,7,2
11134,23333,primero,33.3,1 esquina,26.3,0,7,2
11134,23334,primero,32.7,1 esquina,26.0,0,7,2
11134,23335,primero,32.7,1 esquina,26.0,0,7,2
11134,23344,primero,31.3,1 esquina,24.8,0,7,2
11134,23345,primero,31.3,1 esquina,24.8,0,7,2
11134,23355,primero,31.3,1 esquina,24.8,0,7,2
11134,23444,segundo,26.3,1 esquina,21.3,4,7,2
11134,23445,segundo,26.3,1 esquina,21.3,4,7,2
11134,23455,segundo,26.3,1 esquina,21.3,4,7,2
11134,23555,segundo,26.0,1 esquina,21.0,4,7,2
11134,24444,segundo,23.3,1 esquina,19.5,4,7,2
11134,24445,segundo,23.3,1 esquina,19.5,4,7,2
11134,24455,segundo,23.3,1 esquina,19.5,4,7,2
11134,24555,segundo,23.7,1 esquina,19.5,4,7,2
11134,25555,segundo,24.0,1 esquina,19.3,4,7,2
11134,33333,segundo,28.0,1 esquina,23.2,1,7,2
11134,33334,segundo,28.0,1 esquina,23.2,1,7,2
11134,33335,segundo,28.0,1 esquina,23.2,1,7,2
11134,33344,segundo,28.0,1 esquina,22.7,1,7,2
11134,33345,segundo,28.0,1 esquina,22.7,1,7,2
11134,33355,segundo,28.0,1 esquina,22.7,1,7,2
11134,33444,segundo,23.7,1 esquina,19.3,5,7,2
11134,33445,segundo,23.7,1 esquina,19.3,5,7,2
11134,33455,segundo,23.7,1 esquina,19.3,5,7,2
11134,33555,segundo,21.3,1 esquina,17.2,5,7,2
11134,34444,segundo,20.0,1 esquina,17.2,5,7,2
11134,34445,segundo,20.0,1 esquina,17.2,5,7,2
11134,34455,segundo,20.0,1 esquina,17.2,5,7,2
11134,34555,segundo,19.0,1 esquina,16.0,5,7,2
11134,35555,segundo,18.7,1 esquina,15.5,5,7,2
11134,44444,segundo,17.7,1 esquina,14.7,5,7,2
11134,44445,segundo,17.7,1 esquina,14.7,5,7,2
11134,44455,segundo,17.7,1 esquina,14.7,5,7,2
11134,44555,segundo,18.3,1 esquina,15.0,5,7,2
11134,45555,segundo,18.3,1 esquina,15.0,5,7,2
11134,55555,segundo,18.7,1 esquina,15.2,5,7,2
11135,22233,primero,38.0,1 esquina,31.2,0,7,2
11135,22234,primero,37.7,1 esquina,30.7,0,7,2
11135,22235,primero,37.3,1 esquina,30.3,0,7,2
11135,22244,primero,34.3,1 esquina,28.5,0,7,2
11135,22245,primero,34.0,1 esquina,28.3,0,7,2
11135,22255,primero,33.7,1 esquina,28.2,0,7,2
11135,22333,primero,33.0,1 esquina,27.0,0,7,2
11135,22334,primero,32.7,1 esquina,26.7,0,7,2
11135,22335,primero,32.7,1 esquina,26.7,0,7,2
11135,22344,primero,31.0,1 esquina,25.7,0,7,2
11135,22345,primero,31.3,1 esquina,25.8,0,7,2
11135,22355,primero,31.0,1 esquina,25.3,0,7,2
11135,22444,tablas,27.0,1 esquina,22.0,0,7,2
11135,22445,tablas,27.3,1 esquina,22.2,0,7,2
11135,22455,tablas,27.0,1 esquina,22.0,0,7,2
11135,22555,segundo,26.0,1 esquina,21.7,4,7,2
11135,23333,primero,33.3,1 esquina,26.3,0,7,2
11135,23334,primero,33.0,1 esquina,26.2,0,7,2
11135,23335,primero,32.7,1 esquina,26.0,0,7,2
11135,23344,primero,31.3,1 esquina,25.2,0,7,2
11135,23345,primero,31.3,1 esquina,25.0,0,7,2
11135,23355,primero,31.3,1 esquina,24.8,0,7,2
11135,23444,tablas,27.0,1 esquina,21.8,0,7,2
11135,23445,tablas,27.0,1 esquina,21.8,0,7,2
11135,23455,tablas,26.7,1 esquina,21.7,0,7,2
11135,23555,segundo,26.3,1 esquina,21.3,4,7,2
11135,24444,tablas,26.3,1 esquina,21.3,0,7,2
11135,24445,tablas,26.3,1 esquina,21.2,0,7,2
11135,24455,tablas,26.0,1 esquina,21.0,0,7,2
11135,24555,segundo,24.7,1 esquina,20.3,4,7,2
11135,25555,segundo,23.3,1 esquina,19.5,4,7,2
11135,33333,segundo,28.0,1 esquina,23.2,1,7,2
11135,33334,segundo,28.0,1 esquina,23.2,1,7,2
11135,33335,segundo,28.0,1 esquina,23.2,1,7,2
11135,33344,segundo,28.0,1 esquina,23.0,1,7,2
11135,33345,segundo,28.0,1 esquina,23.0,1,7,2
11135,33355,segundo,28.0,1 esquina,22.7,1,7,2
11135,33444,segundo,25.7,1 esquina,21.0,5,7,2
11135,33445,segundo,25.7,1 esquina,21.0,5,7,2
11135,33455,segundo,25.3,1 esquina,20.5,5,7,2
11135,33555,segundo,23.7,1 esquina,19.3,5,7,2
11135,34444,segundo,23.7,1 esquina,19.5,5,7,2
11135,34445,segundo,23.7,1 esquina,19.5,5,7,2
11135,34455,segundo,23.7,1 esquina,19.5,5,7,2
11135,34555,segundo,20.3,1 esquina,17.5,5,7,2
11135,35555,segundo,20.0,1 esquina,17.2,5,7,2
11135,44444,segundo,23.3,1 esquina,18.5,5,7,2
11135,44445,segundo,23.3,1 esquina,18.5,5,7,2
11135,44455,segundo,23.3,1 esquina,18.5,5,7,2
11135,44555,segundo,20.3,1 esquina,17.2,5,7,2
11135,45555,segundo,19.7,1 esquina,16.3,5,7,2
11135,55555,segundo,17.7,1 esquina,14.7,5,7,2
11144,22233,primero,40.0,1 esquina,33.7,0,7,2
11144,22234,primero,40.0,1 esquina,32.7,0,7,2
11144,22235,primero,37.7,1 esquina,30.8,0,7,2
11144,22244,primero,34.3,1 esquina,28.8,0,7,2
11144,22245,primero,34.3,1 esquina,28.7,0,7,2
11144,22255,primero,33.7,1 esquina,28.2,0,7,2
11144,22333,primero,40.0,1 esquina,32.8,0,7,2
11144,22334,primero,40.3,1 esquina,32.8,0,7,2
11144,22335,primero,37.7,1 esquina,30.8,0,7,2
11144,22344,primero,34.3,1 esquina,28.8,0,7,2
11144,22345,primero,34.3,1 esquina,28.7,0,7,2
11144,22355,primero,33.7,1 esquina,28.2,0,7,2
11144,22444,tablas,30.3,1 esquina,24.8,0,7,2
11144,22445,tablas,30.3,1 esquina,24.8,0,7,2
11144,22455,tablas,30.3,1 esquina,24.8,0,7,2
11144,22555,segundo,25.3,1 esquina,21.2,4,7,2
11144,23333,primero,40.0,1 esquina,33.2,0,7,2
11144,23334,primero,40.0,1 esquina,32.7,0,7,2
11144,23335,primero,37.7,1 esquina,30.8,0,7,2
11144,23344,primero,34.3,1 esquina,28.8,0,7,2
11144,23345,primero,34.3,1 esquina,28.7,0,7,2
11144,23355,primero,33.7,1 esquina,28.2,0,7,2
11144,23444,tablas,30.3,1 esquina,24.8,0,7,2
11144,23445,tablas,30.3,1 esquina,24.8,0,7,2
11144,23455,tablas,30.3,1 esquina,24.8,0,7,2
11144,23555,segundo,25.3,1 esquina,21.2,4,7,2
11144,24444,segundo,26.3,1 esquina,21.0,4,7,2
11144,24445,segundo,26.3,1 esquina,21.0,4,7,2
11144,24455,segundo,26.3,1 esquina,21.0,4,7,2
11144,24555,segundo,25.0,1 esquina,20.0,4,7,2
11144,25555,segundo,24.0,1 esquina,19.3,4,7,2
11144,33333,primero,40.3,1 esquina,33.0,0,7,2
11144,33334,primero,39.7,1 esquina,32.2,0,7,2
11144,33335,primero,37.7,1 esquina,30.8,0,7,2
11144,33344,primero,34.3,1 esquina,28.8,0,7,2
11144,33345,primero,34.3,1 esquina,28.7,0,7,2
11144,33355,primero,33.7,1 esquina,28.2,0,7,2
11144,33444,tablas,30.3,1 esquina,24.8,0,7,2
11144,33445,tablas,30.3,1 esquina,24.8,0,7,2
11144,33455,tablas,30.3,1 esquina,24.8,0,7,2
11144,33555,segundo,25.3,1 esquina,21.2,4,7,2
11144,34444,segundo,26.3,1 esquina,21.0,4,7,2
11144,34445,segundo,26.3,1 esquina,21.0,4,7,2
11144,34455,segundo,26.3,1 esquina,21.0,4,7,2
11144,34555,segundo,25.0,1 esquina,20.0,4,7,2
11144,35555,segundo,24.0,1 esquina,19.3,4,7,2
11144,44444,segundo,17.7,1 esquina,14.0,5,7,2
11144,44445,segundo,17.7,1 esquina,14.0,5,7,2
11144,44455,segundo,17.7,1 esquina,14.0,5,7,2
11144,44555,segundo,18.3,1 esquina,14.7,5,7,2
11144,45555,segundo,18.3,1 esquina,15.0,5,7,2
11144,55555,segundo,18.7,1 esquina,15.2,5,7,2
11145,22233,primero,40.0,1 esquina,33.7,0,7,2
11145,22234,primero,39.7,1 esquina,33.0,0,7,2
11145,22235,primero,38.3,1 esquina,31.7,0,7,2
11145,22244,primero,38.0,1 esquina,31.2,0,7,2
11145,22245,primero,37.3,1 esquina,30.3,0,7,2
11145,22255,primero,33.7,1 esquina,28.2,0,7,2
11145,22333,primero,40.0,1 esquina,33.0,0,7,2
11145,22334,primero,40.0,1 esquina,32.8,0,7,2
11145,22335,primero,38.3,1 esquina,31.7,0,7,2
11145,22344,primero,38.0,1 esquina,31.2,0,7,2
11145,22345,primero,37.3,1 esquina,30.3,0,7,2
11145,22355,primero,33.7,1 esquina,28.2,0,7,2
11145,22444,primero,33.0,1 esquina,27.0,0,7,2
11145,22445,primero,32.7,1 esquina,26.7,0,7,2
11145,22455,primero,31.0,1 esquina,25.3,0,7,2
11145,22555,segundo,26.0,1 esquina,21.7,4,7,2
11145,23333,primero,40.0,1 esquina,33.3,0,7,2
11145,23334,primero,39.7,1 esquina,33.2,0,7,2
11145,23335,primero,38.3,1 esquina,31.7,0,7,2
11145,23344,primero,38.0,1 esquina,31.2,0,7,2
11145,23345,primero,37.3,1 esquina,30.3,0,7,2
11145,23355,primero,33.7,1 esquina,28.2,0,7,2
11145,23444,primero,33.0,1 esquina,27.0,0,7,2
11145,23445,primero,32.7,1 esquina,26.7,0,7,2
11145,23455,primero,31.0,1 esquina,25.3,0,7,2
11145,23555,segundo,26.0,1 esquina,21.7,4,7,2
11145,24444,primero,33.3,1 esquina,26.3,0,7,2
11145,24445,primero,32.7,1 esquina,26.0,0,7,2
11145,24455,primero,31.3,1 esquina,24.8,0,7,2
11145,24555,segundo,26.3,1 esquina,21.3,4,7,2
11145,25555,segundo,23.3,1 esquina,19.5,4,7,2
11145,33333,primero,40.3,1 esquina,33.0,0,7,2
11145,33334,primero,40.0,1 esquina,32.8,0,7,2
11145,33335,primero,38.3,1 esquina,31.5,0,7,2
11145,33344,primero,38.0,1 esquina,31.2,0,7,2
11145,33345,primero,37.3,1 esquina,30.3,0,7,2
11145,33355,primero,33.7,1 esquina,28.2,0,7,2
11145,33444,primero,33.0,1 esquina,27.0,0,7,2
11145,33445,primero,32.7,1 esquina,26.7,0,7,2
11145,33455,primero,31.0,1 esquina,25.3,0,7,2
11145,33555,segundo,26.0,1 esquina,21.7,4,7,2
11145,34444,primero,33.3,1 esquina,26.3,0,7,2
11145,34445,primero,32.7,1 esquina,26.0,0,7,2
11145,34455,primero,31.3,1 esquina,24.8,0,7,2
11145,34555,segundo,26.3,1 esquina,21.3,4,7,2
11145,35555,segundo,23.3,1 esquina,19.5,4,7,2
11145,44444,segundo,28.0,1 esquina,23.2,1,7,2
11145,44445,segundo,28.0,1 esquina,23.2,1,7,2
11145,44455,segundo,28.0,1 esquina,22.7,1,7,2
11145,44555,segundo,23.7,1 esquina,19.3,5,7,2
11145,45555,segundo,20.0,1 esquina,17.2,5,7,2
11145,55555,segundo,17.7,1 esquina,14.7,5,7,2
11155,22233,primero,40.0,1 esquina,33.7,0,7,2
11155,22234,primero,40.0,1 esquina,33.7,0,7,2
11155,22235,primero,40.0,1 esquina,32.7,0,7,2
11155,22244,primero,40.0,1 esquina,33.7,0,7,2
11155,22245,primero,40.0,1 esquina,32.7,0,7,2
11155,22255,primero,34.3,1 esquina,28.8,0,7,2
11155,22333,primero,40.0,1 esquina,32.8,0,7,2
11155,22334,primero,40.0,1 esquina,33.3,0,7,2
11155,22335,primero,40.3,1 esquina,32.8,0,7,2
11155,22344,primero,40.0,1 esquina,33.3,0,7,2
11155,22345,primero,40.3,1 esquina,32.8,0,7,2
11155,22355,primero,34.3,1 esquina,28.8,0,7,2
11155,22444,primero,40.0,1 esquina,32.8,0,7,2
11155,22445,primero,40.3,1 esquina,32.8,0,7,2
11155,22455,primero,34.3,1 esquina,28.8,0,7,2
11155,22555,tablas,30.3,1 esquina,24.8,0,7,2
11155,23333,primero,40.0,1 esquina,33.2,0,7,2
11155,23334,primero,40.0,1 esquina,33.5,0,7,2
11155,23335,primero,40.0,1 esquina,32.7,0,7,2
11155,23344,primero,40.0,1 esquina,33.8,0,7,2
11155,23345,primero,40.0,1 esquina,32.7,0,7,2
11155,23355,primero,34.3,1 esquina,28.8,0,7,2
11155,23444,primero,40.3,1 esquina,33.2,0,7,2
11155,23445,primero,40.3,1 esquina,32.8,0,7,2
11155,23455,primero,34.3,1 esquina,28.8,0,7,2
11155,23555,tablas,30.3,1 esquina,24.8,0,7,2
11155,24444,primero,40.0,1 esquina,33.2,0,7,2
11155,24445,primero,40.0,1 esquina,32.7,0,7,2
11155,24455,primero,34.3,1 esquina,28.8,0,7,2
11155,24555,tablas,30.3,1 esquina,24.8,0,7,2
11155,25555,segundo,26.3,1 esquina,21.0,4,7,2
11155,33333,primero,40.3,1 esquina,33.0,0,7,2
11155,33334,primero,40.3,1 esquina,33.3,0,7,2
11155,33335,primero,39.7,1 esquina,32.2,0,7,2
11155,33344,primero,40.0,1 esquina,33.7,0,7,2
11155,33345,primero,40.0,1 esquina,32.7,0,7,2
11155,33355,primero,34.3,1 esquina,28.8,0,7,2
11155,33444,primero,40.0,1 esquina,32.8,0,7,2
11155,33445,primero,40.3,1 esquina,32.8,0,7,2
11155,33455,primero,34.3,1 esquina,28.8,0,7,2
11155,33555,tablas,30.3,1 esquina,24.8,0,7,2
11155,34444,primero,40.0,1 esquina,33.2,0,7,2
11155,34445,primero,40.0,1 esquina,32.7,0,7,2
11155,34455,primero,34.3,1 esquina,28.8,0,7,2
11155,34555,tablas,30.3,1 esquina,24.8,0,7,2
11155,35555,segundo,26.3,1 esquina,21.0,4,7,2
11155,44444,primero,40.3,1 esquina,33.0,0,7,2
11155,44445,primero,39.7,1 esquina,32.2,0,7,2
11155,44455,primero,34.3,1 esquina,28.8,0,7,2
11155,44555,tablas,30.3,1 esquina,24.8,0,7,2
11155,45555,segundo,26.3,1 esquina,21.0,4,7,2
11155,55555,segundo,17.7,1 esquina,14.0,5,7,2
11222,33333,segundo,18.7,1 esquina,15.2,5,7,2
11222,33334,segundo,18.7,1 esquina,15.2,5,7,2
11222,33335,segundo,18.7,1 esquina,15.2,5,7,2
11222,33344,segundo,18.7,1 esquina,15.2,5,7,2
11222,33345,segundo,18.7,1 esquina,15.2,5,7,2
11222,33355,segundo,18.7,1 esquina,15.2,5,7,2
11222,33444,segundo,18.7,1 esquina,15.2,5,7,2
11222,33445,segundo,18.7,1 esquina,15.2,5,7,2
11222,33455,segundo,18.7,1 esquina,15.2,5,7,2
11222,33555,segundo,18.7,1 esquina,15.2,5,7,2
11222,34444,segundo,18.7,1 esquina,15.2,5,7,2
11222,34445,segundo,18.7,1 esquina,15.2,5,7,2
11222,34455,segundo,18.7,1 esquina,15.2,5,7,2
11222,34555,segundo,18.7,1 esquina,15.2,5,7,2
11222,35555,segundo,18.7,1 esquina,15.2,5,7,2
11222,44444,segundo,18.7,1 esquina,15.2,5,7,2
11222,44445,segundo,18.7,1 esquina,15.2,5,7,2
11222,44455,segundo,18.7,1 esquina,15.2,5,7,2
11222,44555,segundo,18.7,1 esquina,15.2,5,7,2
11222,45555,segundo,18.7,1 esquina,15.2,5,7,2
11222,55555,segundo,18.7,1 esquina,15.2,5,7,2
11223,23333,segundo,19.3,1 esquina,17.7,2,5,2
11223,23334,segundo,19.3,1 esquina,17.7,2,5,2
11223,23335,segundo,19.3,1 esquina,17.7,2,5,2
11223,23344,segundo,19.3,1 esquina,17.7,2,5,2
11223,23345,segundo,19.3,1 esquina,17.7,2,5,2
11223,23355,segundo,19.3,1 esquina,17.7,2,5,2
11223,23444,segundo,18.7,1 esquina,17.2,2,5,2
11223,23445,segundo,18.7,1 esquina,17.2,2,5,2
11223,23455,segundo,18.7,1 esquina,17.2,2,5,2
11223,23555,segundo,18.7,1 esquina,17.2,2,5,2
11223,24444,segundo,18.3,1 esquina,16.7,2,5,2
11223,24445,segundo,18.3,1 esquina,16.7,2,5,2
11223,24455,segundo,18.3,1 esquina,16.7,2,5,2
11223,24555,segundo,18.3,1 esquina,16.7,2,5,2
11223,25555,segundo,18.3,1 esquina,16.7,2,5,2
11223,33333,segundo,17.7,1 esquina,14.7,5,7,2
11223,33334,segundo,17.7,1 esquina,14.7,5,7,2
11223,33335,segundo,17.7,1 esquina,14.7,5,7,2
11223,33344,segundo,17.7,1 esquina,14.7,5,7,2
11223,33345,segundo,17.7,1 esquina,14.7,5,7,2
11223,33355,segundo,17.7,1 esquina,14.7,5,7,2
11223,33444,segundo,18.3,1 esquina,15.0,5,7,2
11223,33445,segundo,18.3,1 esquina,15.0,5,7,2
11223,33455,segundo,18.3,1 esquina,15.0,5,7,2
11223,33555,segundo,18.3,1 esquina,15.0,5,7,2
11223,34444,segundo,18.3,1 esquina,15.0,5,7,2
11223,34445,segundo,18.3,1 esquina,15.0,5,7,2
11223,34455,segundo,18.3,1 esquina,15.0,5,7,2
11223,34555,segundo,18.3,1 esquina,15.0,5,7,2
11223,35555,segundo,18.3,1 esquina,15.0,5,7,2
11223,44444,segundo,18.7,1 esquina,15.2,5,7,2
11223,44445,segundo,18.7,1 esquina,15.2,5,7,2
11223,44455,segundo,18.7,1 esquina,15.2,5,7,2
11223,44555,segundo,18.7,1 esquina,15.2,5,7,2
11223,45555,segundo,18.7,1 esquina,15.2,5,7,2
11223,55555,segundo,18.7,1 esquina,15.2,5,7,2
11224,23333,segundo,21.0,1 esquina,19.3,2,5,2
11224,23334,segundo,21.0,1 esquina,19.3,2,5,2
11224,23335,segundo,21.0,1 esquina,19.3,2,5,2
11224,23344,segundo,21.0,1 esquina,19.2,2,5,2
11224,23345,segundo,21.0,1 esquina,19.2,2,5,2
11224,23355,segundo,20.7,1 esquina,19.0,2,5,2
11224,23444,segundo,20.0,1 esquina,18.5,2,5,2
11224,23445,segundo,20.0,1 esquina,18.5,2,5,2
11224,23455,segundo,20.0,1 esquina,18.5,2,5,2
11224,23555,segundo,18.7,1 esquina,17.3,2,5,2
11224,24444,segundo,19.3,1 esquina,17.7,2,5,2
11224,24445,segundo,19.3,1 esquina,17.7,2,5,2
11224,24455,segundo,19.3,1 esquina,17.7,2,5,2
11224,24555,segundo,18.7,1 esquina,17.2,2,5,2
11224,25555,segundo,18.3,1 esquina,16.7,2,5,2
11224,33333,segundo,23.3,1 esquina,18.5,5,7,2
11224,33334,segundo,23.3,1 esquina,18.5,5,7,2
11224,33335,segundo,23.3,1 esquina,18.5,5,7,2
11224,33344,segundo,23.3,1 esquina,18.5,5,7,2
11224,33345,segundo,23.3,1 esquina,18.5,5,7,2
11224,33355,segundo,23.0,1 esquina,18.2,5,7,2
11224,33444,segundo,20.3,1 esquina,17.2,5,7,2
11224,33445,segundo,20.3,1 esquina,17.2,5,7,2
11224,33455,segundo,20.3,1 esquina,17.0,5,7,2
11224,33555,segundo,18.7,1 esquina,15.2,5,7,2
11224,34444,segundo,19.7,1 esquina,16.3,5,7,2
11224,34445,segundo,19.7,1 esquina,16.3,5,7,2
11224,34455,segundo,19.7,1 esquina,16.3,5,7,2
11224,34555,segundo,18.7,1 esquina,15.2,5,7,2
11224,35555,segundo,18.7,1 esquina,15.2,5,7,2
11224,44444,segundo,17.7,1 esquina,14.7,5,7,2
11224,44445,segundo,17.7,1 esquina,14.7,5,7,2
11224,44455,segundo,17.7,1 esquina,14.7,5,7,2
11224,44555,segundo,18.3,1 esquina,15.0,5,7,2
11224,45555,segundo,18.3,1 esquina,15.0,5,7,2
11224,55555,segundo,18.7,1 esquina,15.2,5,7,2
11225,23333,segundo,21.0,1 esquina,19.3,2,5,2
11225,23334,segundo,21.0,1 esquina,19.3,2,5,2
11225,23335,segundo,21.0,1 esquina,19.3,2,5,2
11225,23344,segundo,21.0,1 esquina,19.3,2,5,2
11225,23345,segundo,21.0,1 esquina,19.3,2,5,2
11225,23355,segundo,21.0,1 esquina,19.2,2,5,2
11225,23444,segundo,21.0,1 esquina,19.3,2,5,2
11225,23445,segundo,21.0,1 esquina,19.3,2,5,2
11225,23455,segundo,21.0,1 esquina,19.2,2,5,2
11225,23555,segundo,20.0,1 esquina,18.5,2,5,2
11225,24444,segundo,21.0,1 esquina,19.3,2,5,2
11225,24445,segundo,21.0,1 esquina,19.3,2,5,2
11225,24455,segundo,21.0,1 esquina,19.2,2,5,2
11225,24555,segundo,20.0,1 esquina,18.5,2,5,2
11225,25555,segundo,19.3,1 esquina,17.7,2,5,2
11225,33333,segundo,23.3,1 esquina,18.5,5,7,2
11225,33334,segundo,23.3,1 esquina,18.5,5,7,2
11225,33335,segundo,23.3,1 esquina,18.5,5,7,2
11225,33344,segundo,23.3,1 esquina,18.5,5,7,2
11225,33345,segundo,23.3,1 esquina,18.5,5,7,2
11225,33355,segundo,23.3,1 esquina,18.5,5,7,2
11225,33444,segundo,23.3,1 esquina,18.5,5,7,2
11225,33445,segundo,23.3,1 esquina,18.5,5,7,2
11225,33455,segundo,23.3,1 esquina,18.5,5,7,2
11225,33555,segundo,20.3,1 esquina,17.2,5,7,2
11225,34444,segundo,23.3,1 esquina,18.5,5,7,2
11225,34445,segundo,23.3,1 esquina,18.5,5,7,2
11225,34455,segundo,23.3,1 esquina,18.5,5,7,2
11225,34555,segundo,20.3,1 esquina,17.2,5,7,2
11225,35555,segundo,19.7,1 esquina,16.3,5,7,2
11225,44444,segundo,23.3,1 esquina,18.5,5,7,2
11225,44445,segundo,23.3,1 esquina,18.5,5,7,2
11225,44455,segundo,23.3,1 esquina,18.5,5,7,2
11225,44555,segundo,20.3,1 esquina,17.2,5,7,2
11225,45555,segundo,19.7,1 esquina,16.3,5,7,2
11225,55555,segundo,17.7,1 esquina,14.7,5,7,2
11233,22333,primero,33.7,1 esquina,32.0,0,5,2
11233,22334,primero,33.3,1 esquina,31.8,0,5,2
11233,22335,primero,33.3,1 esquina,31.8,0,5,2
11233,22344,primero,32.7,1 esquina,30.8,0,5,2
11233,22345,primero,32.7,1 esquina,30.8,0,5,2
11233,22355,primero,32.7,1 esquina,30.8,0,5,2
11233,22444,primero,26.0,1 esquina,25.8,0,5,2
11233,22445,primero,26.0,1 esquina,25.8,0,5,2
11233,22455,primero,26.0,1 esquina,25.8,0,5,2
11233,22555,primero,26.0,1 esquina,25.8,0,5,2
11233,23333,segundo,26.3,1 esquina,22.7,2,5,2
11233,23334,segundo,26.3,1 esquina,22.7,2,5,2
11233,23335,segundo,26.3,1 esquina,22.7,2,5,2
11233,23344,segundo,26.3,1 esquina,22.7,2,5,2
11233,23345,segundo,26.3,1 esquina,22.7,2,5,2
11233,23355,segundo,26.3,1 esquina,22.7,2,5,2
11233,23444,segundo,22.7,1 esquina,20.3,2,5,2
11233,23445,segundo,22.7,1 esquina,20.3,2,5,2
11233,23455,segundo,22.7,1 esquina,20.3,2,5,2
11233,23555,segundo,22.7,1 esquina,20.3,2,5,2
11233,24444,segundo,21.3,1 esquina,19.5,2,5,2
11233,24445,segundo,21.3,1 esquina,19.5,2,5,2
11233,24455,segundo,21.3,1 esquina,19.5,2,5,2
11233,24555,segundo,21.3,1 esquina,19.5,2,5,2
11233,25555,segundo,21.3,1 esquina,19.5,2,5,2
11233,33333,segundo,17.7,1 esquina,14.0,5,7,2
11233,33334,segundo,17.7,1 esquina,14.0,5,7,2
11233,33335,segundo,17.7,1 esquina,14.0,5,7,2
11233,33344,segundo,17.7,1 esquina,14.0,5,7,2
11233,33345,segundo,17.7,1 esquina,14.0,5,7,2
11233,33355,segundo,17.7,1 esquina,14.0,5,7,2
11233,33444,segundo,18.3,1 esquina,14.7,5,7,2
11233,33445,segundo,18.3,1 esquina,14.7,5,7,2
11233,33455,segundo,18.3,1 esquina,14.7,5,7,2
11233,33555,segundo,18.3,1 esquina,14.7,5,7,2
11233,34444,segundo,18.3,1 esquina,15.0,5,7,2
11233,34445,segundo,18.3,1 esquina,15.0,5,7,2
11233,34455,segundo,18.3,1 esquina,15.0,5,7,2
11233,34555,segundo,18.3,1 esquina,15.0,5,7,2
11233,35555,segundo,18.3,1 esquina,15.0,5,7,2
11233,44444,segundo,18.7,1 esquina,15.2,5,7,2
11233,44445,segundo,18.7,1 esquina,15.2,5,7,2
11233,44455,segundo,18.7,1 esquina,15.2,5,7,2
11233,44555,segundo,18.7,1 esquina,15.2,5,7,2
11233,45555,segundo,18.7,1 esquina,15.2,5,7,2
11233,55555,segundo,18.7,1 esquina,15.2,5,7,2
11234,22333,primero,40.7,1 esquina,36.7,0,5,2
11234,22334,primero,39.7,1 esquina,35.8,0,5,2
11234,22335,primero,39.7,1 esquina,35.8,0,5,2
11234,22344,primero,36.0,1 esquina,32.8,0,5,2
11234,22345,primero,36.0,1 esquina,32.8,0,5,2
11234,22355,primero,36.0,1 esquina,32.8,0,5,2
11234,22444,primero,26.3,1 lado,26.3,0,5,2
11234,22445,primero,26.3,1 lado,26.3,0,5,2
11234,22455,primero,26.3,1 lado,26.3,0,5,2
11234,22555,primero,26.0,1 esquina,25.8,0,5,2
11234,23333,primero,33.3,1 esquina,27.8,0,5,2
11234,23334,primero,32.0,1 esquina,27.0,0,5,2
11234,23335,primero,32.0,1 esquina,27.0,0,5,2
11234,23344,primero,30.7,1 esquina,25.3,0,5,2
11234,23345,primero,30.7,1 esquina,25.3,0,5,2
11234,23355,primero,30.7,1 esquina,25.3,0,5,2
11234,23444,segundo,24.3,1 esquina,21.2,2,5,2
11234,23445,segundo,24.3,1 esquina,21.2,2,5,2
11234,23455,segundo,24.3,1 esquina,21.2,2,5,2
11234,23555,segundo,24.0,1 esquina,21.0,2,5,2
11234,24444,segundo,21.3,1 esquina,19.8,2,5,2
11234,24445,segundo,21.3,1 esquina,19.8,2,5,2
11234,24455,segundo,21.3,1 esquina,19.8,2,5,2
11234,24555,segundo,21.3,1 esquina,19.8,2,5,2
11234,25555,segundo,21.3,1 esquina,19.5,2,5,2
11234,33333,segundo,28.0,1 esquina,23.2,1,7,2
11234,33334,segundo,28.0,1 esquina,23.2,1,7,2
11234,33335,segundo,28.0,1 esquina,23.2,1,7,2
11234,33344,segundo,28.0,1 esquina,22.7,1,7,2
11234,33345,segundo,28.0,1 esquina,22.7,1,7,2
11234,33355,segundo,28.0,1 esquina,22.7,1,7,2
11234,33444,segundo,23.7,1 esquina,19.3,5,7,2
11234,33445,segundo,23.7,1 esquina,19.3,5,7,2
11234,33455,segundo,23.7,1 esquina,19.3,5,7,2
11234,33555,segundo,21.3,1 esquina,17.2,5,7,2
11234,34444,segundo,20.0,1 esquina,17.2,5,7,2
11234,34445,segundo,20.0,1 esquina,17.2,5,7,2
11234,34455,segundo,20.0,1 esquina,17.2,5,7,2
11234,34555,segundo,19.0,1 esquina,16.0,5,7,2
11234,35555,segundo,18.7,1 esquina,15.5,5,7,2
11234,44444,segundo,17.7,1 esquina,14.7,5,7,2
11234,44445,segundo,17.7,1 esquina,14.7,5,7,2
11234,44455,segundo,17.7,1 esquina,14.7,5,7,2
11234,44555,segundo,18.3,1 esquina,15.0,5,7,2
11234,45555,segundo,18.3,1 esquina,15.0,5,7,2
11234,55555,segundo,18.7,1 esquina,15.2,5,7,2
11235,22333,primero,40.7,1 esquina,36.7,0,5,2
11235,22334,primero,41.0,1 esquina,37.2,0,5,2
11235,22335,primero,39.7,1 esquina,35.8,0,5,2
11235,22344,primero,37.0,1 esquina,33.7,0,5,2
11235,22345,primero,36.3,1 esquina,33.2,0,5,2
11235,22355,primero,36.0,1 esquina,32.8,0,5,2
11235,22444,primero,27.7,1 lado,27.5,0,5,2
11235,22445,primero,27.3,1 esquina,27.2,0,5,2
11235,22455,primero,27.0,1 esquina,26.8,0,5,2
11235,22555,primero,26.3,1 lado,26.3,0,5,2
11235,23333,primero,33.3,1 esquina,27.8,0,5,2
11235,23334,primero,33.0,1 esquina,27.7,0,5,2
11235,23335,primero,32.0,1 esquina,27.0,0,5,2
11235,23344,primero,31.7,1 esquina,26.2,0,5,2
11235,23345,primero,31.3,1 esquina,26.0,0,5,2
11235,23355,primero,30.7,1 esquina,25.3,0,5,2
11235,23444,tablas,25.3,1 esquina,21.8,0,5,2
11235,23445,tablas,25.0,1 esquina,21.5,0,5,2
11235,23455,tablas,24.3,1 esquina,21.2,0,5,2
11235,23555,segundo,24.3,1 esquina,21.2,2,5,2
11235,24444,tablas,24.3,1 esquina,21.5,0,5,2
11235,24445,tablas,24.0,1 esquina,21.2,0,5,2
11235,24455,tablas,23.3,1 esquina,20.8,0,5,2
11235,24555,segundo,23.0,1 esquina,20.7,2,5,2
11235,25555,segundo,21.3,1 esquina,19.8,2,5,2
11235,33333,segundo,28.0,1 esquina,23.2,1,7,2
11235,33334,segundo,28.0,1 esquina,23.2,1,7,2
11235,33335,segundo,28.0,1 esquina,23.2,1,7,2
11235,33344,segundo,28.0,1 esquina,23.0,1,7,2
11235,33345,segundo,28.0,1 esquina,23.0,1,7,2
11235,33355,segundo,28.0,1 esquina,22.7,1,7,2
11235,33444,segundo,25.7,1 esquina,21.0,5,7,2
11235,33445,segundo,25.7,1 esquina,21.0,5,7,2
11235,33455,segundo,25.3,1 esquina,20.5,5,7,2
11235,33555,segundo,23.7,1 esquina,19.3,5,7,2
11235,34444,segundo,23.7,1 esquina,19.5,5,7,2
11235,34445,segundo,23.7,1 esquina,19.5,5,7,2
11235,34455,segundo,23.7,1 esquina,19.5,5,7,2
11235,34555,segundo,20.3,1 esquina,17.5,5,7,2
11235,35555,segundo,20.0,1 esquina,17.2,5,7,2
11235,44444,segundo,23.3,1 esquina,18.5,5,7,2
11235,44445,segundo,23.3,1 esquina,18.5,5,7,2
11235,44455,segundo,23.3,1 esquina,18.5,5,7,2
11235,44555,segundo,20.3,1 esquina,17.2,5,7,2
11235,45555,segundo,19.7,1 esquina,16.3,5,7,2
11235,55555,segundo,17.7,1 esquina,14.7,5,7,2
11244,22333,primero,49.3,1 esquina,44.7,0,5,2
11244,22334,primero,49.0,1 esquina,44.5,0,5,2
11244,22335,primero,47.0,1 esquina,42.5,0,5,2
11244,22344,primero,41.7,1 esquina,39.0,0,5,2
11244,22345,primero,41.3,1 esquina,38.7,0,5,2
11244,22355,primero,39.0,1 esquina,36.5,0,5,2
11244,22444,primero,33.7,1 esquina,32.0,0,5,2
11244,22445,primero,33.3,1 esquina,31.8,0,5,2
11244,22455,primero,32.7,1 esquina,30.8,0,5,2
11244,22555,primero,26.0,1 esquina,25.8,0,5,2
11244,23333,primero,47.3,1 esquina,39.5,0,5,2
11244,23334,primero,45.7,1 esquina,38.3,0,5,2
11244,23335,primero,43.3,1 esquina,36.8,0,5,2
11244,23344,primero,39.0,1 esquina,33.3,0,5,2
11244,23345,primero,38.3,1 esquina,32.8,0,5,2
11244,23355,primero,36.0,1 esquina,31.0,0,5,2
11244,23444,primero,33.7,1 esquina,28.3,0,5,2
11244,23445,primero,33.0,1 esquina,28.0,0,5,2
11244,23455,primero,32.3,1 esquina,27.2,0,5,2
11244,23555,tablas,25.7,1 esquina,22.5,0,5,2
11244,24444,segundo,26.3,1 esquina,22.7,2,5,2
11244,24445,segundo,26.3,1 esquina,22.7,2,5,2
11244,24455,segundo,26.3,1 esquina,22.7,2,5,2
11244,24555,segundo,22.7,1 esquina,20.3,2,5,2
11244,25555,segundo,21.3,1 esquina,19.5,2,5,2
11244,33333,primero,40.3,1 esquina,33.2,0,7,2
11244,33334,primero,39.7,1 esquina,32.2,0,7,2
11244,33335,primero,37.7,1 esquina,30.8,0,7,2
11244,33344,primero,34.3,1 esquina,28.8,0,7,2
11244,33345,primero,34.3,1 esquina,28.7,0,7,2
11244,33355,primero,33.7,1 esquina,28.2,0,7,2
11244,33444,tablas,30.7,1 esquina,25.0,0,7,2
11244,33445,tablas,30.7,1 esquina,25.0,0,7,2
11244,33455,tablas,30.7,1 esquina,25.0,0,7,2
11244,33555,segundo,25.7,1 esquina,21.3,4,7,2
11244,34444,segundo,26.7,1 esquina,21.2,4,7,2
11244,34445,segundo,26.7,1 esquina,21.2,4,7,2
11244,34455,segundo,26.7,1 esquina,21.2,4,7,2
11244,34555,segundo,25.3,1 esquina,20.2,4,7,2
11244,35555,segundo,24.0,1 esquina,19.3,4,7,2
11244,44444,segundo,17.7,1 esquina,14.0,5,7,2
11244,44445,segundo,17.7,1 esquina,14.0,5,7,2
11244,44455,segundo,17.7,1 esquina,14.0,5,7,2
11244,44555,segundo,18.3,1 esquina,14.7,5,7,2
11244,45555,segundo,18.3,1 esquina,15.0,5,7,2
11244,55555,segundo,18.7,1 esquina,15.2,5,7,2
11245,22333,primero,49.7,1 esquina,45.0,0,5,2
11245,22334,primero,50.0,1 esquina,45.2,0,5,2
11245,22335,primero,47.7,1 esquina,43.2,0,5,2
11245,22344,primero,47.7,1 esquina,43.0,0,5,2
11245,22345,primero,45.7,1 esquina,41.7,0,5,2
11245,22355,primero,39.0,1 esquina,36.5,0,5,2
11245,22444,primero,40.7,1 esquina,36.7,0,5,2
11245,22445,primero,39.7,1 esquina,35.8,0,5,2
11245,22455,primero,36.0,1 esquina,32.8,0,5,2
11245,22555,primero,26.3,1 lado,26.3,0,5,2
11245,23333,primero,47.7,1 esquina,40.0,0,5,2
11245,23334,primero,46.7,1 esquina,39.5,0,5,2
11245,23335,primero,44.0,1 esquina,37.3,0,5,2
11245,23344,primero,43.0,1 esquina,36.2,0,5,2
11245,23345,primero,41.7,1 esquina,35.0,0,5,2
11245,23355,primero,36.0,1 esquina,31.0,0,5,2
11245,23444,primero,36.7,1 esquina,31.5,0,5,2
11245,23445,primero,36.0,1 esquina,30.7,0,5,2
11245,23455,primero,33.3,1 esquina,28.2,0,5,2
11245,23555,tablas,26.3,1 esquina,23.0,0,5,2
11245,24444,primero,33.3,1 esquina,27.8,0,5,2
11245,24445,primero,32.0,1 esquina,27.0,0,5,2
11245,24455,primero,30.7,1 esquina,25.3,0,5,2
11245,24555,segundo,24.3,1 esquina,21.2,2,5,2
11245,25555,segundo,21.3,1 esquina,19.8,2,5,2
11245,33333,primero,40.3,1 esquina,33.2,0,7,2
11245,33334,primero,40.0,1 esquina,32.8,0,7,2
11245,33335,primero,38.3,1 esquina,31.5,0,7,2
11245,33344,primero,38.0,1 esquina,31.2,0,7,2
11245,33345,primero,37.3,1 esquina,30.3,0,7,2
11245,33355,primero,33.7,1 esquina,28.2,0,7,2
11245,33444,primero,33.0,1 esquina,27.0,0,7,2
11245,33445,primero,32.7,1 esquina,26.7,0,7,2
11245,33455,primero,31.0,1 esquina,25.3,0,7,2
11245,33555,segundo,26.3,1 esquina,21.8,4,7,2
11245,34444,primero,33.3,1 esquina,26.3,0,7,2
11245,34445,primero,32.7,1 esquina,26.0,0,7,2
11245,34455,primero,31.3,1 esquina,24.8,0,7,2
11245,34555,segundo,26.7,1 esquina,21.5,4,7,2
11245,35555,segundo,23.3,1 esquina,19.5,4,7,2
11245,44444,segundo,28.0,1 esquina,23.2,1,7,2
11245,44445,segundo,28.0,1 esquina,23.2,1,7,2
11245,44455,segundo,28.0,1 esquina,22.7,1,7,2
11245,44555,segundo,23.7,1 esquina,19.3,5,7,2
11245,45555,segundo,20.0,1 esquina,17.2,5,7,2
11245,55555,segundo,17.7,1 esquina,14.7,5,7,2
11255,22333,primero,49.3,1 esquina,44.7,0,5,2
11255,22334,primero,49.3,1 esquina,44.8,0,5,2
11255,22335,primero,49.0,1 esquina,44.5,0,5,2
11255,22344,primero,49.3,1 esquina,44.7,0,5,2
11255,22345,primero,49.0,1 esquina,44.5,0,5,2
11255,22355,primero,41.7,1 esquina,39.0,0,5,2
11255,22444,primero,49.3,1 esquina,44.7,0,5,2
11255,22445,primero,49.0,1 esquina,44.5,0,5,2
11255,22455,primero,41.7,1 esquina,39.0,0,5,2
11255,22555,primero,33.7,1 esquina,32.0,0,5,2
11255,23333,primero,47.3,1 esquina,39.5,0,5,2
11255,23334,primero,47.0,1 esquina,39.5,0,5,2
11255,23335,primero,45.7,1 esquina,38.3,0,5,2
11255,23344,primero,46.7,1 esquina,39.3,0,5,2
11255,23345,primero,45.7,1 esquina,38.5,0,5,2
11255,23355,primero,39.0,1 esquina,33.3,0,5,2
11255,23444,primero,47.0,1 esquina,39.3,0,5,2
11255,23445,primero,46.0,1 esquina,38.7,0,5,2
11255,23455,primero,39.0,1 esquina,33.3,0,5,2
11255,23555,primero,33.7,1 esquina,28.3,0,5,2
11255,24444,primero,47.3,1 esquina,39.5,0,5,2
11255,24445,primero,45.7,1 esquina,38.3,0,5,2
11255,24455,primero,39.0,1 esquina,33.3,0,5,2
11255,24555,primero,33.7,1 esquina,28.3,0,5,2
11255,25555,segundo,26.3,1 esquina,22.7,2,5,2
11255,33333,primero,40.3,1 esquina,33.2,0,7,2
11255,33334,primero,40.3,1 esquina,33.3,0,7,2
11255,33335,primero,39.7,1 esquina,32.2,0,7,2
11255,33344,primero,40.0,1 esquina,33.7,0,7,2
11255,33345,primero,40.0,1 esquina,32.7,0,7,2
11255,33355,primero,34.3,1 esquina,28.8,0,7,2
11255,33444,primero,40.0,1 esquina,32.8,0,7,2
11255,33445,primero,40.3,1 esquina,32.8,0,7,2
11255,33455,primero,34.3,1 esquina,28.8,0,7,2
11255,33555,tablas,30.7,1 esquina,25.0,0,7,2
11255,34444,primero,40.0,1 esquina,33.2,0,7,2
11255,34445,primero,40.0,1 esquina,32.7,0,7,2
11255,34455,primero,34.3,1 esquina,28.8,0,7,2
11255,34555,tablas,30.7,1 esquina,25.0,0,7,2
11255,35555,segundo,26.7,1 esquina,21.2,4,7,2
11255,44444,primero,40.3,1 esquina,33.2,0,7,2
11255,44445,primero,39.7,1 esquina,32.2,0,7,2
11255,44455,primero,34.3,1 esquina,28.8,0,7,2
11255,44555,tablas,30.7,1 esquina,25.0,0,7,2
11255,45555,segundo,26.7,1 esquina,21.2,4,7,2
11255,55555,segundo,17.7,1 esquina,14.0,5,7,2
11333,22233,primero,71.7,1 esquina,64.8,0,5,2
11333,22234,primero,66.0,1 esquina,58.8,0,5,2
11333,22235,primero,66.0,1 esquina,58.8,0,5,2
11333,22244,primero,60.0,1 esquina,51.5,0,5,2
11333,22245,primero,60.0,1 esquina,51.5,0,5,2
11333,22255,primero,60.0,1 esquina,51.5,0,5,2
11333,22333,primero,55.3,1 esquina,51.3,0,5,2
11333,22334,primero,54.3,1 esquina,49.5,0,5,2
11333,22335,primero,54.3,1 esquina,49.5,0,5,2
11333,22344,primero,50.0,1 esquina,44.8,0,5,2
11333,22345,primero,50.0,1 esquina,44.8,0,5,2
11333,22355,primero,50.0,1 esquina,44.8,0,5,2
11333,22444,primero,36.7,1 esquina,35.7,0,5,2
11333,22445,primero,36.7,1 esquina,35.7,0,5,2
11333,22455,primero,36.7,1 esquina,35.7,0,5,2
11333,22555,primero,36.7,1 esquina,35.7,0,5,2
11333,23333,primero,40.3,1 esquina,36.2,0,5,2
11333,23334,primero,39.7,1 esquina,35.3,0,5,2
11333,23335,primero,39.7,1 esquina,35.3,0,5,2
11333,23344,primero,39.3,1 esquina,35.2,0,5,2
11333,23345,primero,39.3,1 esquina,35.2,0,5,2
11333,23355,primero,39.3,1 esquina,35.2,0,5,2
11333,23444,primero,34.3,1 esquina,31.0,0,5,2
11333,23445,primero,34.3,1 esquina,31.0,0,5,2
11333,23455,primero,34.3,1 esquina,31.0,0,5,2
11333,23555,primero,34.3,1 esquina,31.0,0,5,2
11333,24444,tablas,27.3,1 esquina,22.8,0,5,2
11333,24445,tablas,27.3,1 esquina,22.8,0,5,2
11333,24455,tablas,27.3,1 esquina,22.8,0,5,2
11333,24555,tablas,27.3,1 esquina,22.8,0,5,2
11333,25555,tablas,27.3,1 esquina,22.8,0,5,2
11333,33333,segundo,21.7,1 esquina,21.3,2,5,2
11333,33334,segundo,21.7,1 esquina,21.3,2,5,2
11333,33335,segundo,21.7,1 esquina,21.3,2,5,2
11333,33344,segundo,21.7,1 esquina,21.3,2,5,2
11333,33345,segundo,21.7,1 esquina,21.3,2,5,2
11333,33355,segundo,21.7,1 esquina,21.3,2,5,2
11333,33444,segundo,21.0,1 esquina,20.0,2,5,2
11333,33445,segundo,21.0,1 esquina,20.0,2,5,2
11333,33455,segundo,21.0,1 esquina,20.0,2,5,2
11333,33555,segundo,21.0,1 esquina,20.0,2,5,2
11333,34444,segundo,18.3,1 esquina,16.5,2,5,2
11333,34445,segundo,18.3,1 esquina,16.5,2,5,2
11333,34455,segundo,18.3,1 esquina,16.5,2,5,2
11333,34555,segundo,18.3,1 esquina,16.5,2,5,2
11333,35555,segundo,18.3,1 esquina,16.5,2,5,2
11333,44444,segundo,18.7,1 esquina,15.2,5,7,2
11333,44445,segundo,18.7,1 esquina,15.2,5,7,2
11333,44455,segundo,18.7,1 esquina,15.2,5,7,2
11333,44555,segundo,18.7,1 esquina,15.2,5,7,2
11333,45555,segundo,18.7,1 esquina,15.2,5,7,2
11333,55555,segundo,18.7,1 esquina,15.2,5,7,2
11334,22233,primero,76.3,1 esquina,69.7,0,5,2
11334,22234,primero,67.7,1 esquina,61.5,0,5,2
11334,22235,primero,67.3,1 esquina,60.3,0,5,2
11334,22244,primero,61.0,1 esquina,52.8,0,5,2
11334,22245,primero,60.7,1 esquina,52.5,0,5,2
11334,22255,primero,60.0,1 esquina,51.5,0,5,2
11334,22333,primero,67.7,1 esquina,62.5,0,5,2
11334,22334,primero,61.3,1 esquina,55.5,0,5,2
11334,22335,primero,61.3,1 esquina,55.8,0,5,2
11334,22344,primero,56.3,1 esquina,49.2,0,5,2
11334,22345,primero,56.7,1 esquina,49.3,0,5,2
11334,22355,primero,55.7,1 esquina,48.5,0,5,2
11334,22444,primero,38.7,1 esquina,36.7,0,5,2
11334,22445,primero,38.7,1 esquina,36.7,0,5,2
11334,22455,primero,38.3,1 esquina,36.5,0,5,2
11334,22555,primero,36.7,1 esquina,35.7,0,5,2
11334,23333,primero,56.3,1 esquina,50.8,0,5,2
11334,23334,primero,52.0,1 esquina,47.3,0,5,2
11334,23335,primero,50.7,1 esquina,45.5,0,5,2
11334,23344,primero,46.0,1 esquina,40.7,0,5,2
11334,23345,primero,46.0,1 esquina,40.7,0,5,2
11334,23355,primero,44.7,1 esquina,39.5,0,5,2
11334,23444,primero,36.7,1 esquina,33.0,0,5,2
11334,23445,primero,36.7,1 esquina,33.0,0,5,2
11334,23455,primero,36.3,1 esquina,32.7,0,5,2
11334,23555,primero,36.3,1 esquina,32.7,0,5,2
11334,24444,tablas,27.3,1 esquina,23.2,0,5,2
11334,24445,tablas,27.3,1 esquina,23.2,0,5,2
11334,24455,tablas,27.3,1 esquina,23.2,0,5,2
11334,24555,tablas,27.0,1 esquina,23.0,0,5,2
11334,25555,tablas,27.3,1 esquina,22.8,0,5,2
11334,33333,primero,40.0,1 esquina,35.7,0,5,2
11334,33334,primero,38.0,1 esquina,34.3,0,5,2
11334,33335,primero,38.0,1 esquina,34.3,0,5,2
11334,33344,primero,31.3,1 esquina,30.2,0,5,2
11334,33345,primero,31.3,1 esquina,30.2,0,5,2
11334,33355,primero,30.3,1 esquina,29.2,0,5,2
11334,33444,segundo,25.0,1 esquina,23.2,2,5,2
11334,33445,segundo,25.0,1 esquina,23.2,2,5,2
11334,33455,segundo,25.0,1 esquina,23.2,2,5,2
11334,33555,segundo,23.7,1 esquina,22.0,2,5,2
11334,34444,segundo,19.3,1 esquina,17.7,2,5,2
11334,34445,segundo,19.3,1 esquina,17.7,2,5,2
11334,34455,segundo,19.3,1 esquina,17.7,2,5,2
11334,34555,segundo,18.7,1 esquina,17.2,2,5,2
11334,35555,segundo,18.3,1 esquina,16.7,2,5,2
11334,44444,segundo,17.7,1 esquina,14.7,5,7,2
11334,44445,segundo,17.7,1 esquina,14.7,5,7,2
11334,44455,segundo,17.7,1 esquina,14.7,5,7,2
11334,44555,segundo,18.3,1 esquina,15.0,5,7,2
11334,45555,segundo,18.3,1 esquina,15.0,5,7,2
11334,55555,segundo,18.7,1 esquina,15.2,5,7,2
11335,22233,primero,76.3,1 esquina,69.7,0,5,2
11335,22234,primero,70.3,1 esquina,63.8,0,5,2
11335,22235,primero,67.7,1 esquina,61.5,0,5,2
11335,22244,primero,63.0,1 esquina,56.5,0,5,2
11335,22245,primero,61.3,1 esquina,54.3,0,5,2
11335,22255,primero,61.0,1 esquina,52.8,0,5,2
11335,22333,primero,67.7,1 esquina,62.5,0,5,2
11335,22334,primero,62.7,1 esquina,56.8,0,5,2
11335,22335,primero,61.3,1 esquina,55.5,0,5,2
11335,22344,primero,57.7,1 esquina,51.2,0,5,2
11335,22345,primero,57.0,1 esquina,50.5,0,5,2
11335,22355,primero,56.3,1 esquina,49.2,0,5,2
11335,22444,primero,40.3,1 esquina,37.8,0,5,2
11335,22445,primero,40.3,1 esquina,37.8,0,5,2
11335,22455,primero,40.0,1 esquina,37.8,0,5,2
11335,22555,primero,38.7,1 esquina,36.7,0,5,2
11335,23333,primero,56.3,1 esquina,50.8,0,5,2
11335,23334,primero,53.3,1 esquina,48.8,0,5,2
11335,23335,primero,52.0,1 esquina,47.3,0,5,2
11335,23344,primero,47.0,1 esquina,41.5,0,5,2
11335,23345,primero,46.7,1 esquina,41.0,0,5,2
11335,23355,primero,46.0,1 esquina,40.7,0,5,2
11335,23444,primero,38.3,1 esquina,34.7,0,5,2
11335,23445,primero,38.0,1 esquina,34.2,0,5,2
11335,23455,primero,38.0,1 esquina,34.3,0,5,2
11335,23555,primero,36.7,1 esquina,33.0,0,5,2
11335,24444,tablas,31.0,1 esquina,25.8,0,5,2
11335,24445,tablas,30.7,1 esquina,25.3,0,5,2
11335,24455,tablas,30.0,1 esquina,25.0,0,5,2
11335,24555,tablas,29.0,1 esquina,24.3,0,5,2
11335,25555,tablas,27.3,1 esquina,23.2,0,5,2
11335,33333,primero,40.0,1 esquina,35.7,0,5,2
11335,33334,primero,39.0,1 esquina,35.2,0,5,2
11335,33335,primero,38.0,1 esquina,34.3,0,5,2
11335,33344,primero,32.7,1 esquina,31.7,0,5,2
11335,33345,primero,32.3,1 esquina,31.3,0,5,2
11335,33355,primero,31.3,1 esquina,30.2,0,5,2
11335,33444,segundo,26.3,1 esquina,24.8,1,5,2
11335,33445,segundo,26.3,1 esquina,24.8,1,5,2
11335,33455,segundo,26.0,1 esquina,24.2,1,5,2
11335,33555,segundo,25.0,1 esquina,23.2,2,5,2
11335,34444,segundo,21.0,1 esquina,19.3,2,5,2
11335,34445,segundo,21.0,1 esquina,19.3,2,5,2
11335,34455,segundo,21.0,1 esquina,19.2,2,5,2
11335,34555,segundo,20.0,1 esquina,18.5,2,5,2
11335,35555,segundo,19.3,1 esquina,17.7,2,5,2
11335,44444,segundo,23.3,1 esquina,18.5,5,7,2
11335,44445,segundo,23.3,1 esquina,18.5,5,7,2
11335,44455,segundo,23.3,1 esquina,18.5,5,7,2
11335,44555,segundo,20.3,1 esquina,17.2,5,7,2
11335,45555,segundo,19.7,1 esquina,16.3,5,7,2
11335,55555,segundo,17.7,1 esquina,14.7,5,7,2
11344,22233,primero,76.7,1 esquina,70.3,0,5,2
11344,22234,primero,72.3,1 esquina,65.8,0,5,2
11344,22235,primero,67.7,1 esquina,61.8,0,5,2
11344,22244,primero,62.3,1 esquina,55.0,0,5,2
11344,22245,primero,61.0,1 esquina,53.2,0,5,2
11344,22255,primero,60.0,1 esquina,51.5,0,5,2
11344,22333,primero,74.7,1 esquina,69.5,0,5,2
11344,22334,primero,70.0,1 esquina,63.7,0,5,2
11344,22335,primero,67.3,1 esquina,61.2,0,5,2
11344,22344,primero,62.0,1 esquina,54.8,0,5,2
11344,22345,primero,61.0,1 esquina,53.3,0,5,2
11344,22355,primero,59.7,1 esquina,51.5,0,5,2
11344,22444,primero,47.3,1 esquina,43.5,0,5,2
11344,22445,primero,47.0,1 esquina,43.3,0,5,2
11344,22455,primero,45.0,1 esquina,41.7,0,5,2
11344,22555,primero,36.7,1 esquina,35.7,0,5,2
11344,23333,primero,71.7,1 esquina,65.5,0,5,2
11344,23334,primero,67.0,1 esquina,59.7,0,5,2
11344,23335,primero,63.7,1 esquina,57.2,0,5,2
11344,23344,primero,60.3,1 esquina,52.0,0,5,2
11344,23345,primero,58.7,1 esquina,51.0,0,5,2
11344,23355,primero,56.0,1 esquina,48.8,0,5,2
11344,23444,primero,44.7,1 esquina,40.3,0,5,2
11344,23445,primero,44.7,1 esquina,40.3,0,5,2
11344,23455,primero,44.0,1 esquina,39.8,0,5,2
11344,23555,primero,35.7,1 esquina,33.5,0,5,2
11344,24444,tablas,33.0,1 esquina,27.2,0,5,2
11344,24445,tablas,33.0,1 esquina,27.2,0,5,2
11344,24455,tablas,33.0,1 esquina,27.2,0,5,2
11344,24555,tablas,28.3,1 esquina,24.0,0,5,2
11344,25555,tablas,27.3,1 esquina,22.8,0,5,2
11344,33333,primero,69.7,1 esquina,60.7,0,5,2
11344,33334,primero,62.3,1 esquina,54.7,0,5,2
11344,33335,primero,58.7,1 esquina,51.8,0,5,2
11344,33344,primero,52.3,1 esquina,46.3,0,5,2
11344,33345,primero,51.0,1 esquina,45.7,0,5,2
11344,33355,primero,44.7,1 esquina,41.2,0,5,2
11344,33444,primero,33.7,1 esquina,32.0,0,5,2
11344,33445,primero,33.3,1 esquina,31.8,0,5,2
11344,33455,primero,32.7,1 esquina,30.8,0,5,2
11344,33555,primero,26.0,1 esquina,25.8,0,5,2
11344,34444,segundo,26.3,1 esquina,22.7,2,5,2
11344,34445,segundo,26.3,1 esquina,22.7,2,5,2
11344,34455,segundo,26.3,1 esquina,22.7,2,5,2
11344,34555,segundo,22.7,1 esquina,20.3,2,5,2
11344,35555,segundo,21.3,1 esquina,19.5,2,5,2
11344,44444,segundo,17.7,1 esquina,14.0,5,7,2
11344,44445,segundo,17.7,1 esquina,14.0,5,7,2
11344,44455,segundo,17.7,1 esquina,14.0,5,7,2
11344,44555,segundo,18.3,1 esquina,14.7,5,7,2
11344,45555,segundo,18.3,1 esquina,15.0,5,7,2
11344,55555,segundo,18.7,1 esquina,15.2,5,7,2
11345,22233,primero,76.7,1 esquina,70.3,0,5,2
11345,22234,primero,74.7,1 esquina,68.5,0,5,2
11345,22235,primero,68.3,1 esquina,62.7,0,5,2
11345,22244,primero,68.7,1 esquina,62.3,0,5,2
11345,22245,primero,62.7,1 esquina,56.0,0,5,2
11345,22255,primero,61.0,1 esquina,52.8,0,5,2
11345,22333,primero,74.7,1 esquina,69.5,0,5,2
11345,22334,primero,71.7,1 esquina,66.2,0,5,2
11345,22335,primero,67.7,1 esquina,61.5,0,5,2
11345,22344,primero,65.3,1 esquina,59.7,0,5,2
11345,22345,primero,63.0,1 esquina,55.5,0,5,2
11345,22355,primero,61.0,1 esquina,52.7,0,5,2
11345,22444,primero,51.3,1 esquina,48.0,0,5,2
11345,22445,primero,50.0,1 esquina,45.8,0,5,2
11345,22455,primero,48.3,1 esquina,43.8,0,5,2
11345,22555,primero,38.7,1 esquina,36.7,0,5,2
11345,23333,primero,71.7,1 esquina,65.5,0,5,2
11345,23334,primero,69.3,1 esquina,62.3,0,5,2
11345,23335,primero,65.7,1 esquina,58.2,0,5,2
11345,23344,primero,63.7,1 esquina,56.2,0,5,2
11345,23345,primero,61.3,1 esquina,52.8,0,5,2
11345,23355,primero,57.7,1 esquina,50.0,0,5,2
11345,23444,primero,50.3,1 esquina,45.3,0,5,2
11345,23445,primero,50.0,1 esquina,44.3,0,5,2
11345,23455,primero,46.3,1 esquina,41.3,0,5,2
11345,23555,primero,36.0,1 esquina,33.7,0,5,2
11345,24444,primero,42.0,1 esquina,35.0,0,5,2
11345,24445,primero,40.7,1 esquina,34.2,0,5,2
11345,24455,primero,38.7,1 esquina,31.5,0,5,2
11345,24555,tablas,31.0,1 esquina,26.2,0,5,2
11345,25555,tablas,27.3,1 esquina,23.2,0,5,2
11345,33333,primero,69.7,1 esquina,60.7,0,5,2
11345,33334,primero,65.3,1 esquina,56.7,0,5,2
11345,33335,primero,60.0,1 esquina,53.0,0,5,2
11345,33344,primero,58.3,1 esquina,50.0,0,5,2
11345,33345,primero,54.7,1 esquina,47.8,0,5,2
11345,33355,primero,48.0,1 esquina,43.2,0,5,2
11345,33444,primero,40.7,1 esquina,36.7,0,5,2
11345,33445,primero,39.7,1 esquina,35.8,0,5,2
11345,33455,primero,36.0,1 esquina,32.8,0,5,2
11345,33555,primero,26.3,1 lado,26.3,0,5,2
11345,34444,primero,33.3,1 esquina,27.8,0,5,2
11345,34445,primero,32.0,1 esquina,27.0,0,5,2
11345,34455,primero,30.7,1 esquina,25.3,0,5,2
11345,34555,segundo,24.3,1 esquina,21.2,2,5,2
11345,35555,segundo,21.3,1 esquina,19.8,2,5,2
11345,44444,segundo,28.0,1 esquina,23.2,1,7,2
11345,44445,segundo,28.0,1 esquina,23.2,1,7,2
11345,44455,segundo,28.0,1 esquina,22.7,1,7,2
11345,44555,segundo,23.7,1 esquina,19.3,5,7,2
11345,45555,segundo,20.0,1 esquina,17.2,5,7,2
11345,55555,segundo,17.7,1 esquina,14.7,5,7,2
11355,22233,primero,76.7,1 esquina,70.3,0,5,2
11355,22234,primero,75.0,1 esquina,69.0,0,5,2
11355,22235,primero,72.3,1 esquina,65.8,0,5,2
11355,22244,primero,72.7,1 esquina,66.2,0,5,2
11355,22245,primero,66.7,1 esquina,61.0,0,5,2
11355,22255,primero,62.3,1 esquina,55.0,0,5,2
11355,22333,primero,74.7,1 esquina,69.5,0,5,2
11355,22334,primero,71.7,1 esquina,66.5,0,5,2
11355,22335,primero,70.0,1 esquina,63.7,0,5,2
11355,22344,primero,68.7,1 esquina,63.7,0,5,2
11355,22345,primero,65.7,1 esquina,59.7,0,5,2
11355,22355,primero,62.0,1 esquina,54.8,0,5,2
11355,22444,primero,59.7,1 esquina,55.2,0,5,2
11355,22445,primero,57.0,1 esquina,52.2,0,5,2
11355,22455,primero,52.3,1 esquina,47.8,0,5,2
11355,22555,primero,47.3,1 esquina,43.5,0,5,2
11355,23333,primero,71.7,1 esquina,65.5,0,5,2
11355,23334,primero,69.0,1 esquina,62.0,0,5,2
11355,23335,primero,67.0,1 esquina,59.7,0,5,2
11355,23344,primero,68.0,1 esquina,60.5,0,5,2
11355,23345,primero,64.0,1 esquina,56.5,0,5,2
11355,23355,primero,60.3,1 esquina,52.0,0,5,2
11355,23444,primero,58.3,1 esquina,52.0,0,5,2
11355,23445,primero,56.3,1 esquina,50.7,0,5,2
11355,23455,primero,50.0,1 esquina,44.2,0,5,2
11355,23555,primero,44.7,1 esquina,40.3,0,5,2
11355,24444,primero,55.0,1 esquina,48.0,0,5,2
11355,24445,primero,51.3,1 esquina,44.7,0,5,2
11355,24455,primero,44.7,1 esquina,37.7,0,5,2
11355,24555,primero,41.3,1 esquina,35.2,0,5,2
11355,25555,tablas,33.0,1 esquina,27.2,0,5,2
11355,33333,primero,69.7,1 esquina,60.7,0,5,2
11355,33334,primero,66.3,1 esquina,58.3,0,5,2
11355,33335,primero,62.3,1 esquina,54.7,0,5,2
11355,33344,primero,60.0,1 esquina,53.0,0,5,2
11355,33345,primero,56.7,1 esquina,49.8,0,5,2
11355,33355,primero,52.3,1 esquina,46.3,0,5,2
11355,33444,primero,49.3,1 esquina,44.7,0,5,2
11355,33445,primero,49.0,1 esquina,44.5,0,5,2
11355,33455,primero,41.7,1 esquina,39.0,0,5,2
11355,33555,primero,33.7,1 esquina,32.0,0,5,2
11355,34444,primero,47.3,1 esquina,39.5,0,5,2
11355,34445,primero,45.7,1 esquina,38.3,0,5,2
11355,34455,primero,39.0,1 esquina,33.3,0,5,2
11355,34555,primero,33.7,1 esquina,28.3,0,5,2
11355,35555,segundo,26.3,1 esquina,22.7,2,5,2
11355,44444,primero,40.3,1 esquina,33.2,0,7,2
11355,44445,primero,39.7,1 esquina,32.2,0,7,2
11355,44455,primero,34.3,1 esquina,28.8,0,7,2
11355,44555,tablas,30.7,1 esquina,25.0,0,7,2
11355,45555,segundo,26.7,1 esquina,21.2,4,7,2
11355,55555,segundo,17.7,1 esquina,14.0,5,7,2
11444,22233,primero,76.0,1 esquina,70.5,0,5,2
11444,22234,primero,75.3,1 esquina,70.3,0,5,2
11444,22235,primero,66.3,1 esquina,62.0,0,5,2
11444,22244,primero,71.7,1 esquina,64.8,0,5,2
11444,22245,primero,66.0,1 esquina,58.8,0,5,2
11444,22255,primero,60.0,1 esquina,51.5,0,5,2
11444,22333,primero,76.0,1 esquina,70.5,0,5,2
11444,22334,primero,76.0,1 esquina,70.7,0,5,2
11444,22335,primero,67.0,1 esquina,62.3,0,5,2
11444,22344,primero,71.7,1 esquina,64.8,0,5,2
11444,22345,primero,66.0,1 esquina,58.8,0,5,2
11444,22355,primero,60.0,1 esquina,51.5,0,5,2
11444,22444,primero,55.3,1 esquina,51.3,0,5,2
11444,22445,primero,54.3,1 esquina,49.5,0,5,2
11444,22455,primero,50.0,1 esquina,44.8,0,5,2
11444,22555,primero,36.7,1 esquina,35.7,0,5,2
11444,23333,primero,76.0,1 esquina,70.5,0,5,2
11444,23334,primero,75.7,1 esquina,70.5,0,5,2
11444,23335,primero,66.7,1 esquina,62.0,0,5,2
11444,23344,primero,71.7,1 esquina,64.8,0,5,2
11444,23345,primero,66.0,1 esquina,58.8,0,5,2
11444,23355,primero,60.0,1 esquina,51.5,0,5,2
11444,23444,primero,55.3,1 esquina,51.3,0,5,2
11444,23445,primero,54.3,1 esquina,49.5,0,5,2
11444,23455,primero,50.0,1 esquina,44.8,0,5,2
11444,23555,primero,36.7,1 esquina,35.7,0,5,2
11444,24444,primero,40.3,1 esquina,36.2,0,5,2
11444,24445,primero,39.7,1 esquina,35.3,0,5,2
11444,24455,primero,39.3,1 esquina,35.2,0,5,2
11444,24555,primero,34.3,1 esquina,31.0,0,5,2
11444,25555,tablas,27.3,1 esquina,22.8,0,5,2
11444,33333,primero,76.0,1 esquina,70.5,0,5,2
11444,33334,primero,75.3,1 esquina,70.3,0,5,2
11444,33335,primero,67.0,1 esquina,62.2,0,5,2
11444,33344,primero,71.7,1 esquina,64.8,0,5,2
11444,33345,primero,66.0,1 esquina,58.8,0,5,2
11444,33355,primero,60.0,1 esquina,51.5,0,5,2
11444,33444,primero,55.3,1 esquina,51.3,0,5,2
11444,33445,primero,54.3,1 esquina,49.5,0,5,2
11444,33455,primero,50.0,1 esquina,44.8,0,5,2
11444,33555,primero,36.7,1 esquina,35.7,0,5,2
11444,34444,primero,40.3,1 esquina,36.2,0,5,2
11444,34445,primero,39.7,1 esquina,35.3,0,5,2
11444,34455,primero,39.3,1 esquina,35.2,0,5,2
11444,34555,primero,34.3,1 esquina,31.0,0,5,2
11444,35555,tablas,27.3,1 esquina,22.8,0,5,2
11444,44444,segundo,21.7,1 esquina,21.3,2,5,2
11444,44445,segundo,21.7,1 esquina,21.3,2,5,2
11444,44455,segundo,21.7,1 esquina,21.3,2,5,2
11444,44555,segundo,21.0,1 esquina,20.0,2,5,2
11444,45555,segundo,18.3,1 esquina,16.5,2,5,2
11444,55555,segundo,18.7,1 esquina,15.2,5,7,2
11445,22233,primero,76.0,1 esquina,70.5,0,5,2
11445,22234,primero,76.0,1 esquina,70.5,0,5,2
11445,22235,primero,68.0,1 esquina,62.8,0,5,2
11445,22244,primero,76.3,1 esquina,69.7,0,5,2
11445,22245,primero,67.7,1 esquina,61.5,0,5,2
11445,22255,primero,61.0,1 esquina,52.8,0,5,2
11445,22333,primero,76.0,1 esquina,70.5,0,5,2
11445,22334,primero,76.0,1 esquina,70.5,0,5,2
11445,22335,primero,68.0,1 esquina,62.8,0,5,2
11445,22344,primero,76.7,1 esquina,69.8,0,5,2
11445,22345,primero,67.3,1 esquina,61.3,0,5,2
11445,22355,primero,61.0,1 esquina,52.8,0,5,2
11445,22444,primero,67.7,1 esquina,62.5,0,5,2
11445,22445,primero,61.3,1 esquina,55.5,0,5,2
11445,22455,primero,56.3,1 esquina,49.2,0,5,2
11445,22555,primero,38.7,1 esquina,36.7,0,5,2
11445,23333,primero,76.0,1 esquina,70.5,0,5,2
11445,23334,primero,76.0,1 esquina,70.5,0,5,2
11445,23335,primero,68.0,1 esquina,62.8,0,5,2
11445,23344,primero,76.7,1 esquina,69.8,0,5,2
11445,23345,primero,67.3,1 esquina,61.3,0,5,2
11445,23355,primero,61.0,1 esquina,52.8,0,5,2
11445,23444,primero,67.7,1 esquina,62.5,0,5,2
11445,23445,primero,61.3,1 esquina,55.5,0,5,2
11445,23455,primero,56.3,1 esquina,49.2,0,5,2
11445,23555,primero,38.7,1 esquina,36.7,0,5,2
11445,24444,primero,56.3,1 esquina,50.8,0,5,2
11445,24445,primero,52.0,1 esquina,47.3,0,5,2
11445,24455,primero,46.0,1 esquina,40.7,0,5,2
11445,24555,primero,36.7,1 esquina,33.0,0,5,2
11445,25555,tablas,27.3,1 esquina,23.2,0,5,2
11445,33333,primero,76.0,1 esquina,70.5,0,5,2
11445,33334,primero,76.0,1 esquina,70.5,0,5,2
11445,33335,primero,68.0,1 esquina,62.8,0,5,2
11445,33344,primero,76.3,1 esquina,69.7,0,5,2
11445,33345,primero,67.7,1 esquina,61.5,0,5,2
11445,33355,primero,61.0,1 esquina,52.8,0,5,2
11445,33444,primero,67.7,1 esquina,62.5,0,5,2
11445,33445,primero,61.3,1 esquina,55.5,0,5,2
11445,33455,primero,56.3,1 esquina,49.2,0,5,2
11445,33555,primero,38.7,1 esquina,36.7,0,5,2
11445,34444,primero,56.3,1 esquina,50.8,0,5,2
11445,34445,primero,52.0,1 esquina,47.3,0,5,2
11445,34455,primero,46.0,1 esquina,40.7,0,5,2
11445,34555,primero,36.7,1 esquina,33.0,0,5,2
11445,35555,tablas,27.3,1 esquina,23.2,0,5,2
11445,44444,primero,40.0,1 esquina,35.7,0,5,2
11445,44445,primero,38.0,1 esquina,34.3,0,5,2
11445,44455,primero,31.3,1 esquina,30.2,0,5,2
11445,44555,segundo,25.0,1 esquina,23.2,2,5,2
11445,45555,segundo,19.3,1 esquina,17.7,2,5,2
11445,55555,segundo,17.7,1 esquina,14.7,5,7,2
11455,22233,primero,76.0,1 esquina,70.7,0,5,2
11455,22234,primero,76.0,1 esquina,70.7,0,5,2
11455,22235,primero,71.7,1 esquina,66.7,0,5,2
11455,22244,primero,76.7,1 esquina,70.3,0,5,2
11455,22245,primero,72.3,1 esquina,65.8,0,5,2
11455,22255,primero,62.3,1 esquina,55.0,0,5,2
11455,22333,primero,76.0,1 esquina,70.7,0,5,2
11455,22334,primero,76.0,1 esquina,70.7,0,5,2
11455,22335,primero,71.7,1 esquina,66.7,0,5,2
11455,22344,primero,76.7,1 esquina,70.3,0,5,2
11455,22345,primero,72.3,1 esquina,65.8,0,5,2
11455,22355,primero,62.3,1 esquina,55.0,0,5,2
11455,22444,primero,74.7,1 esquina,69.5,0,5,2
11455,22445,primero,70.0,1 esquina,63.7,0,5,2
11455,22455,primero,62.0,1 esquina,54.8,0,5,2
11455,22555,primero,47.3,1 esquina,43.5,0,5,2
11455,23333,primero,76.0,1 esquina,70.7,0,5,2
11455,23334,primero,76.0,1 esquina,70.7,0,5,2
11455,23335,primero,71.7,1 esquina,66.8,0,5,2
11455,23344,primero,76.7,1 esquina,70.3,0,5,2
11455,23345,primero,72.3,1 esquina,65.8,0,5,2
11455,23355,primero,62.3,1 esquina,55.0,0,5,2
11455,23444,primero,74.7,1 esquina,69.5,0,5,2
11455,23445,primero,70.0,1 esquina,63.7,0,5,2
11455,23455,primero,62.0,1 esquina,54.8,0,5,2
11455,23555,primero,47.3,1 esquina,43.5,0,5,2
11455,24444,primero,71.7,1 esquina,65.5,0,5,2
11455,24445,primero,67.0,1 esquina,59.7,0,5,2
11455,24455,primero,60.3,1 esquina,52.0,0,5,2
11455,24555,primero,44.7,1 esquina,40.3,0,5,2
11455,25555,tablas,33.0,1 esquina,27.2,0,5,2
11455,33333,primero,76.0,1 esquina,70.7,0,5,2
11455,33334,primero,76.0,1 esquina,70.7,0,5,2
11455,33335,primero,71.3,1 esquina,66.7,0,5,2
11455,33344,primero,76.7,1 esquina,70.3,0,5,2
11455,33345,primero,72.3,1 esquina,65.8,0,5,2
11455,33355,primero,62.3,1 esquina,55.0,0,5,2
11455,33444,primero,74.7,1 esquina,69.5,0,5,2
11455,33445,primero,70.0,1 esquina,63.7,0,5,2
11455,33455,primero,62.0,1 esquina,54.8,0,5,2
11455,33555,primero,47.3,1 esquina,43.5,0,5,2
11455,34444,primero,71.7,1 esquina,65.5,0,5,2
11455,34445,primero,67.0,1 esquina,59.7,0,5,2
11455,34455,primero,60.3,1 esquina,52.0,0,5,2
11455,34555,primero,44.7,1 esquina,40.3,0,5,2
11455,35555,tablas,33.0,1 esquina,27.2,0,5,2
11455,44444,primero,69.7,1 esquina,60.7,0,5,2
11455,44445,primero,62.3,1 esquina,54.7,0,5,2
11455,44455,primero,52.3,1 esquina,46.3,0,5,2
11455,44555,primero,33.7,1 esquina,32.0,0,5,2
11455,45555,segundo,26.3,1 esquina,22.7,2,5,2
11455,55555,segundo,17.7,1 esquina,14.0,5,7,2
11555,22233,primero,76.0,1 esquina,70.5,0,5,2
11555,22234,primero,76.0,1 esquina,70.5,0,5,2
11555,22235,primero,75.3,1 esquina,70.3,0,5,2
11555,22244,primero,76.0,1 esquina,70.5,0,5,2
11555,22245,primero,75.3,1 esquina,70.3,0,5,2
11555,22255,primero,71.7,1 esquina,64.8,0,5,2
11555,22333,primero,76.0,1 esquina,70.5,0,5,2
11555,22334,primero,76.0,1 esquina,70.5,0,5,2
11555,22335,primero,76.0,1 esquina,70.7,0,5,2
11555,22344,primero,76.0,1 esquina,70.5,0,5,2
11555,22345,primero,76.0,1 esquina,70.7,0,5,2
11555,22355,primero,71.7,1 esquina,64.8,0,5,2
11555,22444,primero,76.0,1 esquina,70.5,0,5,2
11555,22445,primero,76.0,1 esquina,70.7,0,5,2
11555,22455,primero,71.7,1 esquina,64.8,0,5,2
11555,22555,primero,55.3,1 esquina,51.3,0,5,2
11555,23333,primero,76.0,1 esquina,70.5,0,5,2
11555,23334,primero,76.0,1 esquina,70.5,0,5,2
11555,23335,primero,75.7,1 esquina,70.5,0,5,2
11555,23344,primero,76.0,1 esquina,70.5,0,5,2
11555,23345,primero,75.7,1 esquina,70.5,0,5,2
11555,23355,primero,71.7,1 esquina,64.8,0,5,2
11555,23444,primero,76.0,1 esquina,70.5,0,5,2
11555,23445,primero,76.0,1 esquina,70.7,0,5,2
11555,23455,primero,71.7,1 esquina,64.8,0,5,2
11555,23555,primero,55.3,1 esquina,51.3,0,5,2
11555,24444,primero,76.0,1 esquina,70.5,0,5,2
11555,24445,primero,75.7,1 esquina,70.5,0,5,2
11555,24455,primero,71.7,1 esquina,64.8,0,5,2
11555,24555,primero,55.3,1 esquina,51.3,0,5,2
11555,25555,primero,40.3,1 esquina,36.2,0,5,2
11555,33333,primero,76.0,1 esquina,70.5,0,5,2
11555,33334,primero,76.0,1 esquina,70.5,0,5,2
11555,33335,primero,75.3,1 esquina,70.3,0,5,2
11555,33344,primero,76.0,1 esquina,70.5,0,5,2
11555,33345,primero,75.3,1 esquina,70.3,0,5,2
11555,33355,primero,71.7,1 esquina,64.8,0,5,2
11555,33444,primero,76.0,1 esquina,70.5,0,5,2
11555,33445,primero,76.0,1 esquina,70.7,0,5,2
11555,33455,primero,71.7,1 esquina,64.8,0,5,2
11555,33555,primero,55.3,1 esquina,51.3,0,5,2
11555,34444,primero,76.0,1 esquina,70.5,0,5,2
11555,34445,primero,75.7,1 esquina,70.5,0,5,2
11555,34455,primero,71.7,1 esquina,64.8,0,5,2
11555,34555,primero,55.3,1 esquina,51.3,0,5,2
11555,35555,primero,40.3,1 esquina,36.2,0,5,2
11555,44444,primero,76.0,1 esquina,70.5,0,5,2
11555,44445,primero,75.3,1 esquina,70.3,0,5,2
11555,44455,primero,71.7,1 esquina,64.8,0,5,2
11555,44555,primero,55.3,1 esquina,51.3,0,5,2
11555,45555,primero,40.3,1 esquina,36.2,0,5,2
11555,55555,segundo,21.7,1 esquina,21.3,2,5,2
12223,33333,segundo,17.7,1 esquina,14.7,5,7,2
12223,33334,segundo,17.7,1 esquina,14.7,5,7,2
12223,33335,segundo,17.7,1 esquina,14.7,5,7,2
12223,33344,segundo,17.7,1 esquina,14.7,5,7,2
12223,33345,segundo,17.7,1 esquina,14.7,5,7,2
12223,33355,segundo,17.7,1 esquina,14.7,5,7,2
12223,33444,segundo,18.3,1 esquina,15.0,5,7,2
12223,33445,segundo,18.3,1 esquina,15.0,5,7,2
12223,33455,segundo,18.3,1 esquina,15.0,5,7,2
12223,33555,segundo,18.3,1 esquina,15.0,5,7,2
12223,34444,segundo,18.3,1 esquina,15.0,5,7,2
12223,34445,segundo,18.3,1 esquina,15.0,5,7,2
12223,34455,segundo,18.3,1 esquina,15.0,5,7,2
12223,34555,segundo,18.3,1 esquina,15.0,5,7,2
12223,35555,segundo,18.3,1 esquina,15.0,5,7,2
12223,44444,segundo,18.7,1 esquina,15.2,5,7,2
12223,44445,segundo,18.7,1 esquina,15.2,5,7,2
12223,44455,segundo,18.7,1 esquina,15.2,5,7,2
12223,44555,segundo,18.7,1 esquina,15.2,5,7,2
12223,45555,segundo,18.7,1 esquina,15.2,5,7,2
12223,55555,segundo,18.7,1 esquina,15.2,5,7,2
12224,33333,segundo,23.0,1 esquina,18.5,5,7,2
12224,33334,segundo,23.0,1 esquina,18.5,5,7,2
12224,33335,segundo,23.0,1 esquina,18.5,5,7,2
12224,33344,segundo,23.0,1 esquina,18.5,5,7,2
12224,33345,segundo,23.0,1 esquina,18.5,5,7,2
12224,33355,segundo,22.7,1 esquina,18.2,5,7,2
12224,33444,segundo,20.0,1 esquina,17.2,5,7,2
12224,33445,segundo,20.0,1 esquina,17.2,5,7,2
12224,33455,segundo,20.0,1 esquina,17.0,5,7,2
12224,33555,segundo,18.3,1 esquina,15.2,5,7,2
12224,34444,segundo,19.3,1 esquina,16.3,5,7,2
12224,34445,segundo,19.3,1 esquina,16.3,5,7,2
12224,34455,segundo,19.3,1 esquina,16.3,5,7,2
12224,34555,segundo,18.3,1 esquina,15.2,5,7,2
12224,35555,segundo,18.3,1 esquina,15.2,5,7,2
12224,44444,segundo,17.7,1 esquina,14.7,5,7,2
12224,44445,segundo,17.7,1 esquina,14.7,5,7,2
12224,44455,segundo,17.7,1 esquina,14.7,5,7,2
12224,44555,segundo,18.3,1 esquina,15.0,5,7,2
12224,45555,segundo,18.3,1 esquina,15.0,5,7,2
12224,55555,segundo,18.7,1 esquina,15.2,5,7,2
12225,33333,segundo,23.0,1 esquina,18.5,5,7,2
12225,33334,segundo,23.0,1 esquina,18.5,5,7,2
12225,33335,segundo,23.0,1 esquina,18.5,5,7,2
12225,33344,segundo,23.0,1 esquina,18.5,5,7,2
12225,33345,segundo,23.0,1 esquina,18.5,5,7,2
12225,33355,segundo,23.0,1 esquina,18.5,5,7,2
12225,33444,segundo,23.0,1 esquina,18.5,5,7,2
12225,33445,segundo,23.0,1 esquina,18.5,5,7,2
12225,33455,segundo,23.0,1 esquina,18.5,5,7,2
12225,33555,segundo,20.0,1 esquina,17.2,5,7,2
12225,34444,segundo,23.0,1 esquina,18.5,5,7,2
12225,34445,segundo,23.0,1 esquina,18.5,5,7,2
12225,34455,segundo,23.0,1 esquina,18.5,5,7,2
12225,34555,segundo,20.0,1 esquina,17.2,5,7,2
12225,35555,segundo,19.3,1 esquina,16.3,5,7,2
12225,44444,segundo,23.0,1 esquina,18.5,5,7,2
12225,44445,segundo,23.0,1 esquina,18.5,5,7,2
12225,44455,segundo,23.0,1 esquina,18.5,5,7,2
12225,44555,segundo,20.0,1 esquina,17.2,5,7,2
12225,45555,segundo,19.3,1 esquina,16.3,5,7,2
12225,55555,segundo,17.7,1 esquina,14.7,5,7,2
12233,23333,segundo,32.3,1 esquina,26.5,2,3,2
12233,23334,segundo,32.3,1 esquina,26.5,2,3,2
12233,23335,segundo,32.3,1 esquina,26.5,2,3,2
12233,23344,segundo,32.3,1 esquina,26.5,2,3,2
12233,23345,segundo,32.3,1 esquina,26.5,2,3,2
12233,23355,segundo,32.3,1 esquina,26.5,2,3,2
12233,23444,segundo,27.7,1 esquina,23.5,2,3,2
12233,23445,segundo,27.7,1 esquina,23.5,2,3,2
12233,23455,segundo,27.7,1 esquina,23.5,2,3,2
12233,23555,segundo,27.7,1 esquina,23.5,2,3,2
12233,24444,segundo,26.7,1 esquina,23.5,2,3,2
12233,24445,segundo,26.7,1 esquina,23.5,2,3,2
12233,24455,segundo,26.7,1 esquina,23.5,2,3,2
12233,24555,segundo,26.7,1 esquina,23.5,2,3,2
12233,25555,segundo,26.7,1 esquina,23.5,2,3,2
12233,33333,segundo,17.7,1 esquina,14.0,5,7,2
12233,33334,segundo,17.7,1 esquina,14.0,5,7,2
12233,33335,segundo,17.7,1 esquina,14.0,5,7,2
12233,33344,segundo,17.7,1 esquina,14.0,5,7,2
12233,33345,segundo,17.7,1 esquina,14.0,5,7,2
12233,33355,segundo,17.7,1 esquina,14.0,5,7,2
12233,33444,segundo,18.3,1 esquina,14.7,5,7,2
12233,33445,segundo,18.3,1 esquina,14.7,5,7,2
12233,33455,segundo,18.3,1 esquina,14.7,5,7,2
12233,33555,segundo,18.3,1 esquina,14.7,5,7,2
12233,34444,segundo,18.3,1 esquina,15.0,5,7,2
12233,34445,segundo,18.3,1 esquina,15.0,5,7,2
12233,34455,segundo,18.3,1 esquina,15.0,5,7,2
12233,34555,segundo,18.3,1 esquina,15.0,5,7,2
12233,35555,segundo,18.3,1 esquina,15.0,5,7,2
12233,44444,segundo,18.7,1 esquina,15.2,5,7,2
12233,44445,segundo,18.7,1 esquina,15.2,5,7,2
12233,44455,segundo,18.7,1 esquina,15.2,5,7,2
12233,44555,segundo,18.7,1 esquina,15.2,5,7,2
12233,45555,segundo,18.7,1 esquina,15.2,5,7,2
12233,55555,segundo,18.7,1 esquina,15.2,5,7,2
12234,23333,primero,40.0,1 esquina,31.8,0,3,2
12234,23334,primero,38.7,1 esquina,30.8,0,3,2
12234,23335,primero,38.7,1 esquina,30.7,0,3,2
12234,23344,primero,37.0,1 esquina,29.3,0,3,2
12234,23345,primero,37.0,1 esquina,29.3,0,3,2
12234,23355,primero,37.0,1 esquina,29.3,0,3,2
12234,23444,segundo,29.3,1 esquina,24.7,2,3,2
12234,23445,segundo,29.3,1 esquina,24.7,2,3,2
12234,23455,segundo,29.0,1 esquina,24.5,2,3,2
12234,23555,segundo,29.0,1 esquina,24.2,2,3,2
12234,24444,segundo,26.7,1 esquina,23.8,2,3,2
12234,24445,segundo,26.7,1 esquina,23.8,2,3,2
12234,24455,segundo,26.7,1 esquina,23.8,2,3,2
12234,24555,segundo,26.7,1 esquina,23.7,2,3,2
12234,25555,segundo,26.7,1 esquina,23.5,2,3,2
12234,33333,segundo,28.0,1 esquina,23.2,1,7,2
12234,33334,segundo,28.0,1 esquina,23.2,1,7,2
12234,33335,segundo,28.0,1 esquina,23.2,1,7,2
12234,33344,segundo,28.0,1 esquina,22.7,1,7,2
12234,33345,segundo,28.0,1 esquina,22.7,1,7,2
12234,33355,segundo,28.0,1 esquina,22.7,1,7,2
12234,33444,segundo,23.7,1 esquina,19.3,5,7,2
12234,33445,segundo,23.7,1 esquina,19.3,5,7,2
12234,33455,segundo,23.7,1 esquina,19.3,5,7,2
12234,33555,segundo,21.3,1 esquina,17.2,5,7,2
12234,34444,segundo,20.0,1 esquina,17.2,5,7,2
12234,34445,segundo,20.0,1 esquina,17.2,5,7,2
12234,34455,segundo,20.0,1 esquina,17.2,5,7,2
12234,34555,segundo,19.0,1 esquina,16.0,5,7,2
12234,35555,segundo,18.7,1 esquina,15.5,5,7,2
12234,44444,segundo,17.7,1 esquina,14.7,5,7,2
12234,44445,segundo,17.7,1 esquina,14.7,5,7,2
12234,44455,segundo,17.7,1 esquina,14.7,5,7,2
12234,44555,segundo,18.3,1 esquina,15.0,5,7,2
12234,45555,segundo,18.3,1 esquina,15.0,5,7,2
12234,55555,segundo,18.7,1 esquina,15.2,5,7,2
12235,23333,primero,40.0,1 esquina,31.8,0,3,2
12235,23334,primero,39.3,1 esquina,31.3,0,3,2
12235,23335,primero,38.7,1 esquina,30.8,0,3,2
12235,23344,primero,37.0,1 esquina,29.7,0,3,2
12235,23345,primero,36.7,1 esquina,29.5,0,3,2
12235,23355,primero,37.0,1 esquina,29.3,0,3,2
12235,23444,tablas,31.0,1 esquina,25.8,0,3,2
12235,23445,tablas,30.7,1 esquina,25.5,0,3,2
12235,23455,tablas,30.3,1 esquina,25.3,0,3,2
12235,23555,segundo,29.3,1 esquina,24.7,2,3,2
12235,24444,tablas,30.0,1 esquina,26.0,0,3,2
12235,24445,tablas,29.7,1 esquina,25.5,0,3,2
12235,24455,tablas,29.7,1 esquina,25.5,0,3,2
12235,24555,segundo,28.7,1 esquina,24.8,2,3,2
12235,25555,segundo,26.7,1 esquina,23.8,2,3,2
12235,33333,segundo,28.0,1 esquina,23.2,1,7,2
12235,33334,segundo,28.0,1 esquina,23.2,1,7,2
12235,33335,segundo,28.0,1 esquina,23.2,1,7,2
12235,33344,segundo,28.0,1 esquina,23.0,1,7,2
12235,33345,segundo,28.0,1 esquina,23.0,1,7,2
12235,33355,segundo,28.0,1 esquina,22.7,1,7,2
12235,33444,segundo,25.7,1 esquina,21.0,5,7,2
12235,33445,segundo,25.7,1 esquina,21.0,5,7,2
12235,33455,segundo,25.3,1 esquina,20.5,5,7,2
12235,33555,segundo,23.7,1 esquina,19.3,5,7,2
12235,34444,segundo,23.7,1 esquina,19.5,5,7,2
12235,34445,segundo,23.7,1 esquina,19.5,5,7,2
12235,34455,segundo,23.7,1 esquina,19.5,5,7,2
12235,34555,segundo,20.3,1 esquina,17.5,5,7,2
12235,35555,segundo,20.0,1 esquina,17.2,5,7,2
12235,44444,segundo,23.0,1 esquina,18.5,5,7,2
12235,44445,segundo,23.0,1 esquina,18.5,5,7,2
12235,44455,segundo,23.0,1 esquina,18.5,5,7,2
12235,44555,segundo,20.0,1 esquina,17.2,5,7,2
12235,45555,segundo,19.3,1 esquina,16.3,5,7,2
12235,55555,segundo,17.7,1 esquina,14.7,5,7,2
12244,23333,primero,51.0,1 esquina,45.2,0,3,2
12244,23334,primero,49.7,1 esquina,43.8,0,3,2
12244,23335,primero,47.0,1 esquina,42.3,0,3,2
12244,23344,primero,43.0,1 esquina,37.8,0,3,2
12244,23345,primero,42.3,1 esquina,37.2,0,3,2
12244,23355,primero,39.0,1 esquina,34.7,0,3,2
12244,23444,primero,37.0,1 esquina,32.0,0,3,2
12244,23445,primero,36.7,1 esquina,31.8,0,3,2
12244,23455,primero,35.0,1 esquina,30.7,0,3,2
12244,23555,tablas,28.7,1 esquina,26.5,0,3,2
12244,24444,segundo,32.3,1 esquina,26.5,2,3,2
12244,24445,segundo,32.3,1 esquina,26.5,2,3,2
12244,24455,segundo,32.3,1 esquina,26.5,2,3,2
12244,24555,segundo,27.7,1 esquina,23.5,2,3,2
12244,25555,segundo,26.7,1 esquina,23.5,2,3,2
12244,33333,primero,40.3,1 esquina,33.0,0,7,2
12244,33334,primero,39.7,1 esquina,32.2,0,7,2
12244,33335,primero,37.7,1 esquina,30.8,0,7,2
12244,33344,primero,34.3,1 esquina,28.8,0,7,2
12244,33345,primero,34.3,1 esquina,28.7,0,7,2
12244,33355,primero,33.7,1 esquina,28.2,0,7,2
12244,33444,tablas,30.7,1 esquina,25.0,0,7,2
12244,33445,tablas,30.7,1 esquina,25.0,0,7,2
12244,33455,tablas,30.7,1 esquina,25.0,0,7,2
12244,33555,segundo,25.7,1 esquina,21.3,4,7,2
12244,34444,segundo,26.7,1 esquina,21.2,4,7,2
12244,34445,segundo,26.7,1 esquina,21.2,4,7,2
12244,34455,segundo,26.7,1 esquina,21.2,4,7,2
12244,34555,segundo,25.3,1 esquina,20.2,4,7,2
12244,35555,segundo,24.0,1 esquina,19.3,4,7,2
12244,44444,segundo,17.7,1 esquina,14.0,5,7,2
12244,44445,segundo,17.7,1 esquina,14.0,5,7,2
12244,44455,segundo,17.7,1 esquina,14.0,5,7,2
12244,44555,segundo,18.3,1 esquina,14.7,5,7,2
12244,45555,segundo,18.3,1 esquina,15.0,5,7,2
12244,55555,segundo,18.7,1 esquina,15.2,5,7,2
12245,23333,primero,51.3,1 esquina,45.5,0,3,2
12245,23334,primero,50.3,1 esquina,45.0,0,3,2
12245,23335,primero,48.3,1 esquina,43.2,0,3,2
12245,23344,primero,46.3,1 esquina,39.8,0,3,2
12245,23345,primero,44.7,1 esquina,38.7,0,3,2
12245,23355,primero,39.0,1 esquina,34.8,0,3,2
12245,23444,primero,41.7,1 esquina,36.7,0,3,2
12245,23445,primero,40.7,1 esquina,35.2,0,3,2
12245,23455,primero,36.7,1 esquina,32.3,0,3,2
12245,23555,tablas,28.7,1 esquina,26.5,0,3,2
12245,24444,primero,40.0,1 esquina,31.8,0,3,2
12245,24445,primero,38.7,1 esquina,30.8,0,3,2
12245,24455,primero,37.0,1 esquina,29.3,0,3,2
12245,24555,segundo,29.3,1 esquina,24.7,2,3,2
12245,25555,segundo,26.7,1 esquina,23.8,2,3,2
12245,33333,primero,40.3,1 esquina,33.0,0,7,2
12245,33334,primero,40.0,1 esquina,32.8,0,7,2
12245,33335,primero,38.3,1 esquina,31.7,0,7,2
12245,33344,primero,38.0,1 esquina,31.2,0,7,2
12245,33345,primero,37.3,1 esquina,30.3,0,7,2
12245,33355,primero,33.7,1 esquina,28.2,0,7,2
12245,33444,primero,33.0,1 esquina,27.0,0,7,2
12245,33445,primero,32.7,1 esquina,26.7,0,7,2
12245,33455,primero,31.0,1 esquina,25.3,0,7,2
12245,33555,segundo,26.3,1 esquina,21.8,4,7,2
12245,34444,primero,33.3,1 esquina,26.3,0,7,2
12245,34445,primero,32.7,1 esquina,26.0,0,7,2
12245,34455,primero,31.3,1 esquina,24.8,0,7,2
12245,34555,segundo,26.7,1 esquina,21.5,4,7,2
12245,35555,segundo,23.3,1 esquina,19.5,4,7,2
12245,44444,segundo,28.0,1 esquina,23.2,1,7,2
12245,44445,segundo,28.0,1 esquina,23.2,1,7,2
12245,44455,segundo,28.0,1 esquina,22.7,1,7,2
12245,44555,segundo,23.7,1 esquina,19.3,5,7,2
12245,45555,segundo,20.0,1 esquina,17.2,5,7,2
12245,55555,segundo,17.7,1 esquina,14.7,5,7,2
12255,23333,primero,51.0,1 esquina,45.2,0,3,2
12255,23334,primero,51.0,1 esquina,45.3,0,3,2
12255,23335,primero,49.7,1 esquina,43.8,0,3,2
12255,23344,primero,50.7,1 esquina,45.0,0,3,2
12255,23345,primero,49.7,1 esquina,44.0,0,3,2
12255,23355,primero,43.0,1 esquina,37.8,0,3,2
12255,23444,primero,51.0,1 esquina,45.0,0,3,2
12255,23445,primero,49.7,1 esquina,43.7,0,3,2
12255,23455,primero,43.0,1 esquina,37.8,0,3,2
12255,23555,primero,37.0,1 esquina,32.0,0,3,2
12255,24444,primero,51.0,1 esquina,45.2,0,3,2
12255,24445,primero,49.7,1 esquina,43.8,0,3,2
12255,24455,primero,43.0,1 esquina,37.8,0,3,2
12255,24555,primero,37.0,1 esquina,32.0,0,3,2
12255,25555,segundo,32.3,1 esquina,26.5,2,3,2
12255,33333,primero,40.3,1 esquina,33.0,0,7,2
12255,33334,primero,40.3,1 esquina,33.3,0,7,2
12255,33335,primero,39.7,1 esquina,32.2,0,7,2
12255,33344,primero,40.0,1 esquina,33.7,0,7,2
12255,33345,primero,40.0,1 esquina,32.7,0,7,2
12255,33355,primero,34.3,1 esquina,28.8,0,7,2
12255,33444,primero,40.0,1 esquina,32.8,0,7,2
12255,33445,primero,40.3,1 esquina,32.8,0,7,2
12255,33455,primero,34.3,1 esquina,28.8,0,7,2
12255,33555,tablas,30.7,1 esquina,25.0,0,7,2
12255,34444,primero,40.0,1 esquina,33.2,0,7,2
12255,34445,primero,40.0,1 esquina,32.7,0,7,2
12255,34455,primero,34.3,1 esquina,28.8,0,7,2
12255,34555,tablas,30.7,1 esquina,25.0,0,7,2
12255,35555,segundo,26.7,1 esquina,21.2,4,7,2
12255,44444,primero,40.3,1 esquina,33.0,0,7,2
12255,44445,primero,39.7,1 esquina,32.2,0,7,2
12255,44455,primero,34.3,1 esquina,28.8,0,7,2
12255,44555,tablas,30.7,1 esquina,25.0,0,7,2
12255,45555,segundo,26.7,1 esquina,21.2,4,7,2
12255,55555,segundo,17.7,1 esquina,14.0,5,7,2
12333,23333,primero,44.0,1 esquina,39.5,0,3,2
12333,23334,primero,43.7,1 esquina,39.3,0,3,2
12333,23335,primero,43.7,1 esquina,39.3,0,3,2
12333,23344,primero,43.7,1 esquina,39.3,0,3,2
12333,23345,primero,43.7,1 esquina,39.3,0,3,2
12333,23355,primero,43.7,1 esquina,39.3,0,3,2
12333,23444,primero,37.7,1 esquina,33.8,0,3,2
12333,23445,primero,37.7,1 esquina,33.8,0,3,2
12333,23455,primero,37.7,1 esquina,33.8,0,3,2
12333,23555,primero,37.7,1 esquina,33.8,0,3,2
12333,24444,tablas,33.7,1 esquina,28.0,0,3,2
12333,24445,tablas,33.7,1 esquina,28.0,0,3,2
12333,24455,tablas,33.7,1 esquina,28.0,0,3,2
12333,24555,tablas,33.7,1 esquina,28.0,0,3,2
12333,25555,tablas,33.7,1 esquina,28.0,0,3,2
12333,33333,segundo,21.7,1 esquina,21.3,2,5,2
12333,33334,segundo,21.7,1 esquina,21.3,2,5,2
12333,33335,segundo,21.7,1 esquina,21.3,2,5,2
12333,33344,segundo,21.7,1 esquina,21.3,2,5,2
12333,33345,segundo,21.7,1 esquina,21.3,2,5,2
12333,33355,segundo,21.7,1 esquina,21.3,2,5,2
12333,33444,segundo,21.0,1 esquina,20.0,2,5,2
12333,33445,segundo,21.0,1 esquina,20.0,2,5,2
12333,33455,segundo,21.0,1 esquina,20.0,2,5,2
12333,33555,segundo,21.0,1 esquina,20.0,2,5,2
12333,34444,segundo,18.3,1 esquina,16.7,2,5,2
12333,34445,segundo,18.3,1 esquina,16.7,2,5,2
12333,34455,segundo,18.3,1 esquina,16.7,2,5,2
12333,34555,segundo,18.3,1 esquina,16.7,2,5,2
12333,35555,segundo,18.3,1 esquina,16.7,2,5,2
12333,44444,segundo,18.7,1 esquina,15.2,5,7,2
12333,44445,segundo,18.7,1 esquina,15.2,5,7,2
12333,44455,segundo,18.7,1 esquina,15.2,5,7,2
12333,44555,segundo,18.7,1 esquina,15.2,5,7,2
12333,45555,segundo,18.7,1 esquina,15.2,5,7,2
12333,55555,segundo,18.7,1 esquina,15.2,5,7,2
12334,23333,primero,58.7,1 esquina,52.7,0,3,2
12334,23334,primero,55.3,1 esquina,49.7,0,3,2
12334,23335,primero,53.7,1 esquina,48.0,0,3,2
12334,23344,primero,48.7,1 esquina,43.5,0,3,2
12334,23345,primero,48.7,1 esquina,43.5,0,3,2
12334,23355,primero,47.3,1 esquina,42.3,0,3,2
12334,23444,primero,39.3,1 esquina,35.7,0,3,2
12334,23445,primero,39.3,1 esquina,35.7,0,3,2
12334,23455,primero,39.0,1 esquina,35.3,0,3,2
12334,23555,primero,38.7,1 esquina,34.7,0,3,2
12334,24444,tablas,34.0,1 esquina,28.3,0,3,2
12334,24445,tablas,34.0,1 esquina,28.3,0,3,2
12334,24455,tablas,34.0,1 esquina,28.3,0,3,2
12334,24555,tablas,33.3,1 esquina,28.0,0,3,2
12334,25555,tablas,33.7,1 esquina,28.0,0,3,2
12334,33333,primero,40.0,1 esquina,35.7,0,5,2
12334,33334,primero,38.0,1 esquina,34.3,0,5,2
12334,33335,primero,38.0,1 esquina,34.3,0,5,2
12334,33344,primero,31.3,1 esquina,30.2,0,5,2
12334,33345,primero,31.3,1 esquina,30.2,0,5,2
12334,33355,primero,30.3,1 esquina,29.2,0,5,2
12334,33444,segundo,25.0,1 esquina,23.2,2,5,2
12334,33445,segundo,25.0,1 esquina,23.2,2,5,2
12334,33455,segundo,25.0,1 esquina,23.2,2,5,2
12334,33555,segundo,23.7,1 esquina,22.0,2,5,2
12334,34444,segundo,19.3,1 esquina,17.7,2,5,2
12334,34445,segundo,19.3,1 esquina,17.7,2,5,2
12334,34455,segundo,19.3,1 esquina,17.7,2,5,2
12334,34555,segundo,18.7,1 esquina,17.2,2,5,2
12334,35555,segundo,18.3,1 esquina,16.7,2,5,2
12334,44444,segundo,17.7,1 esquina,14.7,5,7,2
12334,44445,segundo,17.7,1 esquina,14.7,5,7,2
12334,44455,segundo,17.7,1 esquina,14.7,5,7,2
12334,44555,segundo,18.3,1 esquina,15.0,5,7,2
12334,45555,segundo,18.3,1 esquina,15.0,5,7,2
12334,55555,segundo,18.7,1 esquina,15.2,5,7,2
12335,23333,primero,58.7,1 esquina,52.7,0,3,2
12335,23334,primero,56.3,1 esquina,50.5,0,3,2
12335,23335,primero,55.3,1 esquina,49.7,0,3,2
12335,23344,primero,49.7,1 esquina,44.3,0,3,2
12335,23345,primero,49.3,1 esquina,44.0,0,3,2
12335,23355,primero,48.7,1 esquina,43.5,0,3,2
12335,23444,primero,41.0,1 esquina,37.2,0,3,2
12335,23445,primero,40.7,1 esquina,36.5,0,3,2
12335,23455,primero,40.3,1 esquina,36.5,0,3,2
12335,23555,primero,39.3,1 esquina,35.7,0,3,2
12335,24444,tablas,38.0,1 esquina,31.7,0,3,2
12335,24445,tablas,37.7,1 esquina,31.0,0,3,2
12335,24455,tablas,36.3,1 esquina,30.2,0,3,2
12335,24555,tablas,35.0,1 esquina,29.0,0,3,2
12335,25555,tablas,34.0,1 esquina,28.3,0,3,2
12335,33333,primero,40.0,1 esquina,35.7,0,5,2
12335,33334,primero,39.0,1 esquina,35.2,0,5,2
12335,33335,primero,38.0,1 esquina,34.3,0,5,2
12335,33344,primero,32.7,1 esquina,31.7,0,5,2
12335,33345,primero,32.3,1 esquina,31.3,0,5,2
12335,33355,primero,31.3,1 esquina,30.2,0,5,2
12335,33444,segundo,26.3,1 esquina,24.8,1,5,2
12335,33445,segundo,26.3,1 esquina,24.8,1,5,2
12335,33455,segundo,26.0,1 esquina,24.2,1,5,2
12335,33555,segundo,25.0,1 esquina,23.2,2,5,2
12335,34444,segundo,21.0,1 esquina,19.3,2,5,2
12335,34445,segundo,21.0,1 esquina,19.3,2,5,2
12335,34455,segundo,21.0,1 esquina,19.2,2,5,2
12335,34555,segundo,20.0,1 esquina,18.5,2,5,2
12335,35555,segundo,19.3,1 esquina,17.7,2,5,2
12335,44444,segundo,23.0,1 esquina,18.5,5,7,2
12335,44445,segundo,23.0,1 esquina,18.5,5,7,2
12335,44455,segundo,23.0,1 esquina,18.5,5,7,2
12335,44555,segundo,20.0,1 esquina,17.2,5,7,2
12335,45555,segundo,19.3,1 esquina,16.3,5,7,2
12335,55555,segundo,17.7,1 esquina,14.7,5,7,2
12344,23333,primero,73.7,1 esquina,66.8,0,3,2
12344,23334,primero,69.7,1 esquina,62.8,0,3,2
12344,23335,primero,67.0,1 esquina,61.2,0,3,2
12344,23344,primero,63.0,1 esquina,55.5,0,3,2
12344,23345,primero,62.7,1 esquina,55.5,0,3,2
12344,23355,primero,59.3,1 esquina,53.3,0,3,2
12344,23444,primero,47.3,1 esquina,44.0,0,3,2
12344,23445,primero,47.3,1 esquina,44.0,0,3,2
12344,23455,primero,46.0,1 esquina,43.2,0,3,2
12344,23555,primero,38.7,1 esquina,36.3,0,3,2
12344,24444,tablas,39.3,1 esquina,31.3,0,3,2
12344,24445,tablas,39.3,1 esquina,31.3,0,3,2
12344,24455,tablas,39.3,1 esquina,31.3,0,3,2
12344,24555,tablas,34.3,1 esquina,28.3,0,3,2
12344,25555,tablas,33.7,1 esquina,28.0,0,3,2
12344,33333,primero,69.7,1 esquina,60.8,0,5,2
12344,33334,primero,62.3,1 esquina,54.7,0,5,2
12344,33335,primero,58.7,1 esquina,51.8,0,5,2
12344,33344,primero,52.3,1 esquina,46.3,0,5,2
12344,33345,primero,51.0,1 esquina,45.7,0,5,2
12344,33355,primero,44.7,1 esquina,41.2,0,5,2
12344,33444,primero,33.7,1 esquina,32.0,0,5,2
12344,33445,primero,33.3,1 esquina,31.8,0,5,2
12344,33455,primero,32.7,1 esquina,30.8,0,5,2
12344,33555,primero,26.0,1 esquina,25.8,0,5,2
12344,34444,segundo,26.3,1 esquina,22.7,2,5,2
12344,34445,segundo,26.3,1 esquina,22.7,2,5,2
12344,34455,segundo,26.3,1 esquina,22.7,2,5,2
12344,34555,segundo,22.7,1 esquina,20.3,2,5,2
12344,35555,segundo,21.3,1 esquina,19.5,2,5,2
12344,44444,segundo,17.7,1 esquina,14.0,5,7,2
12344,44445,segundo,17.7,1 esquina,14.0,5,7,2
12344,44455,segundo,17.7,1 esquina,14.0,5,7,2
12344,44555,segundo,18.3,1 esquina,14.7,5,7,2
12344,45555,segundo,18.3,1 esquina,15.0,5,7,2
12344,55555,segundo,18.7,1 esquina,15.2,5,7,2
12345,23333,primero,73.7,1 esquina,66.8,0,3,2
12345,23334,primero,72.3,1 esquina,64.8,0,3,2
12345,23335,primero,68.7,1 esquina,62.5,0,3,2
12345,23344,primero,66.3,1 esquina,58.5,0,3,2
12345,23345,primero,64.3,1 esquina,57.0,0,3,2
12345,23355,primero,60.7,1 esquina,54.3,0,3,2
12345,23444,primero,52.0,1 esquina,48.3,0,3,2
12345,23445,primero,52.3,1 esquina,47.3,0,3,2
12345,23455,primero,47.7,1 esquina,44.0,0,3,2
12345,23555,primero,39.0,1 esquina,36.7,0,3,2
12345,24444,primero,47.3,1 esquina,39.0,0,3,2
12345,24445,primero,46.3,1 esquina,38.2,0,3,2
12345,24455,primero,43.3,1 esquina,35.2,0,3,2
12345,24555,tablas,36.3,1 esquina,30.2,0,3,2
12345,25555,tablas,34.0,1 esquina,28.3,0,3,2
12345,33333,primero,69.7,1 esquina,60.8,0,5,2
12345,33334,primero,65.3,1 esquina,56.8,0,5,2
12345,33335,primero,60.0,1 esquina,53.0,0,5,2
12345,33344,primero,58.3,1 esquina,50.0,0,5,2
12345,33345,primero,54.7,1 esquina,47.8,0,5,2
12345,33355,primero,48.0,1 esquina,43.2,0,5,2
12345,33444,primero,40.7,1 esquina,36.7,0,5,2
12345,33445,primero,39.7,1 esquina,35.8,0,5,2
12345,33455,primero,36.0,1 esquina,32.8,0,5,2
12345,33555,primero,26.3,1 lado,26.3,0,5,2
12345,34444,primero,33.3,1 esquina,27.8,0,5,2
12345,34445,primero,32.0,1 esquina,27.0,0,5,2
12345,34455,primero,30.7,1 esquina,25.3,0,5,2
12345,34555,segundo,24.3,1 esquina,21.2,2,5,2
12345,35555,segundo,21.3,1 esquina,19.8,2,5,2
12345,44444,segundo,28.0,1 esquina,23.2,1,7,2
12345,44445,segundo,28.0,1 esquina,23.2,1,7,2
12345,44455,segundo,28.0,1 esquina,22.7,1,7,2
12345,44555,segundo,23.7,1 esquina,19.3,5,7,2
12345,45555,segundo,20.0,1 esquina,17.2,5,7,2
12345,55555,segundo,17.7,1 esquina,14.7,5,7,2
12355,23333,primero,73.7,1 esquina,66.8,0,3,2
12355,23334,primero,71.7,1 esquina,64.5,0,3,2
12355,23335,primero,69.7,1 esquina,62.8,0,3,2
12355,23344,primero,70.0,1 esquina,62.2,0,3,2
12355,23345,primero,67.3,1 esquina,60.0,0,3,2
12355,23355,primero,63.0,1 esquina,55.5,0,3,2
12355,23444,primero,60.3,1 esquina,55.0,0,3,2
12355,23445,primero,59.3,1 esquina,53.5,0,3,2
12355,23455,primero,54.0,1 esquina,48.0,0,3,2
12355,23555,primero,47.3,1 esquina,44.0,0,3,2
12355,24444,primero,59.7,1 esquina,52.2,0,3,2
12355,24445,primero,57.7,1 esquina,50.5,0,3,2
12355,24455,primero,50.3,1 esquina,43.3,0,3,2
12355,24555,primero,44.7,1 esquina,39.2,0,3,2
12355,25555,tablas,39.3,1 esquina,31.3,0,3,2
12355,33333,primero,69.7,1 esquina,60.8,0,5,2
12355,33334,primero,66.3,1 esquina,58.5,0,5,2
12355,33335,primero,62.3,1 esquina,54.7,0,5,2
12355,33344,primero,60.0,1 esquina,53.0,0,5,2
12355,33345,primero,56.7,1 esquina,49.8,0,5,2
12355,33355,primero,52.3,1 esquina,46.3,0,5,2
12355,33444,primero,49.3,1 esquina,44.7,0,5,2
12355,33445,primero,49.0,1 esquina,44.5,0,5,2
12355,33455,primero,41.7,1 esquina,39.0,0,5,2
12355,33555,primero,33.7,1 esquina,32.0,0,5,2
12355,34444,primero,47.3,1 esquina,39.5,0,5,2
12355,34445,primero,45.7,1 esquina,38.3,0,5,2
12355,34455,primero,39.0,1 esquina,33.3,0,5,2
12355,34555,primero,33.7,1 esquina,28.3,0,5,2
12355,35555,segundo,26.3,1 esquina,22.7,2,5,2
12355,44444,primero,40.3,1 esquina,33.2,0,7,2
12355,44445,primero,39.7,1 esquina,32.2,0,7,2
12355,44455,primero,34.3,1 esquina,28.8,0,7,2
12355,44555,tablas,30.7,1 esquina,25.0,0,7,2
12355,45555,segundo,26.7,1 esquina,21.2,4,7,2
12355,55555,segundo,17.7,1 esquina,14.0,5,7,2
12444,23333,primero,77.0,1 esquina,72.0,0,3,2
12444,23334,primero,76.3,1 esquina,71.5,0,3,2
12444,23335,primero,68.3,1 esquina,65.3,0,3,2
12444,23344,primero,74.0,1 esquina,67.7,0,3,2
12444,23345,primero,69.7,1 esquina,64.0,0,3,2
12444,23355,primero,63.0,1 esquina,57.0,0,3,2
12444,23444,primero,60.0,1 esquina,55.7,0,3,2
12444,23445,primero,59.0,1 esquina,54.7,0,3,2
12444,23455,primero,55.3,1 esquina,51.0,0,3,2
12444,23555,primero,41.3,1 esquina,40.0,0,3,2
12444,24444,primero,44.0,1 esquina,39.5,0,3,2
12444,24445,primero,43.7,1 esquina,39.3,0,3,2
12444,24455,primero,43.7,1 esquina,39.3,0,3,2
12444,24555,primero,37.7,1 esquina,33.8,0,3,2
12444,25555,tablas,33.7,1 esquina,28.0,0,3,2
12444,33333,primero,76.0,1 esquina,70.5,0,5,2
12444,33334,primero,75.3,1 esquina,70.3,0,5,2
12444,33335,primero,67.0,1 esquina,62.0,0,5,2
12444,33344,primero,71.7,1 esquina,65.0,0,5,2
12444,33345,primero,66.0,1 esquina,58.8,0,5,2
12444,33355,primero,60.0,1 esquina,51.5,0,5,2
12444,33444,primero,55.3,1 esquina,51.3,0,5,2
12444,33445,primero,54.3,1 esquina,49.5,0,5,2
12444,33455,primero,50.0,1 esquina,44.8,0,5,2
12444,33555,primero,36.7,1 esquina,35.7,0,5,2
12444,34444,primero,40.3,1 esquina,36.2,0,5,2
12444,34445,primero,39.7,1 esquina,35.3,0,5,2
12444,34455,primero,39.3,1 esquina,35.2,0,5,2
12444,34555,primero,34.3,1 esquina,31.0,0,5,2
12444,35555,tablas,27.3,1 esquina,22.8,0,5,2
12444,44444,segundo,21.7,1 esquina,21.3,2,5,2
12444,44445,segundo,21.7,1 esquina,21.3,2,5,2
12444,44455,segundo,21.7,1 esquina,21.3,2,5,2
12444,44555,segundo,21.0,1 esquina,20.0,2,5,2
12444,45555,segundo,18.3,1 esquina,16.7,2,5,2
12444,55555,segundo,18.7,1 esquina,15.2,5,7,2
12445,23333,primero,77.0,1 esquina,72.0,0,3,2
12445,23334,primero,77.0,1 esquina,72.0,0,3,2
12445,23335,primero,70.7,1 esquina,67.0,0,3,2
12445,23344,primero,77.7,1 esquina,71.3,0,3,2
12445,23345,primero,70.3,1 esquina,66.0,0,3,2
12445,23355,primero,63.7,1 esquina,57.8,0,3,2
12445,23444,primero,71.0,1 esquina,64.8,0,3,2
12445,23445,primero,66.0,1 esquina,60.0,0,3,2
12445,23455,primero,60.0,1 esquina,53.8,0,3,2
12445,23555,primero,42.3,1 esquina,41.0,0,3,2
12445,24444,primero,58.7,1 esquina,52.7,0,3,2
12445,24445,primero,55.3,1 esquina,49.7,0,3,2
12445,24455,primero,48.7,1 esquina,43.5,0,3,2
12445,24555,primero,39.3,1 esquina,35.7,0,3,2
12445,25555,tablas,34.0,1 esquina,28.3,0,3,2
12445,33333,primero,76.0,1 esquina,70.5,0,5,2
12445,33334,primero,76.0,1 esquina,70.5,0,5,2
12445,33335,primero,68.0,1 esquina,62.7,0,5,2
12445,33344,primero,76.3,1 esquina,69.8,0,5,2
12445,33345,primero,67.7,1 esquina,61.5,0,5,2
12445,33355,primero,61.0,1 esquina,52.8,0,5,2
12445,33444,primero,67.7,1 esquina,62.5,0,5,2
12445,33445,primero,61.3,1 esquina,55.5,0,5,2
12445,33455,primero,56.3,1 esquina,49.2,0,5,2
12445,33555,primero,38.7,1 esquina,36.7,0,5,2
12445,34444,primero,56.3,1 esquina,51.0,0,5,2
12445,34445,primero,52.0,1 esquina,47.5,0,5,2
12445,34455,primero,46.0,1 esquina,40.7,0,5,2
12445,34555,primero,36.7,1 esquina,33.0,0,5,2
12445,35555,tablas,27.3,1 esquina,23.2,0,5,2
12445,44444,primero,40.0,1 esquina,35.7,0,5,2
12445,44445,primero,38.0,1 esquina,34.3,0,5,2
12445,44455,primero,31.3,1 esquina,30.2,0,5,2
12445,44555,segundo,25.0,1 esquina,23.2,2,5,2
12445,45555,segundo,19.3,1 esquina,17.7,2,5,2
12445,55555,segundo,17.7,1 esquina,14.7,5,7,2
12455,23333,primero,77.0,1 esquina,72.0,0,3,2
12455,23334,primero,77.0,1 esquina,72.0,0,3,2
12455,23335,primero,73.7,1 esquina,69.2,0,3,2
12455,23344,primero,77.0,1 esquina,71.8,0,3,2
12455,23345,primero,73.7,1 esquina,69.2,0,3,2
12455,23355,primero,65.7,1 esquina,60.3,0,3,2
12455,23444,primero,75.7,1 esquina,70.7,0,3,2
12455,23445,primero,72.0,1 esquina,67.0,0,3,2
12455,23455,primero,65.3,1 esquina,59.5,0,3,2
12455,23555,primero,51.7,1 esquina,48.3,0,3,2
12455,24444,primero,73.7,1 esquina,66.8,0,3,2
12455,24445,primero,69.7,1 esquina,62.8,0,3,2
12455,24455,primero,63.0,1 esquina,55.5,0,3,2
12455,24555,primero,47.3,1 esquina,44.0,0,3,2
12455,25555,tablas,39.3,1 esquina,31.3,0,3,2
12455,33333,primero,76.0,1 esquina,70.7,0,5,2
12455,33334,primero,76.0,1 esquina,70.7,0,5,2
12455,33335,primero,71.3,1 esquina,66.7,0,5,2
12455,33344,primero,76.7,1 esquina,70.5,0,5,2
12455,33345,primero,72.3,1 esquina,66.0,0,5,2
12455,33355,primero,62.3,1 esquina,55.0,0,5,2
12455,33444,primero,74.7,1 esquina,69.5,0,5,2
12455,33445,primero,70.0,1 esquina,63.8,0,5,2
12455,33455,primero,62.0,1 esquina,54.8,0,5,2
12455,33555,primero,47.3,1 esquina,43.5,0,5,2
12455,34444,primero,71.7,1 esquina,65.7,0,5,2
12455,34445,primero,67.0,1 esquina,59.8,0,5,2
12455,34455,primero,60.3,1 esquina,52.0,0,5,2
12455,34555,primero,44.7,1 esquina,40.3,0,5,2
12455,35555,tablas,33.0,1 esquina,27.2,0,5,2
12455,44444,primero,69.7,1 esquina,60.8,0,5,2
12455,44445,primero,62.3,1 esquina,54.7,0,5,2
12455,44455,primero,52.3,1 esquina,46.3,0,5,2
12455,44555,primero,33.7,1 esquina,32.0,0,5,2
12455,45555,segundo,26.3,1 esquina,22.7,2,5,2
12455,55555,segundo,17.7,1 esquina,14.0,5,7,2
12555,23333,primero,77.0,1 esquina,72.0,0,3,2
12555,23334,primero,77.0,1 esquina,72.0,0,3,2
12555,23335,primero,76.3,1 esquina,71.5,0,3,2
12555,23344,primero,77.0,1 esquina,72.0,0,3,2
12555,23345,primero,76.3,1 esquina,71.5,0,3,2
12555,23355,primero,74.0,1 esquina,67.7,0,3,2
12555,23444,primero,77.0,1 esquina,72.0,0,3,2
12555,23445,primero,77.0,1 esquina,71.8,0,3,2
12555,23455,primero,74.0,1 esquina,67.7,0,3,2
12555,23555,primero,60.0,1 esquina,55.7,0,3,2
12555,24444,primero,77.0,1 esquina,72.0,0,3,2
12555,24445,primero,76.3,1 esquina,71.5,0,3,2
12555,24455,primero,74.0,1 esquina,67.7,0,3,2
12555,24555,primero,60.0,1 esquina,55.7,0,3,2
12555,25555,primero,44.0,1 esquina,39.5,0,3,2
12555,33333,primero,76.0,1 esquina,70.5,0,5,2
12555,33334,primero,76.0,1 esquina,70.5,0,5,2
12555,33335,primero,75.3,1 esquina,70.3,0,5,2
12555,33344,primero,76.0,1 esquina,70.5,0,5,2
12555,33345,primero,75.3,1 esquina,70.3,0,5,2
12555,33355,primero,71.7,1 esquina,65.0,0,5,2
12555,33444,primero,76.0,1 esquina,70.5,0,5,2
12555,33445,primero,76.0,1 esquina,70.7,0,5,2
12555,33455,primero,71.7,1 esquina,65.0,0,5,2
12555,33555,primero,55.3,1 esquina,51.3,0,5,2
12555,34444,primero,76.0,1 esquina,70.5,0,5,2
12555,34445,primero,75.7,1 esquina,70.5,0,5,2
12555,34455,primero,71.7,1 esquina,65.0,0,5,2
12555,34555,primero,55.3,1 esquina,51.3,0,5,2
12555,35555,primero,40.3,1 esquina,36.2,0,5,2
12555,44444,primero,76.0,1 esquina,70.5,0,5,2
12555,44445,primero,75.3,1 esquina,70.3,0,5,2
12555,44455,primero,71.7,1 esquina,65.0,0,5,2
12555,44555,primero,55.3,1 esquina,51.3,0,5,2
12555,45555,primero,40.3,1 esquina,36.2,0,5,2
12555,55555,segundo,21.7,1 esquina,21.3,2,5,2
13333,23444,primero,39.7,1 esquina,37.5,0,3,2
13333,23445,primero,39.7,1 esquina,37.5,0,3,2
13333,23455,primero,39.7,1 esquina,37.5,0,3,2
13333,23555,primero,39.7,1 esquina,37.5,0,3,2
13333,24444,tablas,35.0,1 esquina,30.0,0,3,2
13333,24445,tablas,35.0,1 esquina,30.0,0,3,2
13333,24455,tablas,35.0,1 esquina,30.0,0,3,2
13333,24555,tablas,35.0,1 esquina,30.0,0,3,2
13333,25555,tablas,35.0,1 esquina,30.0,0,3,2
13333,33444,segundo,23.7,1 lado,23.2,2,3,2
13333,33445,segundo,23.7,1 lado,23.2,2,3,2
13333,33455,segundo,23.7,1 lado,23.2,2,3,2
13333,33555,segundo,23.7,1 lado,23.2,2,3,2
13333,34444,segundo,20.7,1 esquina,18.8,2,3,2
13333,34445,segundo,20.7,1 esquina,18.8,2,3,2
13333,34455,segundo,20.7,1 esquina,18.8,2,3,2
13333,34555,segundo,20.7,1 esquina,18.8,2,3,2
13333,35555,segundo,20.7,1 esquina,18.8,2,3,2
13333,44444,segundo,18.7,1 esquina,15.2,5,7,2
13333,44445,segundo,18.7,1 esquina,15.2,5,7,2
13333,44455,segundo,18.7,1 esquina,15.2,5,7,2
13333,44555,segundo,18.7,1 esquina,15.2,5,7,2
13333,45555,segundo,18.7,1 esquina,15.2,5,7,2
13333,55555,segundo,18.7,1 esquina,15.2,5,7,2
13334,23444,primero,42.0,1 esquina,39.7,0,3,2
13334,23445,primero,42.0,1 esquina,39.7,0,3,2
13334,23455,primero,42.0,1 esquina,39.5,0,3,2
13334,23555,primero,41.3,1 esquina,38.8,0,3,2
13334,24444,primero,34.3,1 esquina,29.8,0,3,2
13334,24445,primero,34.3,1 esquina,29.8,0,3,2
13334,24455,primero,34.3,1 esquina,29.8,0,3,2
13334,24555,primero,34.0,1 esquina,29.7,0,3,2
13334,25555,tablas,35.0,1 esquina,30.0,0,3,2
13334,33444,primero,26.7,1 esquina,26.0,0,3,2
13334,33445,primero,26.7,1 esquina,26.0,0,3,2
13334,33455,primero,26.7,1 esquina,26.0,0,3,2
13334,33555,primero,26.3,1 esquina,25.2,0,3,2
13334,34444,segundo,22.0,1 esquina,20.2,2,3,2
13334,34445,segundo,22.0,1 esquina,20.2,2,3,2
13334,34455,segundo,22.0,1 esquina,20.2,2,3,2
13334,34555,segundo,21.0,1 esquina,19.5,2,3,2
13334,35555,segundo,21.0,1 esquina,19.3,2,3,2
13334,44444,segundo,17.7,1 esquina,14.7,5,7,2
13334,44445,segundo,17.7,1 esquina,14.7,5,7,2
13334,44455,segundo,17.7,1 esquina,14.7,5,7,2
13334,44555,segundo,18.3,1 esquina,15.0,5,7,2
13334,45555,segundo,18.3,1 esquina,15.0,5,7,2
13334,55555,segundo,18.7,1 esquina,15.2,5,7,2
13335,23444,primero,45.7,1 esquina,42.0,0,3,2
13335,23445,primero,44.7,1 esquina,41.3,0,3,2
13335,23455,primero,44.0,1 esquina,40.8,0,3,2
13335,23555,primero,42.0,1 esquina,39.7,0,3,2
13335,24444,primero,37.7,1 esquina,31.8,0,3,2
13335,24445,primero,37.0,1 esquina,31.5,0,3,2
13335,24455,primero,35.7,1 esquina,30.7,0,3,2
13335,24555,primero,35.3,1 esquina,30.5,0,3,2
13335,25555,primero,34.3,1 esquina,29.8,0,3,2
13335,33444,primero,29.7,1 esquina,28.7,0,3,2
13335,33445,primero,28.7,1 esquina,28.0,0,3,2
13335,33455,primero,28.3,1 esquina,27.8,0,3,2
13335,33555,primero,26.7,1 esquina,26.0,0,3,2
13335,34444,segundo,24.3,1 esquina,21.8,2,3,2
13335,34445,segundo,24.3,1 esquina,21.8,2,3,2
13335,34455,segundo,24.3,1 esquina,21.8,2,3,2
13335,34555,segundo,23.0,1 esquina,21.0,2,3,2
13335,35555,segundo,22.0,1 esquina,20.2,2,3,2
13335,44444,segundo,23.0,1 esquina,18.5,5,7,2
13335,44445,segundo,23.0,1 esquina,18.5,5,7,2
13335,44455,segundo,23.0,1 esquina,18.5,5,7,2
13335,44555,segundo,20.0,1 esquina,17.2,5,7,2
13335,45555,segundo,19.3,1 esquina,16.3,5,7,2
13335,55555,segundo,17.7,1 esquina,14.7,5,7,2
13344,24444,primero,38.7,1 esquina,32.7,0,3,2
13344,24445,primero,38.7,1 esquina,32.7,0,3,2
13344,24455,primero,39.0,1 esquina,32.7,0,3,2
13344,24555,primero,33.7,1 esquina,29.3,0,3,2
13344,25555,tablas,35.0,1 esquina,30.0,0,3,2
13344,33555,primero,35.0,1 esquina,34.8,0,3,2
13344,34444,segundo,32.3,1 esquina,26.5,2,3,2
13344,34445,segundo,32.3,1 esquina,26.5,2,3,2
13344,34455,segundo,32.3,1 esquina,26.5,2,3,2
13344,34555,segundo,27.7,1 esquina,23.5,2,3,2
13344,35555,segundo,26.7,1 esquina,23.5,2,3,2
13344,44444,segundo,17.7,1 esquina,14.0,5,7,2
13344,44445,segundo,17.7,1 esquina,14.0,5,7,2
13344,44455,segundo,17.7,1 esquina,14.0,5,7,2
13344,44555,segundo,18.3,1 esquina,14.7,5,7,2
13344,45555,segundo,18.3,1 esquina,15.0,5,7,2
13344,55555,segundo,18.7,1 esquina,15.2,5,7,2
13345,24444,primero,45.7,1 esquina,40.2,0,3,2
13345,24445,primero,44.3,1 esquina,39.2,0,3,2
13345,24455,primero,42.7,1 esquina,36.0,0,3,2
13345,24555,primero,35.7,1 esquina,31.2,0,3,2
13345,25555,primero,34.3,1 esquina,29.8,0,3,2
13345,33555,primero,36.7,1 lado,36.7,0,3,2
13345,34444,primero,40.0,1 esquina,31.8,0,3,2
13345,34445,primero,38.7,1 esquina,30.8,0,3,2
13345,34455,primero,37.0,1 esquina,29.3,0,3,2
13345,34555,segundo,29.3,1 esquina,24.7,2,3,2
13345,35555,segundo,26.7,1 esquina,23.8,2,3,2
13345,44444,segundo,28.0,1 esquina,23.2,1,7,2
13345,44445,segundo,28.0,1 esquina,23.2,1,7,2
13345,44455,segundo,28.0,1 esquina,22.7,1,7,2
13345,44555,segundo,23.7,1 esquina,19.3,5,7,2
13345,45555,segundo,20.0,1 esquina,17.2,5,7,2
13345,55555,segundo,17.7,1 esquina,14.7,5,7,2
13355,24444,primero,60.7,1 esquina,55.2,0,3,2
13355,24445,primero,57.0,1 esquina,51.5,0,3,2
13355,24455,primero,50.7,1 esquina,44.2,0,3,2
13355,24555,primero,43.0,1 esquina,39.2,0,3,2
13355,25555,primero,38.7,1 esquina,32.7,0,3,2
13355,34444,primero,51.0,1 esquina,45.2,0,3,2
13355,34445,primero,49.7,1 esquina,43.8,0,3,2
13355,34455,primero,43.0,1 esquina,37.8,0,3,2
13355,34555,primero,37.0,1 esquina,32.0,0,3,2
13355,35555,segundo,32.3,1 esquina,26.5,2,3,2
13355,44444,primero,40.3,1 esquina,33.0,0,7,2
13355,44445,primero,39.7,1 esquina,32.2,0,7,2
13355,44455,primero,34.3,1 esquina,28.8,0,7,2
13355,44555,tablas,30.7,1 esquina,25.0,0,7,2
13355,45555,segundo,26.7,1 esquina,21.2,4,7,2
13355,55555,segundo,17.7,1 esquina,14.0,5,7,2
13444,24444,primero,42.3,1 esquina,42.0,0,3,2
13444,24445,primero,41.3,1 esquina,40.7,0,3,2
13444,24455,primero,41.3,1 esquina,40.2,0,3,2
13444,24555,primero,35.0,1 esquina,33.0,0,3,2
13444,25555,tablas,35.0,1 esquina,30.0,0,3,2
13444,34444,primero,44.0,1 esquina,39.5,0,3,2
13444,34445,primero,43.7,1 esquina,39.3,0,3,2
13444,34455,primero,43.7,1 esquina,39.3,0,3,2
13444,34555,primero,37.7,1 esquina,33.8,0,3,2
13444,35555,tablas,33.7,1 esquina,28.0,0,3,2
13444,44444,segundo,21.7,1 esquina,21.3,2,5,2
13444,44445,segundo,21.7,1 esquina,21.3,2,5,2
13444,44455,segundo,21.7,1 esquina,21.3,2,5,2
13444,44555,segundo,21.0,1 esquina,20.0,2,5,2
13444,45555,segundo,18.3,1 esquina,16.7,2,5,2
13444,55555,segundo,18.7,1 esquina,15.2,5,7,2
13445,24444,primero,58.3,1 esquina,56.5,0,3,2
13445,24445,primero,53.3,1 esquina,50.8,0,3,2
13445,24455,primero,47.7,1 esquina,44.5,0,3,2
13445,24555,primero,36.7,1 esquina,34.8,0,3,2
13445,25555,primero,34.3,1 esquina,29.8,0,3,2
13445,34444,primero,58.7,1 esquina,52.7,0,3,2
13445,34445,primero,55.3,1 esquina,49.7,0,3,2
13445,34455,primero,48.7,1 esquina,43.5,0,3,2
13445,34555,primero,39.3,1 esquina,35.7,0,3,2
13445,35555,tablas,34.0,1 esquina,28.3,0,3,2
13445,44444,primero,40.0,1 esquina,35.7,0,5,2
13445,44445,primero,38.0,1 esquina,34.3,0,5,2
13445,44455,primero,31.3,1 esquina,30.2,0,5,2
13445,44555,segundo,25.0,1 esquina,23.2,2,5,2
13445,45555,segundo,19.3,1 esquina,17.7,2,5,2
13445,55555,segundo,17.7,1 esquina,14.7,5,7,2
13455,24444,primero,73.7,1 esquina,71.0,0,3,2
13455,24445,primero,71.0,1 esquina,67.0,0,3,2
13455,24455,primero,62.0,1 esquina,56.5,0,3,2
13455,24555,primero,44.7,1 esquina,43.2,0,3,2
13455,25555,primero,38.3,1 esquina,32.5,0,3,2
13455,34444,primero,73.7,1 esquina,66.8,0,3,2
13455,34445,primero,69.7,1 esquina,62.8,0,3,2
13455,34455,primero,63.0,1 esquina,55.5,0,3,2
13455,34555,primero,47.3,1 esquina,44.0,0,3,2
13455,35555,tablas,39.3,1 esquina,31.3,0,3,2
13455,44444,primero,69.7,1 esquina,60.8,0,5,2
13455,44445,primero,62.3,1 esquina,54.7,0,5,2
13455,44455,primero,52.3,1 esquina,46.3,0,5,2
13455,44555,primero,33.7,1 esquina,32.0,0,5,2
13455,45555,segundo,26.3,1 esquina,22.7,2,5,2
13455,55555,segundo,17.7,1 esquina,14.0,5,7,2
13555,24444,primero,78.3,1 esquina,75.0,0,3,2
13555,24445,primero,78.0,1 esquina,74.8,0,3,2
13555,24455,primero,75.7,1 esquina,71.5,0,3,2
13555,24555,primero,61.0,1 esquina,58.8,0,3,2
13555,25555,primero,42.3,1 esquina,42.0,0,3,2
13555,34444,primero,77.0,1 esquina,72.0,0,3,2
13555,34445,primero,76.3,1 esquina,71.5,0,3,2
13555,34455,primero,74.0,1 esquina,67.7,0,3,2
13555,34555,primero,60.0,1 esquina,55.7,0,3,2
13555,35555,primero,44.0,1 esquina,39.5,0,3,2
13555,44444,primero,76.0,1 esquina,70.5,0,5,2
13555,44445,primero,75.3,1 esquina,70.3,0,5,2
13555,44455,primero,71.7,1 esquina,65.0,0,5,2
13555,44555,primero,55.3,1 esquina,51.3,0,5,2
13555,45555,primero,40.3,1 esquina,36.2,0,5,2
13555,55555,segundo,21.7,1 esquina,21.3,2,5,2
14444,24555,primero,39.7,1 esquina,37.5,0,3,2
14444,25555,tablas,35.0,1 esquina,30.0,0,3,2
14444,34555,primero,39.7,1 esquina,37.5,0,3,2
14444,35555,tablas,35.0,1 esquina,30.0,0,3,2
14444,44555,segundo,23.7,1 lado,23.2,2,3,2
14444,45555,segundo,20.7,1 esquina,18.8,2,3,2
14444,55555,segundo,18.7,1 esquina,15.2,5,7,2
14445,24555,primero,42.0,1 esquina,39.7,0,3,2
14445,25555,primero,34.3,1 esquina,29.8,0,3,2
14445,34555,primero,42.0,1 esquina,39.7,0,3,2
14445,35555,primero,34.3,1 esquina,29.8,0,3,2
14445,44555,primero,26.7,1 esquina,26.0,0,3,2
14445,45555,segundo,22.0,1 esquina,20.2,2,3,2
14445,55555,segundo,17.7,1 esquina,14.7,5,7,2
14455,25555,primero,38.7,1 esquina,32.7,0,3,2
14455,35555,primero,38.7,1 esquina,32.7,0,3,2
14455,45555,segundo,32.3,1 esquina,26.5,2,3,2
14455,55555,segundo,17.7,1 esquina,14.0,5,7,2
14555,25555,primero,42.3,1 esquina,42.0,0,3,2
14555,35555,primero,42.3,1 esquina,42.0,0,3,2
14555,45555,primero,44.0,1 esquina,39.5,0,3,2
14555,55555,segundo,21.7,1 esquina,21.3,2,5,2
22233,33333,segundo,17.7,2 esquina,14.0,5,7,2
22233,33334,segundo,17.7,2 esquina,14.0,5,7,2
22233,33335,segundo,17.7,2 esquina,14.0,5,7,2
22233,33344,segundo,17.7,2 esquina,14.0,5,7,2
22233,33345,segundo,17.7,2 esquina,14.0,5,7,2
22233,33355,segundo,17.7,2 esquina,14.0,5,7,2
22233,33444,segundo,18.3,2 esquina,14.7,5,7,2
22233,33445,segundo,18.3,2 esquina,14.7,5,7,2
22233,33455,segundo,18.3,2 esquina,14.7,5,7,2
22233,33555,segundo,18.3,2 esquina,14.7,5,7,2
22233,34444,segundo,18.3,2 esquina,15.0,5,7,2
22233,34445,segundo,18.3,2 esquina,15.0,5,7,2
22233,34455,segundo,18.3,2 esquina,15.0,5,7,2
22233,34555,segundo,18.3,2 esquina,15.0,5,7,2
22233,35555,segundo,18.3,2 esquina,15.0,5,7,2
22233,44444,segundo,18.7,2 esquina,15.2,5,7,2
22233,44445,segundo,18.7,2 esquina,15.2,5,7,2
22233,44455,segundo,18.7,2 esquina,15.2,5,7,2
22233,44555,segundo,18.7,2 esquina,15.2,5,7,2
22233,45555,segundo,18.7,2 esquina,15.2,5,7,2
22233,55555,segundo,18.7,2 esquina,15.2,5,7,2
22234,33333,segundo,28.0,2 esquina,23.2,1,7,2
22234,33334,segundo,28.0,2 esquina,23.2,1,7,2
22234,33335,segundo,28.0,2 esquina,23.2,1,7,2
22234,33344,segundo,28.0,2 esquina,22.7,1,7,2
22234,33345,segundo,28.0,2 esquina,22.7,1,7,2
22234,33355,segundo,28.0,2 esquina,22.7,1,7,2
22234,33444,segundo,23.7,2 esquina,19.3,5,7,2
22234,33445,segundo,23.7,2 esquina,19.3,5,7,2
22234,33455,segundo,23.7,2 esquina,19.3,5,7,2
22234,33555,segundo,21.3,2 esquina,17.2,5,7,2
22234,34444,segundo,20.0,2 esquina,17.2,5,7,2
22234,34445,segundo,20.0,2 esquina,17.2,5,7,2
22234,34455,segundo,20.0,2 esquina,17.2,5,7,2
22234,34555,segundo,19.0,2 esquina,16.0,5,7,2
22234,35555,segundo,18.7,2 esquina,15.5,5,7,2
22234,44444,segundo,17.7,2 esquina,14.7,5,7,2
22234,44445,segundo,17.7,2 esquina,14.7,5,7,2
22234,44455,segundo,17.7,2 esquina,14.7,5,7,2
22234,44555,segundo,18.3,2 esquina,15.0,5,7,2
22234,45555,segundo,18.3,2 esquina,15.0,5,7,2
22234,55555,segundo,18.7,2 esquina,15.2,5,7,2
22235,33333,segundo,28.0,2 esquina,23.2,1,7,2
22235,33334,segundo,28.0,2 esquina,23.2,1,7,2
22235,33335,segundo,28.0,2 esquina,23.2,1,7,2
22235,33344,segundo,28.0,2 esquina,23.0,1,7,2
22235,33345,segundo,28.0,2 esquina,23.0,1,7,2
22235,33355,segundo,28.0,2 esquina,22.7,1,7,2
22235,33444,segundo,25.7,2 esquina,21.0,5,7,2
22235,33445,segundo,25.7,2 esquina,21.0,5,7,2
22235,33455,segundo,25.3,2 esquina,20.5,5,7,2
22235,33555,segundo,23.7,2 esquina,19.3,5,7,2
22235,34444,segundo,23.7,2 esquina,19.5,5,7,2
22235,34445,segundo,23.7,2 esquina,19.5,5,7,2
22235,34455,segundo,23.7,2 esquina,19.5,5,7,2
22235,34555,segundo,20.3,2 esquina,17.5,5,7,2
22235,35555,segundo,20.0,2 esquina,17.2,5,7,2
22235,44444,segundo,23.3,2 esquina,18.5,5,7,2
22235,44445,segundo,23.3,2 esquina,18.5,5,7,2
22235,44455,segundo,23.3,2 esquina,18.5,5,7,2
22235,44555,segundo,20.3,2 esquina,17.2,5,7,2
22235,45555,segundo,19.7,2 esquina,16.3,5,7,2
22235,55555,segundo,17.7,2 esquina,14.7,5,7,2
22244,33333,primero,40.3,2 esquina,33.0,0,7,2
22244,33334,primero,39.7,2 esquina,32.2,0,7,2
22244,33335,primero,37.7,2 esquina,30.8,0,7,2
22244,33344,primero,34.3,2 esquina,28.8,0,7,2
22244,33345,primero,34.3,2 esquina,28.7,0,7,2
22244,33355,primero,33.7,2 esquina,28.2,0,7,2
22244,33444,tablas,30.3,2 esquina,24.8,0,7,2
22244,33445,tablas,30.3,2 esquina,24.8,0,7,2
22244,33455,tablas,30.3,2 esquina,24.8,0,7,2
22244,33555,segundo,25.3,2 esquina,21.2,4,7,2
22244,34444,segundo,26.3,2 esquina,21.0,4,7,2
22244,34445,segundo,26.3,2 esquina,21.0,4,7,2
22244,34455,segundo,26.3,2 esquina,21.0,4,7,2
22244,34555,segundo,25.0,2 esquina,20.0,4,7,2
22244,35555,segundo,24.0,2 esquina,19.3,4,7,2
22244,44444,segundo,17.7,2 esquina,14.0,5,7,2
22244,44445,segundo,17.7,2 esquina,14.0,5,7,2
22244,44455,segundo,17.7,2 esquina,14.0,5,7,2
22244,44555,segundo,18.3,2 esquina,14.7,5,7,2
22244,45555,segundo,18.3,2 esquina,15.0,5,7,2
22244,55555,segundo,18.7,2 esquina,15.2,5,7,2
22245,33333,primero,40.3,2 esquina,33.0,0,7,2
22245,33334,primero,40.0,2 esquina,32.8,0,7,2
22245,33335,primero,38.3,2 esquina,31.5,0,7,2
22245,33344,primero,38.0,2 esquina,31.2,0,7,2
22245,33345,primero,37.3,2 esquina,30.3,0,7,2
22245,33355,primero,33.7,2 esquina,28.2,0,7,2
22245,33444,primero,33.0,2 esquina,27.0,0,7,2
22245,33445,primero,32.7,2 esquina,26.7,0,7,2
22245,33455,primero,31.0,2 esquina,25.3,0,7,2
22245,33555,segundo,26.0,2 esquina,21.7,4,7,2
22245,34444,primero,33.3,2 esquina,26.3,0,7,2
22245,34445,primero,32.7,2 esquina,26.0,0,7,2
22245,34455,primero,31.3,2 esquina,24.8,0,7,2
22245,34555,segundo,26.3,2 esquina,21.3,4,7,2
22245,35555,segundo,23.3,2 esquina,19.5,4,7,2
22245,44444,segundo,28.0,2 esquina,23.2,1,7,2
22245,44445,segundo,28.0,2 esquina,23.2,1,7,2
22245,44455,segundo,28.0,2 esquina,22.7,1,7,2
22245,44555,segundo,23.7,2 esquina,19.3,5,7,2
22245,45555,segundo,20.0,2 esquina,17.2,5,7,2
22245,55555,segundo,17.7,2 esquina,14.7,5,7,2
22255,33333,primero,40.3,2 esquina,33.0,0,7,2
22255,33334,primero,40.3,2 esquina,33.3,0,7,2
22255,33335,primero,39.7,2 esquina,32.2,0,7,2
22255,33344,primero,40.0,2 esquina,33.7,0,7,2
22255,33345,primero,40.0,2 esquina,32.7,0,7,2
22255,33355,primero,34.3,2 esquina,28.8,0,7,2
22255,33444,primero,40.0,2 esquina,32.8,0,7,2
22255,33445,primero,40.3,2 esquina,32.8,0,7,2
22255,33455,primero,34.3,2 esquina,28.8,0,7,2
22255,33555,tablas,30.3,2 esquina,24.8,0,7,2
22255,34444,primero,40.0,2 esquina,33.2,0,7,2
22255,34445,primero,40.0,2 esquina,32.7,0,7,2
22255,34455,primero,34.3,2 esquina,28.8,0,7,2
22255,34555,tablas,30.3,2 esquina,24.8,0,7,2
22255,35555,segundo,26.3,2 esquina,21.0,4,7,2
22255,44444,primero,40.3,2 esquina,33.0,0,7,2
22255,44445,primero,39.7,2 esquina,32.2,0,7,2
22255,44455,primero,34.3,2 esquina,28.8,0,7,2
22255,44555,tablas,30.3,2 esquina,24.8,0,7,2
22255,45555,segundo,26.3,2 esquina,21.0,4,7,2
22255,55555,segundo,17.7,2 esquina,14.0,5,7,2
22333,33333,segundo,21.7,2 esquina,21.3,2,5,2
22333,33334,segundo,21.7,2 esquina,21.3,2,5,2
22333,33335,segundo,21.7,2 esquina,21.3,2,5,2
22333,33344,segundo,21.7,2 esquina,21.3,2,5,2
22333,33345,segundo,21.7,2 esquina,21.3,2,5,2
22333,33355,segundo,21.7,2 esquina,21.3,2,5,2
22333,33444,segundo,21.0,2 esquina,20.0,2,5,2
22333,33445,segundo,21.0,2 esquina,20.0,2,5,2
22333,33455,segundo,21.0,2 esquina,20.0,2,5,2
22333,33555,segundo,21.0,2 esquina,20.0,2,5,2
22333,34444,segundo,18.3,2 esquina,16.5,2,5,2
22333,34445,segundo,18.3,2 esquina,16.5,2,5,2
22333,34455,segundo,18.3,2 esquina,16.5,2,5,2
22333,34555,segundo,18.3,2 esquina,16.5,2,5,2
22333,35555,segundo,18.3,2 esquina,16.5,2,5,2
22333,44444,segundo,18.7,2 esquina,15.2,5,7,2
22333,44445,segundo,18.7,2 esquina,15.2,5,7,2
22333,44455,segundo,18.7,2 esquina,15.2,5,7,2
22333,44555,segundo,18.7,2 esquina,15.2,5,7,2
22333,45555,segundo,18.7,2 esquina,15.2,5,7,2
22333,55555,segundo,18.7,2 esquina,15.2,5,7,2
22334,33333,primero,40.0,2 esquina,35.7,0,5,2
22334,33334,primero,38.0,2 esquina,34.3,0,5,2
22334,33335,primero,38.0,2 esquina,34.3,0,5,2
22334,33344,primero,31.3,2 esquina,30.2,0,5,2
22334,33345,primero,31.3,2 esquina,30.2,0,5,2
22334,33355,primero,30.3,2 esquina,29.2,0,5,2
22334,33444,segundo,25.0,2 esquina,23.2,2,5,2
22334,33445,segundo,25.0,2 esquina,23.2,2,5,2
22334,33455,segundo,25.0,2 esquina,23.2,2,5,2
22334,33555,segundo,23.7,2 esquina,22.0,2,5,2
22334,34444,segundo,19.3,2 esquina,17.7,2,5,2
22334,34445,segundo,19.3,2 esquina,17.7,2,5,2
22334,34455,segundo,19.3,2 esquina,17.7,2,5,2
22334,34555,segundo,18.7,2 esquina,17.2,2,5,2
22334,35555,segundo,18.3,2 esquina,16.7,2,5,2
22334,44444,segundo,17.7,2 esquina,14.7,5,7,2
22334,44445,segundo,17.7,2 esquina,14.7,5,7,2
22334,44455,segundo,17.7,2 esquina,14.7,5,7,2
22334,44555,segundo,18.3,2 esquina,15.0,5,7,2
22334,45555,segundo,18.3,2 esquina,15.0,5,7,2
22334,55555,segundo,18.7,2 esquina,15.2,5,7,2
22335,33333,primero,40.0,2 esquina,35.7,0,5,2
22335,33334,primero,39.0,2 esquina,35.2,0,5,2
22335,33335,primero,38.0,2 esquina,34.3,0,5,2
22335,33344,primero,32.7,2 esquina,31.7,0,5,2
22335,33345,primero,32.3,2 esquina,31.3,0,5,2
22335,33355,primero,31.3,2 esquina,30.2,0,5,2
22335,33444,segundo,26.3,2 esquina,24.8,1,5,2
22335,33445,segundo,26.3,2 esquina,24.8,1,5,2
22335,33455,segundo,26.0,2 esquina,24.2,1,5,2
22335,33555,segundo,25.0,2 esquina,23.2,2,5,2
22335,34444,segundo,21.0,2 esquina,19.3,2,5,2
22335,34445,segundo,21.0,2 esquina,19.3,2,5,2
22335,34455,segundo,21.0,2 esquina,19.2,2,5,2
22335,34555,segundo,20.0,2 esquina,18.5,2,5,2
22335,35555,segundo,19.3,2 esquina,17.7,2,5,2
22335,44444,segundo,23.3,2 esquina,18.5,5,7,2
22335,44445,segundo,23.3,2 esquina,18.5,5,7,2
22335,44455,segundo,23.3,2 esquina,18.5,5,7,2
22335,44555,segundo,20.3,2 esquina,17.2,5,7,2
22335,45555,segundo,19.7,2 esquina,16.3,5,7,2
22335,55555,segundo,17.7,2 esquina,14.7,5,7,2
22344,33333,primero,69.7,2 esquina,60.7,0,5,2
22344,33334,primero,62.3,2 esquina,54.7,0,5,2
22344,33335,primero,58.7,2 esquina,51.8,0,5,2
22344,33344,primero,52.3,2 esquina,46.3,0,5,2
22344,33345,primero,51.0,2 esquina,45.7,0,5,2
22344,33355,primero,44.7,2 esquina,41.2,0,5,2
22344,33444,primero,33.7,2 esquina,32.0,0,5,2
22344,33445,primero,33.3,2 esquina,31.8,0,5,2
22344,33455,primero,32.7,2 esquina,30.8,0,5,2
22344,33555,primero,26.0,2 esquina,25.8,0,5,2
22344,34444,segundo,26.3,2 esquina,22.7,2,5,2
22344,34445,segundo,26.3,2 esquina,22.7,2,5,2
22344,34455,segundo,26.3,2 esquina,22.7,2,5,2
22344,34555,segundo,22.7,2 esquina,20.3,2,5,2
22344,35555,segundo,21.3,2 esquina,19.5,2,5,2
22344,44444,segundo,17.7,2 esquina,14.0,5,7,2
22344,44445,segundo,17.7,2 esquina,14.0,5,7,2
22344,44455,segundo,17.7,2 esquina,14.0,5,7,2
22344,44555,segundo,18.3,2 esquina,14.7,5,7,2
22344,45555,segundo,18.3,2 esquina,15.0,5,7,2
22344,55555,segundo,18.7,2 esquina,15.2,5,7,2
22345,33333,primero,69.7,2 esquina,60.7,0,5,2
22345,33334,primero,65.3,2 esquina,56.7,0,5,2
22345,33335,primero,60.0,2 esquina,53.0,0,5,2
22345,33344,primero,58.3,2 esquina,50.0,0,5,2
22345,33345,primero,54.7,2 esquina,47.8,0,5,2
22345,33355,primero,48.0,2 esquina,43.2,0,5,2
22345,33444,primero,40.7,2 esquina,36.7,0,5,2
22345,33445,primero,39.7,2 esquina,35.8,0,5,2
22345,33455,primero,36.0,2 esquina,32.8,0,5,2
22345,33555,primero,26.3,2 esquina,26.3,0,5,2
22345,34444,primero,33.3,2 esquina,27.8,0,5,2
22345,34445,primero,32.0,2 esquina,27.0,0,5,2
22345,34455,primero,30.7,2 esquina,25.3,0,5,2
22345,34555,segundo,24.3,2 esquina,21.2,2,5,2
22345,35555,segundo,21.3,2 esquina,19.8,2,5,2
22345,44444,segundo,28.0,2 esquina,23.2,1,7,2
22345,44445,segundo,28.0,2 esquina,23.2,1,7,2
22345,44455,segundo,28.0,2 esquina,22.7,1,7,2
22345,44555,segundo,23.7,2 esquina,19.3,5,7,2
22345,45555,segundo,20.0,2 esquina,17.2,5,7,2
22345,55555,segundo,17.7,2 esquina,14.7,5,7,2
22355,33333,primero,69.7,2 esquina,60.7,0,5,2
22355,33334,primero,66.3,2 esquina,58.3,0,5,2
22355,33335,primero,62.3,2 esquina,54.7,0,5,2
22355,33344,primero,60.0,2 esquina,53.0,0,5,2
22355,33345,primero,56.7,2 esquina,49.8,0,5,2
22355,33355,primero,52.3,2 esquina,46.3,0,5,2
22355,33444,primero,49.3,2 esquina,44.7,0,5,2
22355,33445,primero,49.0,2 esquina,44.5,0,5,2
22355,33455,primero,41.7,2 esquina,39.0,0,5,2
22355,33555,primero,33.7,2 esquina,32.0,0,5,2
22355,34444,primero,47.3,2 esquina,39.5,0,5,2
22355,34445,primero,45.7,2 esquina,38.3,0,5,2
22355,34455,primero,39.0,2 esquina,33.3,0,5,2
22355,34555,primero,33.7,2 esquina,28.3,0,5,2
22355,35555,segundo,26.3,2 esquina,22.7,2,5,2
22355,44444,primero,40.3,2 esquina,33.2,0,7,2
22355,44445,primero,39.7,2 esquina,32.2,0,7,2
22355,44455,primero,34.3,2 esquina,28.8,0,7,2
22355,44555,tablas,30.7,2 esquina,25.0,0,7,2
22355,45555,segundo,26.7,2 esquina,21.2,4,7,2
22355,55555,segundo,17.7,2 esquina,14.0,5,7,2
22444,33333,primero,76.0,2 esquina,70.5,0,5,2
22444,33334,primero,75.3,2 esquina,70.3,0,5,2
22444,33335,primero,67.0,2 esquina,62.2,0,5,2
22444,33344,primero,71.7,2 esquina,64.8,0,5,2
22444,33345,primero,66.0,2 esquina,58.8,0,5,2
22444,33355,primero,60.0,2 esquina,51.5,0,5,2
22444,33444,primero,55.3,2 esquina,51.3,0,5,2
22444,33445,primero,54.3,2 esquina,49.5,0,5,2
22444,33455,primero,50.0,2 esquina,44.8,0,5,2
22444,33555,primero,36.7,2 esquina,35.7,0,5,2
22444,34444,primero,40.3,2 esquina,36.2,0,5,2
22444,34445,primero,39.7,2 esquina,35.3,0,5,2
22444,34455,primero,39.3,2 esquina,35.2,0,5,2
22444,34555,primero,34.3,2 esquina,31.0,0,5,2
22444,35555,tablas,27.3,2 esquina,22.8,0,5,2
22444,44444,segundo,21.7,2 esquina,21.3,2,5,2
22444,44445,segundo,21.7,2 esquina,21.3,2,5,2
22444,44455,segundo,21.7,2 esquina,21.3,2,5,2
22444,44555,segundo,21.0,2 esquina,20.0,2,5,2
22444,45555,segundo,18.3,2 esquina,16.5,2,5,2
22444,55555,segundo,18.7,2 esquina,15.2,5,7,2
22445,33333,primero,76.0,2 esquina,70.5,0,5,2
22445,33334,primero,76.0,2 esquina,70.5,0,5,2
22445,33335,primero,68.0,2 esquina,62.8,0,5,2
22445,33344,primero,76.3,2 esquina,69.7,0,5,2
22445,33345,primero,67.7,2 esquina,61.5,0,5,2
22445,33355,primero,61.0,2 esquina,52.8,0,5,2
22445,33444,primero,67.7,2 esquina,62.5,0,5,2
22445,33445,primero,61.3,2 esquina,55.5,0,5,2
22445,33455,primero,56.3,2 esquina,49.2,0,5,2
22445,33555,primero,38.7,2 esquina,36.7,0,5,2
22445,34444,primero,56.3,2 esquina,50.8,0,5,2
22445,34445,primero,52.0,2 esquina,47.3,0,5,2
22445,34455,primero,46.0,2 esquina,40.7,0,5,2
22445,34555,primero,36.7,2 esquina,33.0,0,5,2
22445,35555,tablas,27.3,2 esquina,23.2,0,5,2
22445,44444,primero,40.0,2 esquina,35.7,0,5,2
22445,44445,primero,38.0,2 esquina,34.3,0,5,2
22445,44455,primero,31.3,2 esquina,30.2,0,5,2
22445,44555,segundo,25.0,2 esquina,23.2,2,5,2
22445,45555,segundo,19.3,2 esquina,17.7,2,5,2
22445,55555,segundo,17.7,2 esquina,14.7,5,7,2
22455,33333,primero,76.0,2 esquina,70.7,0,5,2
22455,33334,primero,76.0,2 esquina,70.7,0,5,2
22455,33335,primero,71.3,2 esquina,66.7,0,5,2
22455,33344,primero,76.7,2 esquina,70.3,0,5,2
22455,33345,primero,72.3,2 esquina,65.8,0,5,2
22455,33355,primero,62.3,2 esquina,55.0,0,5,2
22455,33444,primero,74.7,2 esquina,69.5,0,5,2
22455,33445,primero,70.0,2 esquina,63.7,0,5,2
22455,33455,primero,62.0,2 esquina,54.8,0,5,2
22455,33555,primero,47.3,2 esquina,43.5,0,5,2
22455,34444,primero,71.7,2 esquina,65.5,0,5,2
22455,34445,primero,67.0,2 esquina,59.7,0,5,2
22455,34455,primero,60.3,2 esquina,52.0,0,5,2
22455,34555,primero,44.7,2 esquina,40.3,0,5,2
22455,35555,tablas,33.0,2 esquina,27.2,0,5,2
22455,44444,primero,69.7,2 esquina,60.7,0,5,2
22455,44445,primero,62.3,2 esquina,54.7,0,5,2
22455,44455,primero,52.3,2 esquina,46.3,0,5,2
22455,44555,primero,33.7,2 esquina,32.0,0,5,2
22455,45555,segundo,26.3,2 esquina,22.7,2,5,2
22455,55555,segundo,17.7,2 esquina,14.0,5,7,2
22555,33333,primero,76.0,2 esquina,70.5,0,5,2
22555,33334,primero,76.0,2 esquina,70.5,0,5,2
22555,33335,primero,75.3,2 esquina,70.3,0,5,2
22555,33344,primero,76.0,2 esquina,70.5,0,5,2
22555,33345,primero,75.3,2 esquina,70.3,0,5,2
22555,33355,primero,71.7,2 esquina,64.8,0,5,2
22555,33444,primero,76.0,2 esquina,70.5,0,5,2
22555,33445,primero,76.0,2 esquina,70.7,0,5,2
22555,33455,primero,71.7,2 esquina,64.8,0,5,2
22555,33555,primero,55.3,2 esquina,51.3,0,5,2
22555,34444,primero,76.0,2 esquina,70.5,0,5,2
22555,34445,primero,75.7,2 esquina,70.5,0,5,2
22555,34455,primero,71.7,2 esquina,64.8,0,5,2
22555,34555,primero,55.3,2 esquina,51.3,0,5,2
22555,35555,primero,40.3,2 esquina,36.2,0,5,2
22555,44444,primero,76.0,2 esquina,70.5,0,5,2
22555,44445,primero,75.3,2 esquina,70.3,0,5,2
22555,44455,primero,71.7,2 esquina,64.8,0,5,2
22555,44555,primero,55.3,2 esquina,51.3,0,5,2
22555,45555,primero,40.3,2 esquina,36.2,0,5,2
22555,55555,segundo,21.7,2 esquina,21.3,2,5,2
23333,33444,segundo,23.7,2 lado,23.2,2,3,2
23333,33445,segundo,23.7,2 lado,23.2,2,3,2
23333,33455,segundo,23.7,2 lado,23.2,2,3,2
23333,33555,segundo,23.7,2 lado,23.2,2,3,2
23333,34444,segundo,20.7,2 esquina,18.8,2,3,2
23333,34445,segundo,20.7,2 esquina,18.8,2,3,2
23333,34455,segundo,20.7,2 esquina,18.8,2,3,2
23333,34555,segundo,20.7,2 esquina,18.8,2,3,2
23333,35555,segundo,20.7,2 esquina,18.8,2,3,2
23333,44444,segundo,18.7,2 esquina,15.2,5,7,2
23333,44445,segundo,18.7,2 esquina,15.2,5,7,2
23333,44455,segundo,18.7,2 esquina,15.2,5,7,2
23333,44555,segundo,18.7,2 esquina,15.2,5,7,2
23333,45555,segundo,18.7,2 esquina,15.2,5,7,2
23333,55555,segundo,18.7,2 esquina,15.2,5,7,2
23334,33444,primero,26.7,2 esquina,26.0,0,3,2
23334,33445,primero,26.7,2 esquina,26.0,0,3,2
23334,33455,primero,26.7,2 esquina,26.0,0,3,2
23334,33555,primero,26.3,2 esquina,25.2,0,3,2
23334,34444,segundo,22.0,2 esquina,20.2,2,3,2
23334,34445,segundo,22.0,2 esquina,20.2,2,3,2
23334,34455,segundo,22.0,2 esquina,20.2,2,3,2
23334,34555,segundo,21.0,2 esquina,19.5,2,3,2
23334,35555,segundo,21.0,2 esquina,19.3,2,3,2
23334,44444,segundo,17.7,2 esquina,14.7,5,7,2
23334,44445,segundo,17.7,2 esquina,14.7,5,7,2
23334,44455,segundo,17.7,2 esquina,14.7,5,7,2
23334,44555,segundo,18.3,2 esquina,15.0,5,7,2
23334,45555,segundo,18.3,2 esquina,15.0,5,7,2
23334,55555,segundo,18.7,2 esquina,15.2,5,7,2
23335,33444,primero,29.7,2 esquina,28.7,0,3,2
23335,33445,primero,28.7,2 esquina,28.0,0,3,2
23335,33455,primero,28.3,2 esquina,27.8,0,3,2
23335,33555,primero,26.7,2 esquina,26.0,0,3,2
23335,34444,segundo,24.3,2 esquina,21.8,2,3,2
23335,34445,segundo,24.3,2 esquina,21.8,2,3,2
23335,34455,segundo,24.3,2 esquina,21.8,2,3,2
23335,34555,segundo,23.0,2 esquina,21.0,2,3,2
23335,35555,segundo,22.0,2 esquina,20.2,2,3,2
23335,44444,segundo,23.0,2 esquina,18.5,5,7,2
23335,44445,segundo,23.0,2 esquina,18.5,5,7,2
23335,44455,segundo,23.0,2 esquina,18.5,5,7,2
23335,44555,segundo,20.0,2 esquina,17.2,5,7,2
23335,45555,segundo,19.3,2 esquina,16.3,5,7,2
23335,55555,segundo,17.7,2 esquina,14.7,5,7,2
23344,33555,primero,35.0,2 esquina,34.8,0,3,2
23344,34444,segundo,32.3,2 esquina,26.5,2,3,2
23344,34445,segundo,32.3,2 esquina,26.5,2,3,2
23344,34455,segundo,32.3,2 esquina,26.5,2,3,2
23344,34555,segundo,27.7,2 esquina,23.5,2,3,2
23344,35555,segundo,26.7,2 esquina,23.5,2,3,2
23344,44444,segundo,17.7,2 esquina,14.0,5,7,2
23344,44445,segundo,17.7,2 esquina,14.0,5,7,2
23344,44455,segundo,17.7,2 esquina,14.0,5,7,2
23344,44555,segundo,18.3,2 esquina,14.7,5,7,2
23344,45555,segundo,18.3,2 esquina,15.0,5,7,2
23344,55555,segundo,18.7,2 esquina,15.2,5,7,2
23345,33555,primero,36.7,2 lado,36.7,0,3,2
23345,34444,primero,40.0,2 esquina,31.8,0,3,2
23345,34445,primero,38.7,2 esquina,30.8,0,3,2
23345,34455,primero,37.0,2 esquina,29.3,0,3,2
23345,34555,segundo,29.3,2 esquina,24.7,2,3,2
23345,35555,segundo,26.7,2 esquina,23.8,2,3,2
23345,44444,segundo,28.0,2 esquina,23.2,1,7,2
23345,44445,segundo,28.0,2 esquina,23.2,1,7,2
23345,44455,segundo,28.0,2 esquina,22.7,1,7,2
23345,44555,segundo,23.7,2 esquina,19.3,5,7,2
23345,45555,segundo,20.0,2 esquina,17.2,5,7,2
23345,55555,segundo,17.7,2 esquina,14.7,5,7,2
23355,34444,primero,51.0,2 esquina,45.2,0,3,2
23355,34445,primero,49.7,2 esquina,43.8,0,3,2
23355,34455,primero,43.0,2 esquina,37.8,0,3,2
23355,34555,primero,37.0,2 esquina,32.0,0,3,2
23355,35555,segundo,32.3,2 esquina,26.5,2,3,2
23355,44444,primero,40.3,2 esquina,33.0,0,7,2
23355,44445,primero,39.7,2 esquina,32.2,0,7,2
23355,44455,primero,34.3,2 esquina,28.8,0,7,2
23355,44555,tablas,30.7,2 esquina,25.0,0,7,2
23355,45555,segundo,26.7,2 esquina,21.2,4,7,2
23355,55555,segundo,17.7,2 esquina,14.0,5,7,2
23444,34444,primero,44.0,2 esquina,39.5,0,3,2
23444,34445,primero,43.7,2 esquina,39.3,0,3,2
23444,34455,primero,43.7,2 esquina,39.3,0,3,2
23444,34555,primero,37.7,2 esquina,33.8,0,3,2
23444,35555,tablas,33.7,2 esquina,28.0,0,3,2
23444,44444,segundo,21.7,2 esquina,21.3,2,5,2
23444,44445,segundo,21.7,2 esquina,21.3,2,5,2
23444,44455,segundo,21.7,2 esquina,21.3,2,5,2
23444,44555,segundo,21.0,2 esquina,20.0,2,5,2
23444,45555,segundo,18.3,2 esquina,16.7,2,5,2
23444,55555,segundo,18.7,2 esquina,15.2,5,7,2
23445,34444,primero,58.7,2 esquina,52.7,0,3,2
23445,34445,primero,55.3,2 esquina,49.7,0,3,2
23445,34455,primero,48.7,2 esquina,43.5,0,3,2
23445,34555,primero,39.3,2 esquina,35.7,0,3,2
23445,35555,tablas,34.0,2 esquina,28.3,0,3,2
23445,44444,primero,40.0,2 esquina,35.7,0,5,2
23445,44445,primero,38.0,2 esquina,34.3,0,5,2
23445,44455,primero,31.3,2 esquina,30.2,0,5,2
23445,44555,segundo,25.0,2 esquina,23.2,2,5,2
23445,45555,segundo,19.3,2 esquina,17.7,2,5,2
23445,55555,segundo,17.7,2 esquina,14.7,5,7,2
23455,34444,primero,73.7,2 esquina,66.8,0,3,2
23455,34445,primero,69.7,2 esquina,62.8,0,3,2
23455,34455,primero,63.0,2 esquina,55.5,0,3,2
23455,34555,primero,47.3,2 esquina,44.0,0,3,2
23455,35555,tablas,39.3,2 esquina,31.3,0,3,2
23455,44444,primero,69.7,2 esquina,60.8,0,5,2
23455,44445,primero,62.3,2 esquina,54.7,0,5,2
23455,44455,primero,52.3,2 esquina,46.3,0,5,2
23455,44555,primero,33.7,2 esquina,32.0,0,5,2
23455,45555,segundo,26.3,2 esquina,22.7,2,5,2
23455,55555,segundo,17.7,2 esquina,14.0,5,7,2
23555,34444,primero,77.0,2 esquina,72.0,0,3,2
23555,34445,primero,76.3,2 esquina,71.5,0,3,2
23555,34455,primero,74.0,2 esquina,67.7,0,3,2
23555,34555,primero,60.0,2 esquina,55.7,0,3,2
23555,35555,primero,44.0,2 esquina,39.5,0,3,2
23555,44444,primero,76.0,2 esquina,70.5,0,5,2
23555,44445,primero,75.3,2 esquina,70.3,0,5,2
23555,44455,primero,71.7,2 esquina,65.0,0,5,2
23555,44555,primero,55.3,2 esquina,51.3,0,5,2
23555,45555,primero,40.3,2 esquina,36.2,0,5,2
23555,55555,segundo,21.7,2 esquina,21.3,2,5,2
24444,34555,primero,39.7,2 esquina,37.5,0,3,2
24444,35555,tablas,35.0,2 esquina,30.0,0,3,2
24444,44555,segundo,23.7,2 lado,23.2,2,3,2
24444,45555,segundo,20.7,2 esquina,18.8,2,3,2
24444,55555,segundo,18.7,2 esquina,15.2,5,7,2
24445,34555,primero,42.0,2 esquina,39.7,0,3,2
24445,35555,primero,34.3,2 esquina,29.8,0,3,2
24445,44555,primero,26.7,2 esquina,26.0,0,3,2
24445,45555,segundo,22.0,2 esquina,20.2,2,3,2
24445,55555,segundo,17.7,2 esquina,14.7,5,7,2
24455,35555,primero,38.7,2 esquina,32.7,0,3,2
24455,45555,segundo,32.3,2 esquina,26.5,2,3,2
24455,55555,segundo,17.7,2 esquina,14.0,5,7,2
24555,35555,primero,42.3,2 esquina,42.0,0,3,2
24555,45555,primero,44.0,2 esquina,39.5,0,3,2
24555,55555,segundo,21.7,2 esquina,21.3,2,5,2
33333,33444,primero,33.3,3 esquina,31.3,0,1,2
33333,33445,primero,33.3,3 esquina,31.3,0,1,2
33333,33455,primero,33.3,3 esquina,31.3,0,1,2
33333,33555,primero,33.3,3 esquina,31.3,0,1,2
33333,34444,segundo,26.3,3 esquina,21.7,1,1,2
33333,34445,segundo,26.3,3 esquina,21.7,1,1,2
33333,34455,segundo,26.3,3 esquina,21.7,1,1,2
33333,34555,segundo,26.3,3 esquina,21.7,1,1,2
33333,35555,segundo,26.3,3 esquina,21.7,1,1,2
33333,44444,segundo,18.7,3 esquina,15.2,5,7,2
33333,44445,segundo,18.7,3 esquina,15.2,5,7,2
33333,44455,segundo,18.7,3 esquina,15.2,5,7,2
33333,44555,segundo,18.7,3 esquina,15.2,5,7,2
33333,45555,segundo,18.7,3 esquina,15.2,5,7,2
33333,55555,segundo,18.7,3 esquina,15.2,5,7,2
33334,33444,primero,37.0,3 esquina,33.8,0,1,2
33334,33445,primero,37.0,3 esquina,33.8,0,1,2
33334,33455,primero,37.0,3 esquina,33.8,0,1,2
33334,33555,primero,37.0,3 esquina,33.8,0,1,2
33334,34444,segundo,27.0,3 esquina,22.3,1,1,2
33334,34445,segundo,27.0,3 esquina,22.3,1,1,2
33334,34455,segundo,27.0,3 esquina,22.3,1,1,2
33334,34555,segundo,26.7,3 esquina,22.2,1,1,2
33334,35555,segundo,26.7,3 esquina,22.2,1,1,2
33334,44444,segundo,17.7,3 esquina,14.7,5,7,2
33334,44445,segundo,17.7,3 esquina,14.7,5,7,2
33334,44455,segundo,17.7,3 esquina,14.7,5,7,2
33334,44555,segundo,18.3,3 esquina,15.0,5,7,2
33334,45555,segundo,18.3,3 esquina,15.0,5,7,2
33334,55555,segundo,18.7,3 esquina,15.2,5,7,2
33335,33444,primero,37.0,3 esquina,33.8,0,1,2
33335,33445,primero,37.0,3 esquina,33.8,0,1,2
33335,33455,primero,37.0,3 esquina,33.8,0,1,2
33335,33555,primero,37.0,3 esquina,33.8,0,1,2
33335,34444,segundo,31.0,3 esquina,24.8,1,1,2
33335,34445,segundo,31.0,3 esquina,24.8,1,1,2
33335,34455,segundo,31.0,3 esquina,24.8,1,1,2
33335,34555,segundo,28.3,3 esquina,23.0,1,1,2
33335,35555,segundo,27.0,3 esquina,22.3,1,1,2
33335,44444,segundo,23.3,3 esquina,18.5,5,7,2
33335,44445,segundo,23.3,3 esquina,18.5,5,7,2
33335,44455,segundo,23.3,3 esquina,18.5,5,7,2
33335,44555,segundo,20.3,3 esquina,17.2,5,7,2
33335,45555,segundo,19.7,3 esquina,16.3,5,7,2
33335,55555,segundo,17.7,3 esquina,14.7,5,7,2
33344,33555,primero,41.7,3 esquina,38.3,0,1,2
33344,34444,primero,37.0,3 esquina,30.2,0,1,2
33344,34445,primero,37.0,3 esquina,30.2,0,1,2
33344,34455,primero,37.0,3 esquina,30.2,0,1,2
33344,34555,primero,33.0,3 esquina,27.5,0,1,2
33344,35555,tablas,31.0,3 esquina,26.7,0,1,2
33344,44444,segundo,17.7,3 esquina,14.0,5,7,2
33344,44445,segundo,17.7,3 esquina,14.0,5,7,2
33344,44455,segundo,17.7,3 esquina,14.0,5,7,2
33344,44555,segundo,18.3,3 esquina,14.7,5,7,2
33344,45555,segundo,18.3,3 esquina,15.0,5,7,2
33344,55555,segundo,18.7,3 esquina,15.2,5,7,2
33345,33555,primero,42.0,3 esquina,39.0,0,1,2
33345,34444,primero,45.0,3 esquina,36.5,0,1,2
33345,34445,primero,43.7,3 esquina,35.5,0,1,2
33345,34455,primero,40.7,3 esquina,33.0,0,1,2
33345,34555,primero,36.3,3 esquina,29.7,0,1,2
33345,35555,primero,31.3,3 esquina,26.8,0,1,2
33345,44444,segundo,28.0,3 esquina,23.2,1,7,2
33345,44445,segundo,28.0,3 esquina,23.2,1,7,2
33345,44455,segundo,28.0,3 esquina,22.7,1,7,2
33345,44555,segundo,23.7,3 esquina,19.3,5,7,2
33345,45555,segundo,20.0,3 esquina,17.2,5,7,2
33345,55555,segundo,17.7,3 esquina,14.7,5,7,2
33355,34444,primero,58.0,3 esquina,51.5,0,1,2
33355,34445,primero,56.3,3 esquina,50.3,0,1,2
33355,34455,primero,50.7,3 esquina,44.8,0,1,2
33355,34555,primero,43.0,3 esquina,38.2,0,1,2
33355,35555,primero,37.0,3 esquina,30.2,0,1,2
33355,44444,primero,40.3,3 esquina,33.0,0,7,2
33355,44445,primero,39.7,3 esquina,32.2,0,7,2
33355,44455,primero,34.3,3 esquina,28.8,0,7,2
33355,44555,tablas,30.3,3 esquina,24.8,0,7,2
33355,45555,segundo,26.3,3 esquina,21.0,4,7,2
33355,55555,segundo,17.7,3 esquina,14.0,5,7,2
33444,44444,segundo,21.7,3 esquina,21.3,2,5,2
33444,44445,segundo,21.7,3 esquina,21.3,2,5,2
33444,44455,segundo,21.7,3 esquina,21.3,2,5,2
33444,44555,segundo,21.0,3 esquina,20.0,2,5,2
33444,45555,segundo,18.3,3 esquina,16.5,2,5,2
33444,55555,segundo,18.7,3 esquina,15.2,5,7,2
33445,44444,primero,40.0,3 esquina,35.7,0,5,2
33445,44445,primero,38.0,3 esquina,34.3,0,5,2
33445,44455,primero,31.3,3 esquina,30.2,0,5,2
33445,44555,segundo,25.0,3 esquina,23.2,2,5,2
33445,45555,segundo,19.3,3 esquina,17.7,2,5,2
33445,55555,segundo,17.7,3 esquina,14.7,5,7,2
33455,44444,primero,69.7,3 esquina,60.7,0,5,2
33455,44445,primero,62.3,3 esquina,54.7,0,5,2
33455,44455,primero,52.3,3 esquina,46.3,0,5,2
33455,44555,primero,33.7,3 esquina,32.0,0,5,2
33455,45555,segundo,26.3,3 esquina,22.7,2,5,2
33455,55555,segundo,17.7,3 esquina,14.0,5,7,2
33555,44444,primero,76.0,3 esquina,70.5,0,5,2
33555,44445,primero,75.3,3 esquina,70.3,0,5,2
33555,44455,primero,71.7,3 esquina,64.8,0,5,2
33555,44555,primero,55.3,3 esquina,51.3,0,5,2
33555,45555,primero,40.3,3 esquina,36.2,0,5,2
33555,55555,segundo,21.7,3 esquina,21.3,2,5,2
34444,44555,segundo,23.7,3 lado,23.2,2,3,2
34444,45555,segundo,20.7,3 esquina,18.8,2,3,2
34444,55555,segundo,18.7,3 esquina,15.2,5,7,2
34445,44555,primero,26.7,3 esquina,26.0,0,3,2
34445,45555,segundo,22.0,3 esquina,20.2,2,3,2
34445,55555,segundo,17.7,3 esquina,14.7,5,7,2
34455,45555,segundo,32.3,3 esquina,26.5,2,3,2
34455,55555,segundo,17.7,3 esquina,14.0,5,7,2
34555,45555,primero,44.0,3 esquina,39.5,0,3,2
34555,55555,segundo,21.7,3 esquina,21.3,2,5,2
44444,44555,primero,33.3,4 esquina,31.3,0,1,2
44444,45555,segundo,26.3,4 esquina,21.7,1,1,2
44444,55555,segundo,18.7,4 esquina,15.2,5,7,2
44445,44555,primero,37.0,4 esquina,33.8,0,1,2
44445,45555,segundo,27.0,4 esquina,22.3,1,1,2
44445,55555,segundo,17.7,4 esquina,14.7,5,7,2
44455,45555,primero,37.0,4 esquina,30.2,0,1,2
44455,55555,segundo,17.7,4 esquina,14.0,5,7,2
44555,55555,segundo,21.7,4 esquina,21.3,2,5,2
