white,black,pieza,casilla,respuestas,ganan,tablas,pierden,aguantan,plies,gana1,gana2,sindef
11224,33333,4,lado,5,0,2,3,5,0,42.0,58.0,0.0
11224,33333,1,lado,5,1,0,4,5,12,35.3,64.7,0.0
11224,33333,2,lado,5,1,0,4,5,12,34.7,65.3,0.0
11225,33333,5,lado,5,0,2,3,5,0,42.0,58.0,0.0
11225,33333,1,lado,5,1,0,4,5,12,35.3,64.7,0.0
11225,33333,2,lado,5,1,0,4,5,12,34.7,65.3,0.0
11225,33334,5,lado,10,0,4,6,10,0,38.0,62.0,0.0
11225,33334,2,lado,10,2,0,8,10,12,38.0,62.0,0.0
11225,33334,1,lado,10,2,0,8,10,12,35.3,64.7,0.0
11225,33344,5,lado,10,0,4,6,10,0,36.0,64.0,0.0
11225,33344,2,lado,10,2,0,8,10,12,35.3,64.7,0.0
11225,33344,1,lado,10,2,0,8,10,12,34.0,66.0,0.0
11225,33444,2,lado,10,2,0,8,10,12,36.0,64.0,0.0
11225,33444,1,lado,10,2,0,8,10,12,34.7,65.3,0.0
11225,33444,5,lado,10,0,4,6,10,0,34.0,66.0,0.0
11225,34444,5,lado,10,0,4,6,10,0,38.7,61.3,0.0
11225,34444,1,lado,10,2,0,8,10,12,34.7,65.3,0.0
11225,34444,2,lado,10,2,0,8,10,12,34.0,65.3,0.7
11225,44444,5,lado,5,0,2,3,5,0,42.0,58.0,0.0
11225,44444,1,lado,5,1,0,4,5,12,35.3,64.7,0.0
11225,44444,2,lado,5,1,0,4,5,12,34.7,65.3,0.0
11235,23334,5,lado,15,0,0,15,14,0,50.7,47.3,2.0
11235,23334,3,lado,15,1,0,14,14,12,43.3,56.7,0.0
11235,23334,2,lado,15,2,0,13,15,12,42.0,58.0,0.0
11235,23334,1,lado,15,2,1,12,15,12,36.7,63.3,0.0
11235,23344,5,lado,15,0,4,11,15,0,49.3,50.7,0.0
11235,23344,2,lado,15,2,0,13,15,12,38.0,62.0,0.0
11235,23344,3,lado,15,1,0,14,14,12,36.0,64.0,0.0
11235,23344,1,lado,15,2,1,12,15,12,30.7,69.3,0.0
11235,23444,5,lado,15,0,4,11,15,0,46.7,52.7,0.7
11235,23444,3,lado,15,1,0,14,14,12,40.7,59.3,0.0
11235,23444,2,lado,15,2,0,13,15,12,40.0,59.3,0.7
11235,23444,1,lado,15,2,1,12,15,12,30.0,70.0,0.0
11235,24444,3,lado,10,1,0,9,9,12,42.7,56.7,0.7
11235,24444,5,lado,10,0,2,8,10,0,42.0,58.0,0.0
11235,24444,2,lado,10,1,0,9,10,12,34.7,63.3,2.0
11235,24444,1,lado,10,1,1,8,10,12,33.3,66.7,0.0
11235,33334,5,lado,10,0,0,10,9,0,40.7,59.3,0.0
11235,33334,3,lado,10,1,0,9,10,12,38.7,61.3,0.0
11235,33334,2,lado,10,2,0,8,10,12,38.0,62.0,0.0
11235,33334,1,lado,10,2,0,8,10,12,36.0,64.0,0.0
11235,33344,5,lado,10,0,4,6,10,0,37.3,62.7,0.0
11235,33344,2,lado,10,2,0,8,10,12,36.7,63.3,0.0
11235,33344,1,lado,10,2,0,8,10,12,33.3,66.7,0.0
11235,33344,3,lado,10,1,0,9,10,12,32.7,67.3,0.0
11235,33444,5,lado,10,0,4,6,10,0,37.3,62.7,0.0
11235,33444,2,lado,10,2,0,8,10,12,36.0,64.0,0.0
11235,33444,1,lado,10,2,0,8,10,12,34.7,65.3,0.0
11235,33444,3,lado,10,1,0,9,10,12,32.7,67.3,0.0
11235,34444,5,lado,10,0,4,6,10,0,36.0,64.0,0.0
11235,34444,2,lado,10,2,0,8,10,12,32.7,66.7,0.7
11235,34444,3,lado,10,1,0,9,10,12,32.0,67.3,0.7
11235,34444,1,lado,10,2,0,8,10,12,31.3,68.7,0.0
11235,44444,5,lado,5,0,2,3,5,0,43.3,56.7,0.0
11235,44444,3,lado,5,1,0,4,5,12,34.7,65.3,0.0
11235,44444,2,lado,5,1,0,4,5,12,34.7,65.3,0.0
11235,44444,1,lado,5,1,0,4,5,12,30.7,69.3,0.0
11244,23334,4,lado,15,0,1,14,13,0,57.3,38.7,4.0
11244,23334,2,lado,15,2,2,11,15,8,47.3,52.7,0.0
11244,23334,1,lado,15,3,2,10,15,8,46.7,52.7,0.7
11244,33334,1,lado,10,2,2,6,10,8,54.7,44.7,0.7
11244,33334,4,lado,10,0,1,9,9,0,52.0,40.7,7.3
11244,33334,2,lado,10,2,2,6,10,8,51.3,47.3,1.3
11255,23335,5,lado,15,0,1,14,13,0,57.3,38.7,4.0
11255,23335,2,lado,15,2,2,11,15,8,47.3,52.7,0.0
11255,23335,1,lado,15,3,2,10,15,8,46.7,52.7,0.7
11255,23345,5,lado,20,0,1,19,17,0,58.0,38.7,3.3
11255,23345,2,lado,20,3,2,15,20,8,55.3,44.0,0.7
11255,23345,1,lado,20,4,2,14,20,8,43.3,56.7,0.0
11255,23445,5,lado,20,0,1,19,17,0,60.0,37.3,2.7
11255,23445,2,lado,20,3,2,15,20,8,55.3,44.0,0.7
11255,23445,1,lado,20,4,2,14,20,8,42.0,54.0,4.0
11255,24445,5,lado,15,0,1,14,13,0,57.3,38.7,4.0
11255,24445,2,lado,15,2,2,11,15,8,47.3,52.7,0.0
11255,24445,1,lado,15,3,2,10,15,8,46.7,52.7,0.7
11255,33335,1,lado,10,2,2,6,10,8,54.7,44.7,0.7
11255,33335,5,lado,10,0,1,9,9,0,52.0,40.7,7.3
11255,33335,2,lado,10,2,2,6,10,8,51.3,47.3,1.3
11255,33345,5,lado,15,0,1,14,13,0,61.3,36.7,2.0
11255,33345,2,lado,15,3,2,10,15,8,43.3,56.0,0.7
11255,33345,1,lado,15,3,2,10,15,8,43.3,56.0,0.7
11255,33445,5,lado,15,0,1,14,13,0,62.0,36.7,1.3
11255,33445,2,lado,15,3,2,10,15,8,43.3,56.0,0.7
11255,33445,1,lado,15,3,2,10,15,8,41.3,58.0,0.7
11255,34445,5,lado,15,0,1,14,13,0,56.0,38.7,5.3
11255,34445,1,lado,15,3,2,10,15,8,46.7,53.3,0.0
11255,34445,2,lado,15,3,2,10,15,8,44.0,56.0,0.0
11255,44445,1,lado,10,2,2,6,10,8,54.7,44.7,0.7
11255,44445,5,lado,10,0,1,9,9,0,52.0,40.7,7.3
11255,44445,2,lado,10,2,2,6,10,8,51.3,47.3,1.3
11335,22344,3,lado,15,1,0,14,14,12,52.0,46.0,2.0
11335,22344,5,lado,15,0,2,13,15,0,50.7,49.3,0.0
11335,22344,1,lado,15,2,1,12,15,12,44.7,53.3,2.0
11335,22444,3,lado,10,1,0,9,9,12,52.7,46.0,1.3
11335,22444,5,lado,10,0,2,8,10,0,48.7,50.0,1.3
11335,22444,1,lado,10,1,1,8,10,12,37.3,62.7,0.0
11335,23344,5,lado,15,0,2,13,15,0,51.3,48.0,0.7
11335,23344,3,lado,15,1,0,14,14,12,42.0,58.0,0.0
11335,23344,1,lado,15,2,1,12,15,12,36.0,64.0,0.0
11335,23444,5,lado,15,0,2,13,15,0,44.7,55.3,0.0
11335,23444,3,lado,15,1,0,14,14,12,43.3,56.0,0.7
11335,23444,1,lado,15,2,1,12,15,12,37.3,60.0,2.7
11335,24444,5,lado,10,0,2,8,10,0,42.7,57.3,0.0
11335,24444,3,lado,10,1,0,9,9,12,41.3,56.0,2.7
11335,24444,1,lado,10,1,1,8,10,12,35.3,64.7,0.0
11335,33344,5,lado,10,0,2,8,10,0,45.3,54.7,0.0
11335,33344,3,lado,10,1,0,9,10,12,39.3,60.7,0.0
11335,33344,1,lado,10,2,0,8,10,12,36.7,63.3,0.0
11335,33444,5,lado,10,0,2,8,10,0,43.3,56.7,0.0
11335,33444,3,lado,10,1,0,9,10,12,39.3,60.7,0.0
11335,33444,1,lado,10,2,0,8,10,12,34.7,65.3,0.0
11335,34444,5,lado,10,0,2,8,10,0,40.7,59.3,0.0
11335,34444,3,lado,10,1,0,9,10,12,35.3,64.0,0.7
11335,34444,1,lado,10,2,0,8,10,12,33.3,66.7,0.0
11335,44444,5,lado,5,0,2,3,5,0,42.0,58.0,0.0
11335,44444,1,lado,5,1,0,4,5,12,35.3,64.7,0.0
11335,44444,3,lado,5,1,0,4,5,12,34.7,65.3,0.0
11344,22334,4,lado,15,0,1,14,13,0,70.0,27.3,2.7
11344,22334,3,lado,15,1,2,12,14,8,58.7,40.0,1.3
11344,22334,1,lado,15,1,4,10,15,8,52.7,46.7,0.7
11344,23334,4,lado,15,0,1,14,13,0,64.7,33.3,2.0
11344,23334,3,lado,15,1,2,12,14,8,53.3,46.0,0.7
11344,23334,1,lado,15,1,4,10,15,8,50.0,49.3,0.7
11344,33334,4,lado,10,0,1,9,9,0,62.7,36.0,1.3
11344,33334,1,lado,10,1,3,6,10,8,56.7,42.0,1.3
11344,33334,3,lado,10,1,2,7,10,8,54.0,46.0,0.0
11355,22335,5,lado,15,0,1,14,13,0,70.0,27.3,2.7
11355,22335,3,lado,15,1,2,12,14,8,58.7,40.0,1.3
11355,22335,1,lado,15,1,4,10,15,8,52.7,46.7,0.7
11355,22345,5,lado,20,0,1,19,17,0,68.0,28.0,4.0
11355,22345,3,lado,20,2,2,16,19,8,66.7,32.7,0.7
11355,22345,1,lado,20,2,4,14,20,8,50.0,48.0,2.0
11355,22445,5,lado,15,0,1,14,13,0,64.7,32.7,2.7
11355,22445,3,lado,15,2,2,11,14,8,56.0,42.0,2.0
11355,22445,1,lado,15,2,3,10,15,8,50.0,48.7,1.3
11355,23335,5,lado,15,0,1,14,13,0,64.7,33.3,2.0
11355,23335,3,lado,15,1,2,12,14,8,53.3,46.0,0.7
11355,23335,1,lado,15,1,4,10,15,8,50.0,49.3,0.7
11355,23345,5,lado,20,0,1,19,17,0,65.3,31.3,3.3
11355,23345,3,lado,20,2,2,16,19,8,61.3,38.0,0.7
11355,23345,1,lado,20,2,4,14,20,8,48.0,51.3,0.7
11355,23445,5,lado,20,0,1,19,17,0,67.3,30.7,2.0
11355,23445,3,lado,20,2,2,16,19,8,62.0,37.3,0.7
11355,23445,1,lado,20,3,3,14,20,8,44.7,51.3,4.0
11355,24445,5,lado,15,0,1,14,13,0,58.0,38.0,4.0
11355,24445,3,lado,15,2,2,11,14,8,50.0,48.7,1.3
11355,24445,1,lado,15,2,3,10,15,8,46.7,52.0,1.3
11355,33335,5,lado,10,0,1,9,9,0,62.7,36.0,1.3
11355,33335,1,lado,10,1,3,6,10,8,56.7,42.0,1.3
11355,33335,3,lado,10,1,2,7,10,8,54.0,46.0,0.0
11355,33345,5,lado,15,0,1,14,13,0,67.3,31.3,1.3
11355,33345,3,lado,15,2,2,11,15,8,48.0,52.0,0.0
11355,33345,1,lado,15,2,3,10,15,8,43.3,54.0,2.7
11355,33445,5,lado,15,0,1,14,13,0,62.7,36.0,1.3
11355,33445,3,lado,15,2,2,11,15,8,44.7,54.7,0.7
11355,33445,1,lado,15,3,2,10,15,8,44.0,53.3,2.7
11355,34445,5,lado,15,0,1,14,13,0,57.3,38.7,4.0
11355,34445,3,lado,15,2,2,11,15,8,47.3,52.7,0.0
11355,34445,1,lado,15,3,2,10,15,8,46.7,52.7,0.7
11355,44445,1,lado,10,2,2,6,10,8,54.7,44.7,0.7
11355,44445,5,lado,10,0,1,9,9,0,52.0,40.7,7.3
11355,44445,3,lado,10,2,2,6,10,8,51.3,47.3,1.3
11444,22334,4,lado,15,0,1,14,13,0,84.0,16.0,0.0
11444,22334,1,lado,15,1,2,12,15,8,53.3,46.7,0.0
11444,22335,4,lado,15,1,10,4,15,14,52.7,43.3,4.0
11444,22335,1,lado,15,3,12,0,15,8,36.7,58.7,4.7
11444,23334,4,lado,15,0,1,14,13,0,82.7,17.3,0.0
11444,23334,1,lado,15,1,2,12,15,8,55.3,44.7,0.0
11444,23335,4,lado,15,1,10,4,15,14,55.3,41.3,3.3
11444,23335,1,lado,15,3,12,0,15,8,34.7,62.7,2.7
11444,33334,4,lado,10,0,1,9,9,0,80.0,19.3,0.7
11444,33334,1,lado,10,1,1,8,10,8,59.3,40.7,0.0
11444,33335,4,lado,10,1,6,3,10,14,52.0,45.3,2.7
11444,33335,1,lado,10,2,8,0,10,8,40.7,57.3,2.0
11445,22335,5,lado,15,1,0,14,15,14,68.7,28.7,2.7
11445,22335,4,lado,15,0,3,12,13,0,58.0,36.0,6.0
11445,22335,1,lado,15,1,2,12,15,8,47.3,51.3,1.3
11445,23335,5,lado,15,1,0,14,15,14,62.7,34.0,3.3
11445,23335,4,lado,15,0,3,12,13,0,62.7,33.3,4.0
11445,23335,1,lado,15,1,2,12,15,8,46.7,52.0,1.3
11445,33335,4,lado,10,0,3,7,9,0,66.0,31.3,2.7
11445,33335,5,lado,10,1,0,9,10,14,58.0,38.7,3.3
11445,33335,1,lado,10,1,1,8,10,8,58.0,39.3,2.7
11455,22335,5,lado,15,0,1,14,13,0,77.3,22.7,0.0
11455,22335,4,lado,15,0,3,12,13,0,69.3,28.7,2.0
11455,22335,1,lado,15,1,2,12,15,8,53.3,46.0,0.7
11455,22345,5,lado,20,0,1,19,17,0,76.0,20.0,4.0
11455,22345,4,lado,20,1,2,17,18,8,69.3,28.7,2.0
11455,22345,1,lado,20,1,3,16,20,8,53.3,44.0,2.7
11455,22445,5,lado,15,0,1,14,13,0,70.0,27.3,2.7
11455,22445,4,lado,15,1,2,12,14,8,58.7,40.0,1.3
11455,22445,1,lado,15,1,4,10,15,8,52.7,46.7,0.7
11455,23335,5,lado,15,0,1,14,13,0,78.0,22.0,0.0
11455,23335,4,lado,15,0,3,12,13,0,69.3,28.0,2.7
11455,23335,1,lado,15,1,2,12,15,8,53.3,46.7,0.0
11455,23345,5,lado,20,0,1,19,17,0,72.7,22.0,5.3
11455,23345,4,lado,20,1,2,17,18,8,70.0,28.0,2.0
11455,23345,1,lado,20,1,3,16,20,8,53.3,45.3,1.3
11455,23445,5,lado,20,0,1,19,17,0,78.0,18.7,3.3
11455,23445,4,lado,20,1,2,17,18,8,68.7,29.3,2.0
11455,23445,1,lado,20,1,5,14,20,8,51.3,46.7,2.0
11455,24445,5,lado,15,0,1,14,13,0,64.7,33.3,2.0
11455,24445,4,lado,15,1,2,12,14,8,53.3,46.0,0.7
11455,24445,1,lado,15,1,4,10,15,8,50.0,49.3,0.7
11455,33335,5,lado,10,0,1,9,9,0,75.3,23.3,1.3
11455,33335,4,lado,10,0,3,7,9,0,68.7,31.3,0.0
11455,33335,1,lado,10,1,1,8,10,8,63.3,34.7,2.0
11455,33345,5,lado,15,0,1,14,13,0,75.3,22.7,2.0
11455,33345,4,lado,15,1,2,12,14,8,62.7,35.3,2.0
11455,33345,1,lado,15,1,2,12,15,8,56.7,42.7,0.7
11455,33445,5,lado,15,0,1,14,13,0,70.0,27.3,2.7
11455,33445,4,lado,15,1,2,12,14,8,58.7,40.0,1.3
11455,33445,1,lado,15,1,4,10,15,8,52.7,46.7,0.7
11455,34445,5,lado,15,0,1,14,13,0,64.7,33.3,2.0
11455,34445,4,lado,15,1,2,12,14,8,53.3,46.0,0.7
11455,34445,1,lado,15,1,4,10,15,8,50.0,49.3,0.7
11455,44445,5,lado,10,0,1,9,9,0,62.7,36.0,1.3
11455,44445,1,lado,10,1,3,6,10,8,56.7,42.0,1.3
11455,44445,4,lado,10,1,2,7,10,8,54.0,46.0,0.0
11555,22335,5,lado,15,0,1,14,13,0,84.0,16.0,0.0
11555,22335,1,lado,15,1,2,12,15,8,53.3,46.7,0.0
11555,22345,5,lado,20,0,1,19,17,0,85.3,14.0,0.7
11555,22345,1,lado,20,1,3,16,20,8,60.0,40.0,0.0
11555,22445,5,lado,15,0,1,14,13,0,84.0,16.0,0.0
11555,22445,1,lado,15,1,2,12,15,8,53.3,46.7,0.0
11555,23335,5,lado,15,0,1,14,13,0,82.7,17.3,0.0
11555,23335,1,lado,15,1,2,12,15,8,55.3,44.7,0.0
11555,23345,5,lado,20,0,1,19,17,0,85.3,14.7,0.0
11555,23345,1,lado,20,1,3,16,20,8,60.7,39.3,0.0
11555,23445,5,lado,20,0,1,19,17,0,85.3,14.7,0.0
11555,23445,1,lado,20,1,3,16,20,8,58.7,40.0,1.3
11555,24445,5,lado,15,0,1,14,13,0,82.7,17.3,0.0
11555,24445,1,lado,15,1,2,12,15,8,55.3,44.7,0.0
11555,33335,5,lado,10,0,1,9,9,0,80.0,19.3,0.7
11555,33335,1,lado,10,1,1,8,10,8,59.3,40.7,0.0
11555,33345,5,lado,15,0,1,14,13,0,83.3,16.7,0.0
11555,33345,1,lado,15,1,2,12,15,8,53.3,46.7,0.0
11555,33445,5,lado,15,0,1,14,13,0,84.0,16.0,0.0
11555,33445,1,lado,15,1,2,12,15,8,53.3,46.7,0.0
11555,34445,5,lado,15,0,1,14,13,0,82.7,17.3,0.0
11555,34445,1,lado,15,1,2,12,15,8,55.3,44.7,0.0
11555,44445,5,lado,10,0,1,9,9,0,80.0,19.3,0.7
11555,44445,1,lado,10,1,1,8,10,8,59.3,40.7,0.0
12235,13334,5,lado,15,0,0,15,14,0,53.3,46.0,0.7
12235,13334,1,lado,15,2,0,13,15,12,46.7,53.3,0.0
12235,13334,3,lado,15,1,0,14,14,12,45.3,53.3,1.3
12235,13334,2,lado,15,2,0,13,14,12,44.0,56.0,0.0
12235,13344,5,lado,15,0,4,11,15,0,52.0,48.0,0.0
12235,13344,1,lado,15,2,0,13,15,12,43.3,56.0,0.7
12235,13344,3,lado,15,1,0,14,14,12,36.7,62.7,0.7
12235,13344,2,lado,15,2,0,13,14,12,36.7,62.7,0.7
12235,13444,5,lado,15,0,4,11,15,0,51.3,48.7,0.0
12235,13444,1,lado,15,2,0,13,15,12,44.0,55.3,0.7
12235,13444,3,lado,15,1,0,14,14,12,38.0,59.3,2.7
12235,13444,2,lado,15,2,0,13,14,12,34.7,62.7,2.7
12235,14444,5,lado,10,0,2,8,10,0,47.3,50.7,2.0
12235,14444,3,lado,10,1,0,9,9,12,44.0,54.0,2.0
12235,14444,2,lado,10,1,0,9,9,12,36.0,63.3,0.7
12235,14444,1,lado,10,1,0,9,10,12,35.3,63.3,1.3
12235,33334,5,lado,10,0,0,10,9,0,38.0,62.0,0.0
12235,33334,3,lado,10,1,0,9,10,12,37.3,62.7,0.0
12235,33334,1,lado,10,2,0,8,10,12,37.3,62.7,0.0
12235,33334,2,lado,10,2,0,8,10,12,36.0,64.0,0.0
12235,33344,5,lado,10,0,4,6,10,0,40.7,59.3,0.0
12235,33344,1,lado,10,2,0,8,10,12,36.7,63.3,0.0
12235,33344,3,lado,10,1,0,9,10,12,33.3,66.7,0.0
12235,33344,2,lado,10,2,0,8,10,12,33.3,66.7,0.0
12235,33444,5,lado,10,0,4,6,10,0,40.7,59.3,0.0
12235,33444,1,lado,10,2,0,8,10,12,36.0,64.0,0.0
12235,33444,2,lado,10,2,0,8,10,12,34.7,65.3,0.0
12235,33444,3,lado,10,1,0,9,10,12,34.0,66.0,0.0
12235,34444,5,lado,10,0,4,6,10,0,38.0,62.0,0.0
12235,34444,1,lado,10,2,0,8,10,12,32.7,66.7,0.7
12235,34444,3,lado,10,1,0,9,10,12,32.0,68.0,0.0
12235,34444,2,lado,10,2,0,8,10,12,31.3,68.7,0.0
12235,44444,5,lado,5,0,2,3,5,0,41.3,58.7,0.0
12235,44444,3,lado,5,1,0,4,5,12,35.3,64.7,0.0
12235,44444,1,lado,5,1,0,4,5,12,34.7,65.3,0.0
12235,44444,2,lado,5,1,0,4,5,12,30.7,69.3,0.0
12244,13334,4,lado,15,0,1,14,13,0,62.7,34.7,2.7
12244,13334,2,lado,15,2,2,11,14,8,58.7,40.0,1.3
12244,13334,1,lado,15,2,2,11,15,8,47.3,52.7,0.0
12244,33334,2,lado,10,2,2,6,10,8,54.7,44.7,0.7
12244,33334,4,lado,10,0,1,9,9,0,52.0,42.7,5.3
12244,33334,1,lado,10,2,2,6,10,8,51.3,47.3,1.3
12255,13335,5,lado,15,0,1,14,13,0,62.7,34.7,2.7
12255,13335,2,lado,15,2,2,11,14,8,58.7,40.0,1.3
12255,13335,1,lado,15,2,2,11,15,8,47.3,52.7,0.0
12255,13345,5,lado,20,0,1,19,17,0,62.0,34.0,4.0
12255,13345,1,lado,20,3,2,15,20,8,56.7,43.3,0.0
12255,13345,2,lado,20,3,2,15,19,8,54.0,44.7,1.3
12255,13445,5,lado,20,0,1,19,17,0,61.3,34.7,4.0
12255,13445,1,lado,20,3,2,15,20,8,59.3,40.0,0.7
12255,13445,2,lado,20,3,2,15,19,8,58.0,40.0,2.0
12255,14445,5,lado,15,0,1,14,13,0,62.7,34.7,2.7
12255,14445,2,lado,15,2,2,11,14,8,58.7,40.0,1.3
12255,14445,1,lado,15,2,2,11,15,8,47.3,52.7,0.0
12255,33335,2,lado,10,2,2,6,10,8,54.7,44.7,0.7
12255,33335,5,lado,10,0,1,9,9,0,52.0,42.7,5.3
12255,33335,1,lado,10,2,2,6,10,8,51.3,47.3,1.3
12255,33345,5,lado,15,0,1,14,13,0,60.0,36.7,3.3
12255,33345,2,lado,15,3,2,10,15,8,43.3,56.0,0.7
12255,33345,1,lado,15,3,2,10,15,8,43.3,56.0,0.7
12255,33445,5,lado,15,0,1,14,13,0,58.7,39.3,2.0
12255,33445,1,lado,15,3,2,10,15,8,43.3,56.0,0.7
12255,33445,2,lado,15,3,2,10,15,8,41.3,58.0,0.7
12255,34445,5,lado,15,0,1,14,13,0,54.0,40.0,6.0
12255,34445,2,lado,15,3,2,10,15,8,46.7,53.3,0.0
12255,34445,1,lado,15,3,2,10,15,8,44.0,56.0,0.0
12255,44445,2,lado,10,2,2,6,10,8,54.7,44.7,0.7
12255,44445,5,lado,10,0,1,9,9,0,52.0,42.7,5.3
12255,44445,1,lado,10,2,2,6,10,8,51.3,47.3,1.3
12335,12344,2,lado,20,2,0,18,19,12,60.7,39.3,0.0
12335,12344,3,lado,20,1,0,19,18,12,59.3,40.0,0.7
12335,12344,5,lado,20,0,2,18,20,0,56.7,40.7,2.7
12335,12344,1,lado,20,2,1,17,20,12,56.0,41.3,2.7
12335,12444,5,lado,15,0,2,13,15,0,63.3,35.3,1.3
12335,12444,2,lado,15,1,0,14,14,12,50.0,48.7,1.3
12335,12444,3,lado,15,1,0,14,13,12,49.3,49.3,1.3
12335,12444,1,lado,15,1,1,13,15,12,49.3,46.0,4.7
12335,13344,5,lado,15,0,2,13,15,0,57.3,41.3,1.3
12335,13344,3,lado,15,1,0,14,14,12,43.3,56.0,0.7
12335,13344,1,lado,15,2,0,13,15,12,42.0,57.3,0.7
12335,13344,2,lado,15,2,0,13,14,12,40.0,59.3,0.7
12335,13444,5,lado,15,0,2,13,15,0,54.7,44.0,1.3
12335,13444,2,lado,15,2,0,13,14,12,42.7,54.7,2.7
12335,13444,1,lado,15,2,0,13,15,12,41.3,56.7,2.0
12335,13444,3,lado,15,1,0,14,14,12,38.0,60.0,2.0
12335,14444,5,lado,10,0,2,8,10,0,48.0,52.0,0.0
12335,14444,2,lado,10,1,0,9,9,12,44.0,55.3,0.7
12335,14444,1,lado,10,1,0,9,10,12,37.3,62.7,0.0
12335,14444,3,lado,10,1,0,9,9,12,36.0,63.3,0.7
12335,23344,5,lado,15,0,2,13,15,0,56.0,44.0,0.0
12335,23344,3,lado,15,1,0,14,14,12,42.7,56.7,0.7
12335,23344,2,lado,15,2,0,13,15,12,40.7,59.3,0.0
12335,23344,1,lado,15,2,1,12,15,12,36.0,64.0,0.0
12335,23444,5,lado,15,0,2,13,15,0,52.7,46.0,1.3
12335,23444,2,lado,15,2,0,13,15,12,42.0,55.3,2.7
12335,23444,3,lado,15,1,0,14,14,12,40.7,58.7,0.7
12335,23444,1,lado,15,2,1,12,15,12,37.3,60.7,2.0
12335,24444,5,lado,10,0,2,8,10,0,46.0,54.0,0.0
12335,24444,3,lado,10,1,0,9,9,12,38.0,62.0,0.0
12335,24444,1,lado,10,1,1,8,10,12,36.0,64.0,0.0
12335,24444,2,lado,10,1,0,9,10,12,35.3,64.7,0.0
12335,33344,5,lado,10,0,2,8,10,0,44.0,56.0,0.0
12335,33344,2,lado,10,2,0,8,10,12,36.7,63.3,0.0
12335,33344,1,lado,10,2,0,8,10,12,36.7,63.3,0.0
12335,33344,3,lado,10,1,0,9,10,12,33.3,66.7,0.0
12335,33444,5,lado,10,0,2,8,10,0,43.3,56.7,0.0
12335,33444,3,lado,10,1,0,9,10,12,34.7,65.3,0.0
12335,33444,2,lado,10,2,0,8,10,12,34.7,65.3,0.0
12335,33444,1,lado,10,2,0,8,10,12,34.7,65.3,0.0
12335,34444,5,lado,10,0,2,8,10,0,40.0,60.0,0.0
12335,34444,2,lado,10,2,0,8,10,12,33.3,66.7,0.0
12335,34444,1,lado,10,2,0,8,10,12,33.3,66.7,0.0
12335,34444,3,lado,10,1,0,9,10,12,30.7,69.3,0.0
12335,44444,5,lado,5,0,2,3,5,0,42.0,58.0,0.0
12335,44444,2,lado,5,1,0,4,5,12,35.3,64.7,0.0
12335,44444,1,lado,5,1,0,4,5,12,35.3,64.7,0.0
12335,44444,3,lado,5,1,0,4,5,12,30.7,69.3,0.0
12344,12334,4,lado,20,0,1,19,17,0,75.3,22.0,2.7
12344,12334,2,lado,20,1,3,16,19,8,67.3,30.0,2.7
12344,12334,3,lado,20,1,2,17,18,8,63.3,36.0,0.7
12344,12334,1,lado,20,1,4,15,20,8,62.7,35.3,2.0
12344,13334,4,lado,15,0,1,14,13,0,72.0,25.3,2.7
12344,13334,3,lado,15,1,2,12,14,8,64.7,35.3,0.0
12344,13334,2,lado,15,1,3,11,14,8,59.3,40.0,0.7
12344,13334,1,lado,15,1,3,11,15,8,52.7,46.7,0.7
12344,23334,4,lado,15,0,1,14,13,0,69.3,27.3,3.3
12344,23334,3,lado,15,1,2,12,14,8,59.3,39.3,1.3
12344,23334,2,lado,15,1,3,11,15,8,52.0,47.3,0.7
12344,23334,1,lado,15,1,4,10,15,8,50.7,48.7,0.7
12344,33334,4,lado,10,0,1,9,9,0,69.3,30.7,0.0
12344,33334,2,lado,10,1,3,6,10,8,56.7,42.0,1.3
12344,33334,1,lado,10,1,3,6,10,8,56.7,42.0,1.3
12344,33334,3,lado,10,1,2,7,10,8,50.7,49.3,0.0
12355,12335,5,lado,20,0,1,19,17,0,75.3,22.0,2.7
12355,12335,2,lado,20,1,3,16,19,8,67.3,30.0,2.7
12355,12335,3,lado,20,1,2,17,18,8,63.3,36.0,0.7
12355,12335,1,lado,20,1,4,15,20,8,62.7,35.3,2.0
12355,12345,5,lado,25,0,1,24,21,0,72.7,25.3,2.0
12355,12345,3,lado,25,2,2,21,23,8,58.7,40.7,0.7
12355,12345,2,lado,25,2,3,20,24,8,54.7,45.3,0.0
12355,12345,1,lado,25,2,4,19,25,8,54.0,45.3,0.7
12355,12445,5,lado,20,0,1,19,17,0,70.0,27.3,2.7
12355,12445,3,lado,20,2,2,16,18,8,63.3,36.0,0.7
12355,12445,2,lado,20,2,2,16,19,8,63.3,34.7,2.0
12355,12445,1,lado,20,2,3,15,20,8,58.0,39.3,2.7
12355,13335,5,lado,15,0,1,14,13,0,72.0,25.3,2.7
12355,13335,3,lado,15,1,2,12,14,8,64.7,35.3,0.0
12355,13335,2,lado,15,1,3,11,14,8,59.3,40.0,0.7
12355,13335,1,lado,15,1,3,11,15,8,52.7,46.7,0.7
12355,13345,5,lado,20,0,1,19,17,0,70.7,28.0,1.3
12355,13345,3,lado,20,2,2,16,19,8,56.7,42.7,0.7
12355,13345,1,lado,20,2,3,15,20,8,54.0,45.3,0.7
12355,13345,2,lado,20,2,3,15,19,8,53.3,44.7,2.0
12355,13445,5,lado,20,0,1,19,17,0,65.3,31.3,3.3
12355,13445,3,lado,20,2,2,16,19,8,58.0,40.7,1.3
12355,13445,2,lado,20,3,2,15,19,8,54.7,43.3,2.0
12355,13445,1,lado,20,3,2,15,20,8,54.0,45.3,0.7
12355,14445,5,lado,15,0,1,14,13,0,68.7,28.7,2.7
12355,14445,3,lado,15,2,2,11,14,8,58.7,40.0,1.3
12355,14445,2,lado,15,2,2,11,14,8,58.0,40.7,1.3
12355,14445,1,lado,15,2,2,11,15,8,49.3,50.0,0.7
12355,23335,5,lado,15,0,1,14,13,0,69.3,27.3,3.3
12355,23335,3,lado,15,1,2,12,14,8,59.3,39.3,1.3
12355,23335,2,lado,15,1,3,11,15,8,52.0,47.3,0.7
12355,23335,1,lado,15,1,4,10,15,8,50.7,48.7,0.7
12355,23345,5,lado,20,0,1,19,17,0,66.7,29.3,4.0
12355,23345,3,lado,20,2,2,16,19,8,56.7,43.3,0.0
12355,23345,2,lado,20,2,3,15,20,8,50.7,49.3,0.0
12355,23345,1,lado,20,2,4,14,20,8,49.3,50.0,0.7
12355,23445,5,lado,20,0,1,19,17,0,62.0,34.0,4.0
12355,23445,3,lado,20,2,2,16,19,8,57.3,41.3,1.3
12355,23445,2,lado,20,3,2,15,20,8,50.0,48.7,1.3
12355,23445,1,lado,20,3,3,14,20,8,46.7,50.0,3.3
12355,24445,5,lado,15,0,1,14,13,0,63.3,31.3,5.3
12355,24445,3,lado,15,2,2,11,14,8,56.0,42.7,1.3
12355,24445,2,lado,15,2,2,11,15,8,48.7,50.7,0.7
12355,24445,1,lado,15,2,3,10,15,8,46.7,51.3,2.0
12355,33335,5,lado,10,0,1,9,9,0,69.3,30.7,0.0
12355,33335,2,lado,10,1,3,6,10,8,56.7,42.0,1.3
12355,33335,1,lado,10,1,3,6,10,8,56.7,42.0,1.3
12355,33335,3,lado,10,1,2,7,10,8,50.7,49.3,0.0
12355,33345,5,lado,15,0,1,14,13,0,66.7,32.0,1.3
12355,33345,3,lado,15,2,2,11,15,8,46.0,53.3,0.7
12355,33345,2,lado,15,2,3,10,15,8,43.3,54.0,2.7
12355,33345,1,lado,15,2,3,10,15,8,43.3,54.0,2.7
12355,33445,5,lado,15,0,1,14,13,0,65.3,31.3,3.3
12355,33445,3,lado,15,2,2,11,15,8,45.3,54.7,0.0
12355,33445,2,lado,15,3,2,10,15,8,44.0,53.3,2.7
12355,33445,1,lado,15,3,2,10,15,8,44.0,53.3,2.7
12355,34445,5,lado,15,0,1,14,13,0,57.3,39.3,3.3
12355,34445,2,lado,15,3,2,10,15,8,46.7,52.7,0.7
12355,34445,1,lado,15,3,2,10,15,8,46.7,52.7,0.7
12355,34445,3,lado,15,2,2,11,15,8,46.0,54.0,0.0
12355,44445,5,lado,10,0,1,9,9,0,55.3,42.0,2.7
12355,44445,3,lado,10,2,2,6,10,8,54.7,44.7,0.7
12355,44445,2,lado,10,2,2,6,10,8,54.7,44.7,0.7
12355,44445,1,lado,10,2,2,6,10,8,54.7,44.7,0.7
12444,12334,4,lado,20,0,1,19,17,0,76.7,23.3,0.0
12444,12334,2,lado,20,1,1,18,19,8,69.3,30.7,0.0
12444,12334,1,lado,20,1,2,17,20,8,68.0,30.7,1.3
12444,12335,4,lado,20,1,14,5,20,14,57.3,39.3,3.3
12444,12335,2,lado,20,2,16,2,20,8,57.3,39.3,3.3
12444,12335,1,lado,20,3,16,1,20,8,56.7,40.0,3.3
12444,13334,4,lado,15,0,1,14,13,0,79.3,20.7,0.0
12444,13334,2,lado,15,1,1,13,14,8,63.3,36.7,0.0
12444,13334,1,lado,15,1,1,13,15,8,59.3,40.7,0.0
12444,13335,4,lado,15,1,10,4,15,14,54.7,42.0,3.3
12444,13335,2,lado,15,2,12,1,15,8,50.0,47.3,2.7
12444,13335,1,lado,15,2,12,1,15,8,45.3,50.7,4.0
12444,23334,4,lado,15,0,1,14,13,0,76.7,22.7,0.7
12444,23334,2,lado,15,1,1,13,15,8,57.3,42.7,0.0
12444,23334,1,lado,15,1,2,12,15,8,55.3,44.7,0.0
12444,23335,4,lado,15,1,10,4,15,14,54.0,42.0,4.0
12444,23335,2,lado,15,2,12,1,15,8,38.7,58.7,2.7
12444,23335,1,lado,15,3,12,0,15,8,36.7,61.3,2.0
12444,33334,4,lado,10,0,1,9,9,0,81.3,18.0,0.7
12444,33334,2,lado,10,1,1,8,10,8,59.3,40.7,0.0
12444,33334,1,lado,10,1,1,8,10,8,59.3,40.7,0.0
12444,33335,4,lado,10,1,6,3,10,14,44.7,47.3,8.0
12444,33335,2,lado,10,2,8,0,10,8,40.7,57.3,2.0
12444,33335,1,lado,10,2,8,0,10,8,40.7,57.3,2.0
12445,12335,4,lado,20,0,3,17,17,0,69.3,29.3,1.3
12445,12335,2,lado,20,1,1,18,19,8,68.0,31.3,0.7
12445,12335,1,lado,20,1,2,17,20,8,67.3,30.7,2.0
12445,12335,5,lado,20,1,0,19,20,14,63.3,34.0,2.7
12445,13335,4,lado,15,0,3,12,13,0,66.7,31.3,2.0
12445,13335,5,lado,15,1,0,14,15,14,65.3,32.0,2.7
12445,13335,2,lado,15,1,1,13,14,8,58.7,40.0,1.3
12445,13335,1,lado,15,1,1,13,15,8,52.0,45.3,2.7
12445,23335,4,lado,15,0,3,12,13,0,68.0,31.3,0.7
12445,23335,5,lado,15,1,0,14,15,14,62.7,34.7,2.7
12445,23335,2,lado,15,1,1,13,15,8,49.3,47.3,3.3
12445,23335,1,lado,15,1,2,12,15,8,48.7,50.0,1.3
12445,33335,4,lado,10,0,3,7,9,0,63.3,33.3,3.3
12445,33335,5,lado,10,1,0,9,10,14,58.7,37.3,4.0
12445,33335,2,lado,10,1,1,8,10,8,58.0,39.3,2.7
12445,33335,1,lado,10,1,1,8,10,8,58.0,39.3,2.7
12455,12335,5,lado,20,0,1,19,17,0,78.0,21.3,0.7
12455,12335,1,lado,20,1,2,17,20,8,70.7,28.0,1.3
12455,12335,4,lado,20,0,3,17,17,0,70.0,28.7,1.3
12455,12335,2,lado,20,1,1,18,19,8,69.3,30.0,0.7
12455,12345,5,lado,25,0,1,24,21,0,78.7,19.3,2.0
12455,12345,4,lado,25,1,2,22,22,8,67.3,32.7,0.0
12455,12345,2,lado,25,1,2,22,24,8,62.7,37.3,0.0
12455,12345,1,lado,25,1,3,21,25,8,61.3,38.0,0.7
12455,12445,5,lado,20,0,1,19,17,0,75.3,22.0,2.7
12455,12445,2,lado,20,1,3,16,19,8,67.3,30.0,2.7
12455,12445,4,lado,20,1,2,17,18,8,63.3,36.0,0.7
12455,12445,1,lado,20,1,4,15,20,8,62.7,35.3,2.0
12455,13335,5,lado,15,0,1,14,13,0,76.0,22.0,2.0
12455,13335,4,lado,15,0,3,12,13,0,66.7,33.3,0.0
12455,13335,2,lado,15,1,1,13,14,8,62.0,37.3,0.7
12455,13335,1,lado,15,1,1,13,15,8,56.7,42.0,1.3
12455,13345,5,lado,20,0,1,19,17,0,70.0,28.7,1.3
12455,13345,4,lado,20,1,2,17,18,8,69.3,30.0,0.7
12455,13345,2,lado,20,1,2,17,19,8,66.0,33.3,0.7
12455,13345,1,lado,20,1,2,17,20,8,60.7,38.7,0.7
12455,13445,5,lado,20,0,1,19,17,0,73.3,23.3,3.3
12455,13445,4,lado,20,1,2,17,18,8,64.7,35.3,0.0
12455,13445,2,lado,20,1,4,15,19,8,64.7,32.7,2.7
12455,13445,1,lado,20,1,4,15,20,8,60.0,38.0,2.0
12455,14445,5,lado,15,0,1,14,13,0,72.0,25.3,2.7
12455,14445,4,lado,15,1,2,12,14,8,64.7,35.3,0.0
12455,14445,2,lado,15,1,3,11,14,8,59.3,40.0,0.7
12455,14445,1,lado,15,1,3,11,15,8,52.7,46.7,0.7
12455,23335,5,lado,15,0,1,14,13,0,74.0,23.3,2.7
12455,23335,4,lado,15,0,3,12,13,0,65.3,34.0,0.7
12455,23335,2,lado,15,1,1,13,15,8,54.0,45.3,0.7
12455,23335,1,lado,15,1,2,12,15,8,53.3,46.7,0.0
12455,23345,5,lado,20,0,1,19,17,0,72.0,26.0,2.0
12455,23345,4,lado,20,1,2,17,18,8,66.0,33.3,0.7
12455,23345,2,lado,20,1,2,17,20,8,57.3,42.0,0.7
12455,23345,1,lado,20,1,3,16,20,8,55.3,43.3,1.3
12455,23445,5,lado,20,0,1,19,17,0,70.7,24.7,4.7
12455,23445,4,lado,20,1,2,17,18,8,66.7,33.3,0.0
12455,23445,2,lado,20,1,4,15,20,8,56.0,42.7,1.3
12455,23445,1,lado,20,1,5,14,20,8,52.7,44.7,2.7
12455,24445,5,lado,15,0,1,14,13,0,69.3,27.3,3.3
12455,24445,4,lado,15,1,2,12,14,8,59.3,39.3,1.3
12455,24445,2,lado,15,1,3,11,15,8,52.0,47.3,0.7
12455,24445,1,lado,15,1,4,10,15,8,50.7,48.7,0.7
12455,33335,5,lado,10,0,1,9,9,0,80.7,18.0,1.3
12455,33335,4,lado,10,0,3,7,9,0,64.0,34.7,1.3
12455,33335,2,lado,10,1,1,8,10,8,63.3,34.7,2.0
12455,33335,1,lado,10,1,1,8,10,8,63.3,34.7,2.0
12455,33345,5,lado,15,0,1,14,13,0,76.7,22.7,0.7
12455,33345,4,lado,15,1,2,12,14,8,59.3,39.3,1.3
12455,33345,2,lado,15,1,2,12,15,8,56.7,42.7,0.7
12455,33345,1,lado,15,1,2,12,15,8,56.7,42.7,0.7
12455,33445,5,lado,15,0,1,14,13,0,73.3,24.0,2.7
12455,33445,4,lado,15,1,2,12,14,8,61.3,38.7,0.0
12455,33445,2,lado,15,1,4,10,15,8,52.7,46.7,0.7
12455,33445,1,lado,15,1,4,10,15,8,52.7,46.7,0.7
12455,34445,5,lado,15,0,1,14,13,0,67.3,29.3,3.3
12455,34445,4,lado,15,1,2,12,14,8,56.7,42.7,0.7
12455,34445,2,lado,15,1,4,10,15,8,50.0,49.3,0.7
12455,34445,1,lado,15,1,4,10,15,8,50.0,49.3,0.7
12455,44445,5,lado,10,0,1,9,9,0,69.3,30.7,0.0
12455,44445,2,lado,10,1,3,6,10,8,56.7,42.0,1.3
12455,44445,1,lado,10,1,3,6,10,8,56.7,42.0,1.3
12455,44445,4,lado,10,1,2,7,10,8,50.7,49.3,0.0
12555,12335,5,lado,20,0,1,19,17,0,76.7,23.3,0.0
12555,12335,2,lado,20,1,1,18,19,8,69.3,30.7,0.0
12555,12335,1,lado,20,1,2,17,20,8,68.0,30.7,1.3
12555,12345,5,lado,25,0,1,24,21,0,82.0,17.3,0.7
12555,12345,2,lado,25,1,2,22,24,8,65.3,33.3,1.3
12555,12345,1,lado,25,1,3,21,25,8,63.3,35.3,1.3
12555,12445,5,lado,20,0,1,19,17,0,76.7,23.3,0.0
12555,12445,2,lado,20,1,1,18,19,8,69.3,30.7,0.0
12555,12445,1,lado,20,1,2,17,20,8,68.0,30.7,1.3
12555,13335,5,lado,15,0,1,14,13,0,79.3,20.7,0.0
12555,13335,2,lado,15,1,1,13,14,8,63.3,36.7,0.0
12555,13335,1,lado,15,1,1,13,15,8,59.3,40.7,0.0
12555,13345,5,lado,20,0,1,19,17,0,78.7,21.3,0.0
12555,13345,2,lado,20,1,2,17,19,8,68.0,32.0,0.0
12555,13345,1,lado,20,1,2,17,20,8,65.3,34.7,0.0
12555,13445,5,lado,20,0,1,19,17,0,76.7,23.3,0.0
12555,13445,2,lado,20,1,2,17,19,8,66.7,32.7,0.7
12555,13445,1,lado,20,1,2,17,20,8,65.3,33.3,1.3
12555,14445,5,lado,15,0,1,14,13,0,79.3,20.7,0.0
12555,14445,2,lado,15,1,1,13,14,8,63.3,36.7,0.0
12555,14445,1,lado,15,1,1,13,15,8,59.3,40.7,0.0
12555,23335,5,lado,15,0,1,14,13,0,76.7,22.7,0.7
12555,23335,2,lado,15,1,1,13,15,8,57.3,42.7,0.0
12555,23335,1,lado,15,1,2,12,15,8,55.3,44.7,0.0
12555,23345,5,lado,20,0,1,19,17,0,78.7,20.7,0.7
12555,23345,2,lado,20,1,2,17,20,8,64.0,35.3,0.7
12555,23345,1,lado,20,1,3,16,20,8,60.0,40.0,0.0
12555,23445,5,lado,20,0,1,19,17,0,79.3,20.7,0.0
12555,23445,2,lado,20,1,2,17,20,8,63.3,35.3,1.3
12555,23445,1,lado,20,1,3,16,20,8,58.7,40.0,1.3
12555,24445,5,lado,15,0,1,14,13,0,76.7,22.7,0.7
12555,24445,2,lado,15,1,1,13,15,8,57.3,42.7,0.0
12555,24445,1,lado,15,1,2,12,15,8,55.3,44.7,0.0
12555,33335,5,lado,10,0,1,9,9,0,81.3,18.0,0.7
12555,33335,2,lado,10,1,1,8,10,8,59.3,40.7,0.0
12555,33335,1,lado,10,1,1,8,10,8,59.3,40.7,0.0
12555,33345,5,lado,15,0,1,14,13,0,79.3,20.0,0.7
12555,33345,2,lado,15,1,2,12,15,8,53.3,46.7,0.0
12555,33345,1,lado,15,1,2,12,15,8,53.3,46.7,0.0
12555,33445,5,lado,15,0,1,14,13,0,81.3,18.7,0.0
12555,33445,2,lado,15,1,2,12,15,8,53.3,46.7,0.0
12555,33445,1,lado,15,1,2,12,15,8,53.3,46.7,0.0
12555,34445,5,lado,15,0,1,14,13,0,76.7,22.7,0.7
12555,34445,2,lado,15,1,2,12,15,8,55.3,44.7,0.0
12555,34445,1,lado,15,1,2,12,15,8,55.3,44.7,0.0
12555,44445,5,lado,10,0,1,9,9,0,81.3,18.0,0.7
12555,44445,2,lado,10,1,1,8,10,8,59.3,40.7,0.0
12555,44445,1,lado,10,1,1,8,10,8,59.3,40.7,0.0
13335,12244,5,lado,15,0,2,13,15,0,73.3,26.0,0.7
13335,12244,3,lado,15,1,0,14,13,12,66.7,32.0,1.3
13335,12244,1,lado,15,1,1,13,15,12,58.7,41.3,0.0
13335,12344,1,lado,20,2,1,17,20,12,65.3,33.3,1.3
13335,12344,5,lado,20,0,2,18,20,0,62.7,37.3,0.0
13335,12344,3,lado,20,1,0,19,18,12,61.3,38.0,0.7
13335,12444,5,lado,15,0,2,13,15,0,59.3,38.7,2.0
13335,12444,3,lado,15,1,0,14,13,12,54.7,44.0,1.3
13335,12444,1,lado,15,1,1,13,15,12,54.7,42.0,3.3
13335,13344,5,lado,15,0,2,13,15,0,58.7,41.3,0.0
13335,13344,3,lado,15,1,0,14,14,12,46.7,53.3,0.0
13335,13344,1,lado,15,2,0,13,15,12,41.3,58.7,0.0
13335,13444,5,lado,15,0,2,13,15,0,51.3,47.3,1.3
13335,13444,3,lado,15,1,0,14,14,12,47.3,52.0,0.7
13335,13444,1,lado,15,2,0,13,15,12,46.7,52.7,0.7
13335,14444,5,lado,10,0,2,8,10,0,48.7,51.3,0.0
13335,14444,1,lado,10,1,0,9,10,12,44.7,54.7,0.7
13335,14444,3,lado,10,1,0,9,9,12,44.0,54.7,1.3
13335,22344,3,lado,15,1,0,14,14,12,58.0,41.3,0.7
13335,22344,1,lado,15,2,1,12,15,12,54.0,44.0,2.0
13335,22344,5,lado,15,0,2,13,15,0,53.3,46.7,0.0
13335,22444,1,lado,10,1,1,8,10,12,56.0,42.7,1.3
13335,22444,5,lado,10,0,2,8,10,0,52.7,45.3,2.0
13335,22444,3,lado,10,1,0,9,9,12,49.3,48.0,2.7
13335,23344,5,lado,15,0,2,13,15,0,56.7,43.3,0.0
13335,23344,3,lado,15,1,0,14,14,12,46.7,53.3,0.0
13335,23344,1,lado,15,2,1,12,15,12,42.7,57.3,0.0
13335,23444,5,lado,15,0,2,13,15,0,50.7,48.7,0.7
13335,23444,1,lado,15,2,1,12,15,12,48.0,52.0,0.0
13335,23444,3,lado,15,1,0,14,14,12,47.3,52.0,0.7
13335,24444,5,lado,10,0,2,8,10,0,43.3,56.7,0.0
13335,24444,3,lado,10,1,0,9,9,12,42.0,57.3,0.7
13335,24444,1,lado,10,1,1,8,10,12,41.3,58.0,0.7
13335,33344,5,lado,10,0,2,8,10,0,44.0,55.3,0.7
13335,33344,1,lado,10,2,0,8,10,12,42.7,57.3,0.0
13335,33344,3,lado,10,1,0,9,10,12,40.7,59.3,0.0
13335,33444,5,lado,10,0,2,8,10,0,44.0,55.3,0.7
13335,33444,1,lado,10,2,0,8,10,12,43.3,56.7,0.0
13335,33444,3,lado,10,1,0,9,10,12,40.0,60.0,0.0
13335,34444,1,lado,10,2,0,8,10,12,42.0,58.0,0.0
13335,34444,5,lado,10,0,2,8,10,0,40.0,60.0,0.0
13335,34444,3,lado,10,1,0,9,10,12,35.3,64.7,0.0
13335,44444,5,lado,5,0,2,3,5,0,39.3,60.7,0.0
13335,44444,1,lado,5,1,0,4,5,12,38.7,61.3,0.0
13335,44444,3,lado,5,1,0,4,5,12,35.3,64.7,0.0
13344,12234,4,lado,20,0,1,19,17,0,80.0,19.3,0.7
13344,12234,3,lado,20,1,0,19,18,8,71.3,28.7,0.0
13344,12234,1,lado,20,1,2,17,20,8,68.7,31.3,0.0
13344,12334,4,lado,20,0,1,19,17,0,82.0,17.3,0.7
13344,12334,3,lado,20,1,2,17,18,8,68.7,30.7,0.7
13344,12334,1,lado,20,1,4,15,20,8,68.7,31.3,0.0
13344,13334,4,lado,15,0,1,14,13,0,71.3,28.7,0.0
13344,13334,3,lado,15,1,2,12,14,8,62.0,37.3,0.7
13344,13334,1,lado,15,1,3,11,15,8,49.3,50.0,0.7
13344,22334,4,lado,15,0,1,14,13,0,76.0,24.0,0.0
13344,22334,3,lado,15,1,2,12,14,8,62.7,36.7,0.7
13344,22334,1,lado,15,1,4,10,15,8,55.3,44.7,0.0
13344,23334,4,lado,15,0,1,14,13,0,70.0,30.0,0.0
13344,23334,3,lado,15,1,2,12,14,8,60.7,38.7,0.7
13344,23334,1,lado,15,1,4,10,15,8,48.7,50.7,0.7
13344,33334,4,lado,10,0,1,9,9,0,65.3,34.0,0.7
13344,33334,1,lado,10,1,3,6,10,8,55.3,44.0,0.7
13344,33334,3,lado,10,1,2,7,10,8,54.7,45.3,0.0
13355,12235,5,lado,20,0,1,19,17,0,80.0,19.3,0.7
13355,12235,3,lado,20,1,0,19,18,8,71.3,28.7,0.0
13355,12235,1,lado,20,1,2,17,20,8,68.7,31.3,0.0
13355,12245,5,lado,20,0,1,19,17,0,74.7,24.0,1.3
13355,12245,3,lado,20,1,3,16,18,8,69.3,30.7,0.0
13355,12245,1,lado,20,1,4,15,20,8,66.0,34.0,0.0
13355,12335,5,lado,20,0,1,19,17,0,82.0,17.3,0.7
13355,12335,3,lado,20,1,2,17,18,8,68.7,30.7,0.7
13355,12335,1,lado,20,1,4,15,20,8,68.7,31.3,0.0
13355,12345,5,lado,25,0,1,24,21,0,74.7,24.0,1.3
13355,12345,3,lado,25,1,3,21,23,8,63.3,36.7,0.0
13355,12345,1,lado,25,2,4,19,25,8,61.3,38.7,0.0
13355,12445,5,lado,20,0,1,19,17,0,70.0,26.0,4.0
13355,12445,3,lado,20,2,2,16,18,8,64.7,33.3,2.0
13355,12445,1,lado,20,2,3,15,20,8,62.7,34.7,2.7
13355,13335,5,lado,15,0,1,14,13,0,71.3,28.7,0.0
13355,13335,3,lado,15,1,2,12,14,8,62.0,37.3,0.7
13355,13335,1,lado,15,1,3,11,15,8,49.3,50.0,0.7
13355,13345,5,lado,20,0,1,19,17,0,67.3,30.0,2.7
13355,13345,1,lado,20,2,3,15,20,8,60.0,40.0,0.0
13355,13345,3,lado,20,1,3,16,19,8,55.3,43.3,1.3
13355,13445,5,lado,20,0,1,19,17,0,68.0,29.3,2.7
13355,13445,1,lado,20,3,2,15,20,8,61.3,37.3,1.3
13355,13445,3,lado,20,2,2,16,19,8,57.3,41.3,1.3
13355,14445,5,lado,15,0,1,14,13,0,62.7,34.7,2.7
13355,14445,3,lado,15,2,2,11,14,8,58.7,40.0,1.3
13355,14445,1,lado,15,2,2,11,15,8,47.3,52.7,0.0
13355,22335,5,lado,15,0,1,14,13,0,76.0,24.0,0.0
13355,22335,3,lado,15,1,2,12,14,8,62.7,36.7,0.7
13355,22335,1,lado,15,1,4,10,15,8,55.3,44.7,0.0
13355,22345,5,lado,20,0,1,19,17,0,73.3,24.7,2.0
13355,22345,3,lado,20,1,3,16,19,8,63.3,34.7,2.0
13355,22345,1,lado,20,2,4,14,20,8,62.0,38.0,0.0
13355,22445,5,lado,15,0,1,14,13,0,67.3,30.7,2.0
13355,22445,3,lado,15,2,2,11,14,8,56.7,41.3,2.0
13355,22445,1,lado,15,2,3,10,15,8,51.3,47.3,1.3
13355,23335,5,lado,15,0,1,14,13,0,70.0,30.0,0.0
13355,23335,3,lado,15,1,2,12,14,8,60.7,38.7,0.7
13355,23335,1,lado,15,1,4,10,15,8,48.7,50.7,0.7
13355,23345,5,lado,20,0,1,19,17,0,66.7,30.0,3.3
13355,23345,1,lado,20,2,4,14,20,8,56.7,43.3,0.0
13355,23345,3,lado,20,1,3,16,19,8,56.0,43.3,0.7
13355,23445,5,lado,20,0,1,19,17,0,67.3,28.7,4.0
13355,23445,3,lado,20,2,2,16,19,8,58.0,40.0,2.0
13355,23445,1,lado,20,3,3,14,20,8,57.3,40.7,2.0
13355,24445,5,lado,15,0,1,14,13,0,60.0,36.0,4.0
13355,24445,3,lado,15,2,2,11,14,8,57.3,41.3,1.3
13355,24445,1,lado,15,2,3,10,15,8,47.3,52.0,0.7
13355,33335,5,lado,10,0,1,9,9,0,65.3,34.0,0.7
13355,33335,1,lado,10,1,3,6,10,8,55.3,44.0,0.7
13355,33335,3,lado,10,1,2,7,10,8,54.7,45.3,0.0
13355,33345,5,lado,15,0,1,14,13,0,69.3,29.3,1.3
13355,33345,3,lado,15,1,3,11,15,8,47.3,51.3,1.3
13355,33345,1,lado,15,2,3,10,15,8,47.3,52.0,0.7
13355,33445,5,lado,15,0,1,14,13,0,63.3,34.7,2.0
13355,33445,3,lado,15,2,2,11,15,8,49.3,48.7,2.0
13355,33445,1,lado,15,3,2,10,15,8,47.3,50.7,2.0
13355,34445,5,lado,15,0,1,14,13,0,57.3,38.0,4.7
13355,34445,3,lado,15,2,2,11,15,8,46.7,52.0,1.3
13355,34445,1,lado,15,3,2,10,15,8,45.3,54.0,0.7
13355,44445,3,lado,10,2,2,6,10,8,54.7,44.7,0.7
13355,44445,5,lado,10,0,1,9,9,0,52.0,42.7,5.3
13355,44445,1,lado,10,2,2,6,10,8,51.3,47.3,1.3
13444,12234,4,lado,20,0,0,20,17,0,83.3,16.7,0.0
13444,12234,3,lado,20,1,0,19,18,8,76.7,22.7,0.7
13444,12234,1,lado,20,1,2,17,20,8,70.0,30.0,0.0
13444,12235,4,lado,20,1,14,5,20,14,76.0,24.0,0.0
13444,12235,3,lado,20,1,14,5,20,8,66.0,34.0,0.0
13444,12235,1,lado,20,3,16,1,20,8,58.7,40.0,1.3
13444,12334,4,lado,20,0,0,20,17,0,81.3,18.7,0.0
13444,12334,3,lado,20,1,0,19,18,8,76.7,23.3,0.0
13444,12334,1,lado,20,1,2,17,20,8,70.0,30.0,0.0
13444,12335,4,lado,20,1,14,5,20,14,72.7,25.3,2.0
13444,12335,3,lado,20,1,16,3,20,8,66.7,30.7,2.7
13444,12335,1,lado,20,3,16,1,20,8,60.0,38.7,1.3
13444,13334,4,lado,15,0,0,15,13,0,78.7,21.3,0.0
13444,13334,3,lado,15,1,0,14,14,8,60.0,40.0,0.0
13444,13334,1,lado,15,1,1,13,15,8,56.0,43.3,0.7
13444,13335,4,lado,15,1,10,4,15,14,58.7,40.7,0.7
13444,13335,3,lado,15,1,12,2,15,8,55.3,44.7,0.0
13444,13335,1,lado,15,2,12,1,15,8,47.3,50.7,2.0
13444,22334,4,lado,15,0,0,15,13,0,81.3,18.7,0.0
13444,22334,3,lado,15,1,0,14,14,8,65.3,34.7,0.0
13444,22334,1,lado,15,1,2,12,15,8,60.7,38.7,0.7
13444,22335,4,lado,15,1,10,4,15,14,62.0,36.7,1.3
13444,22335,3,lado,15,1,12,2,15,8,57.3,42.7,0.0
13444,22335,1,lado,15,3,12,0,15,8,51.3,44.7,4.0
13444,23334,4,lado,15,0,0,15,13,0,77.3,22.7,0.0
13444,23334,3,lado,15,1,0,14,14,8,60.0,40.0,0.0
13444,23334,1,lado,15,1,2,12,15,8,55.3,44.0,0.7
13444,23335,4,lado,15,1,10,4,15,14,58.7,40.0,1.3
13444,23335,3,lado,15,1,12,2,15,8,52.0,48.0,0.0
13444,23335,1,lado,15,3,12,0,15,8,43.3,54.7,2.0
13444,33334,4,lado,10,0,0,10,9,0,79.3,20.7,0.0
13444,33334,3,lado,10,1,0,9,10,8,60.7,39.3,0.0
13444,33334,1,lado,10,1,1,8,10,8,56.0,42.7,1.3
13444,33335,4,lado,10,1,6,3,10,14,52.0,44.7,3.3
13444,33335,3,lado,10,1,8,1,10,8,43.3,56.7,0.0
13444,33335,1,lado,10,2,8,0,10,8,42.0,56.7,1.3
13445,12235,4,lado,20,0,3,17,17,0,78.7,21.3,0.0
13445,12235,5,lado,20,0,1,19,20,0,76.0,24.0,0.0
13445,12235,3,lado,20,1,0,19,18,8,74.7,24.7,0.7
13445,12235,1,lado,20,1,2,17,20,8,68.7,31.3,0.0
13445,12335,4,lado,20,0,3,17,17,0,73.3,26.7,0.0
13445,12335,3,lado,20,1,0,19,18,8,72.7,27.3,0.0
13445,12335,5,lado,20,0,1,19,20,0,72.0,28.0,0.0
13445,12335,1,lado,20,1,2,17,20,8,70.0,29.3,0.7
13445,13335,4,lado,15,0,3,12,13,0,72.0,27.3,0.7
13445,13335,5,lado,15,0,1,14,15,0,66.7,32.7,0.7
13445,13335,3,lado,15,1,0,14,14,8,60.7,38.0,1.3
13445,13335,1,lado,15,1,1,13,15,8,55.3,44.7,0.0
13445,22335,4,lado,15,0,3,12,13,0,76.0,24.0,0.0
13445,22335,5,lado,15,0,1,14,15,0,72.7,26.0,1.3
13445,22335,3,lado,15,1,0,14,14,8,64.7,34.7,0.7
13445,22335,1,lado,15,1,2,12,15,8,52.0,46.0,2.0
13445,23335,4,lado,15,0,3,12,13,0,73.3,26.0,0.7
13445,23335,5,lado,15,0,1,14,15,0,65.3,34.0,0.7
13445,23335,3,lado,15,1,0,14,14,8,61.3,37.3,1.3
13445,23335,1,lado,15,1,2,12,15,8,52.0,46.7,1.3
13445,33335,4,lado,10,0,3,7,9,0,70.0,28.7,1.3
13445,33335,5,lado,10,0,1,9,10,0,65.3,34.7,0.0
13445,33335,1,lado,10,1,1,8,10,8,63.3,36.7,0.0
13445,33335,3,lado,10,1,0,9,10,8,62.0,37.3,0.7
13455,12235,5,lado,20,0,0,20,17,0,85.3,14.7,0.0
13455,12235,4,lado,20,0,1,19,17,0,78.0,22.0,0.0
13455,12235,3,lado,20,1,0,19,18,8,78.0,22.0,0.0
13455,12235,1,lado,20,1,2,17,20,8,74.0,25.3,0.7
13455,12245,5,lado,20,0,1,19,17,0,79.3,19.3,1.3
13455,12245,4,lado,20,1,2,17,18,8,72.7,27.3,0.0
13455,12245,3,lado,20,1,1,18,18,8,70.0,30.0,0.0
13455,12245,1,lado,20,1,2,17,20,8,62.0,37.3,0.7
13455,12335,5,lado,20,0,0,20,17,0,81.3,18.7,0.0
13455,12335,4,lado,20,0,3,17,17,0,78.0,21.3,0.7
13455,12335,3,lado,20,1,0,19,18,8,75.3,24.0,0.7
13455,12335,1,lado,20,1,2,17,20,8,75.3,24.7,0.0
13455,12345,5,lado,25,0,1,24,21,0,78.7,20.0,1.3
13455,12345,4,lado,25,1,2,22,22,8,70.0,29.3,0.7
13455,12345,3,lado,25,1,1,23,23,8,66.7,33.3,0.0
13455,12345,1,lado,25,1,3,21,25,8,61.3,38.0,0.7
13455,12445,5,lado,20,0,1,19,17,0,78.7,20.0,1.3
13455,12445,3,lado,20,1,3,16,18,8,69.3,29.3,1.3
13455,12445,4,lado,20,1,2,17,18,8,66.0,32.7,1.3
13455,12445,1,lado,20,1,4,15,20,8,64.0,34.7,1.3
13455,13335,5,lado,15,0,0,15,13,0,83.3,16.7,0.0
13455,13335,4,lado,15,0,3,12,13,0,67.3,32.7,0.0
13455,13335,3,lado,15,1,0,14,14,8,64.0,35.3,0.7
13455,13335,1,lado,15,1,1,13,15,8,56.7,42.7,0.7
13455,13345,5,lado,20,0,1,19,17,0,73.3,25.3,1.3
13455,13345,4,lado,20,1,2,17,18,8,67.3,31.3,1.3
13455,13345,3,lado,20,1,1,18,19,8,65.3,34.7,0.0
13455,13345,1,lado,20,1,2,17,20,8,60.7,38.7,0.7
13455,13445,5,lado,20,0,1,19,17,0,75.3,22.0,2.7
13455,13445,3,lado,20,1,3,16,19,8,67.3,30.0,2.7
13455,13445,4,lado,20,1,2,17,18,8,63.3,36.0,0.7
13455,13445,1,lado,20,1,4,15,20,8,62.7,35.3,2.0
13455,14445,5,lado,15,0,1,14,13,0,72.0,25.3,2.7
13455,14445,4,lado,15,1,2,12,14,8,64.7,35.3,0.0
13455,14445,3,lado,15,1,3,11,14,8,59.3,40.0,0.7
13455,14445,1,lado,15,1,3,11,15,8,52.7,46.7,0.7
13455,22335,5,lado,15,0,0,15,13,0,84.0,15.3,0.7
13455,22335,4,lado,15,0,3,12,13,0,70.7,29.3,0.0
13455,22335,3,lado,15,1,0,14,14,8,69.3,30.0,0.7
13455,22335,1,lado,15,1,2,12,15,8,58.0,40.7,1.3
13455,22345,5,lado,20,0,1,19,17,0,78.7,19.3,2.0
13455,22345,4,lado,20,1,2,17,18,8,74.7,24.7,0.7
13455,22345,3,lado,20,1,1,18,19,8,70.0,29.3,0.7
13455,22345,1,lado,20,1,3,16,20,8,64.0,35.3,0.7
13455,22445,5,lado,15,0,1,14,13,0,76.7,20.7,2.7
13455,22445,4,lado,15,1,2,12,14,8,62.0,36.7,1.3
13455,22445,3,lado,15,1,3,11,14,8,58.7,40.7,0.7
13455,22445,1,lado,15,1,4,10,15,8,56.0,42.7,1.3
13455,23335,5,lado,15,0,0,15,13,0,81.3,18.7,0.0
13455,23335,4,lado,15,0,3,12,13,0,68.7,31.3,0.0
13455,23335,3,lado,15,1,0,14,14,8,64.0,35.3,0.7
13455,23335,1,lado,15,1,2,12,15,8,58.7,40.7,0.7
13455,23345,5,lado,20,0,1,19,17,0,74.0,24.0,2.0
13455,23345,4,lado,20,1,2,17,18,8,68.0,30.7,1.3
13455,23345,3,lado,20,1,1,18,19,8,66.0,34.0,0.0
13455,23345,1,lado,20,1,3,16,20,8,59.3,40.0,0.7
13455,23445,5,lado,20,0,1,19,17,0,74.0,22.7,3.3
13455,23445,3,lado,20,1,3,16,19,8,68.0,29.3,2.7
13455,23445,4,lado,20,1,2,17,18,8,66.0,33.3,0.7
13455,23445,1,lado,20,1,5,14,20,8,60.7,36.0,3.3
13455,24445,5,lado,15,0,1,14,13,0,70.0,26.7,3.3
13455,24445,4,lado,15,1,2,12,14,8,64.0,36.0,0.0
13455,24445,3,lado,15,1,3,11,14,8,58.7,40.7,0.7
13455,24445,1,lado,15,1,4,10,15,8,54.7,44.7,0.7
13455,33335,5,lado,10,0,0,10,9,0,82.0,18.0,0.0
13455,33335,4,lado,10,0,3,7,9,0,66.7,33.3,0.0
13455,33335,1,lado,10,1,1,8,10,8,66.7,32.7,0.7
13455,33335,3,lado,10,1,0,9,10,8,62.0,38.0,0.0
13455,33345,5,lado,15,0,1,14,13,0,80.0,18.7,1.3
13455,33345,4,lado,15,1,2,12,14,8,64.0,34.7,1.3
13455,33345,3,lado,15,1,1,13,15,8,57.3,42.7,0.0
13455,33345,1,lado,15,1,2,12,15,8,56.7,43.3,0.0
13455,33445,5,lado,15,0,1,14,13,0,73.3,24.0,2.7
13455,33445,4,lado,15,1,2,12,14,8,60.7,37.3,2.0
13455,33445,3,lado,15,1,3,11,15,8,55.3,44.0,0.7
13455,33445,1,lado,15,1,4,10,15,8,51.3,48.0,0.7
13455,34445,5,lado,15,0,1,14,13,0,69.3,27.3,3.3
13455,34445,4,lado,15,1,2,12,14,8,59.3,39.3,1.3
13455,34445,3,lado,15,1,3,11,15,8,52.0,47.3,0.7
13455,34445,1,lado,15,1,4,10,15,8,50.7,48.7,0.7
13455,44445,5,lado,10,0,1,9,9,0,69.3,30.7,0.0
13455,44445,3,lado,10,1,3,6,10,8,56.7,42.0,1.3
13455,44445,1,lado,10,1,3,6,10,8,56.7,42.0,1.3
13455,44445,4,lado,10,1,2,7,10,8,50.7,49.3,0.0
13555,12235,5,lado,20,0,0,20,17,0,83.3,16.7,0.0
13555,12235,3,lado,20,1,0,19,18,8,76.7,22.7,0.7
13555,12235,1,lado,20,1,2,17,20,8,70.0,30.0,0.0
13555,12245,5,lado,20,0,1,19,17,0,78.7,20.7,0.7
13555,12245,3,lado,20,1,1,18,18,8,76.7,22.7,0.7
13555,12245,1,lado,20,1,2,17,20,8,70.0,29.3,0.7
13555,12335,5,lado,20,0,0,20,17,0,81.3,18.7,0.0
13555,12335,3,lado,20,1,0,19,18,8,76.7,23.3,0.0
13555,12335,1,lado,20,1,2,17,20,8,70.0,30.0,0.0
13555,12345,5,lado,25,0,1,24,21,0,85.3,14.0,0.7
13555,12345,3,lado,25,1,1,23,23,8,70.7,29.3,0.0
13555,12345,1,lado,25,1,3,21,25,8,64.7,34.7,0.7
13555,12445,5,lado,20,0,1,19,17,0,78.7,21.3,0.0
13555,12445,3,lado,20,1,1,18,18,8,74.7,25.3,0.0
13555,12445,1,lado,20,1,2,17,20,8,68.7,31.3,0.0
13555,13335,5,lado,15,0,0,15,13,0,78.7,21.3,0.0
13555,13335,3,lado,15,1,0,14,14,8,60.0,40.0,0.0
13555,13335,1,lado,15,1,1,13,15,8,56.0,43.3,0.7
13555,13345,5,lado,20,0,1,19,17,0,76.0,23.3,0.7
13555,13345,3,lado,20,1,1,18,19,8,68.7,31.3,0.0
13555,13345,1,lado,20,1,2,17,20,8,66.7,32.7,0.7
13555,13445,5,lado,20,0,1,19,17,0,76.7,23.3,0.0
13555,13445,3,lado,20,1,1,18,19,8,69.3,30.7,0.0
13555,13445,1,lado,20,1,2,17,20,8,68.0,30.7,1.3
13555,14445,5,lado,15,0,1,14,13,0,79.3,20.7,0.0
13555,14445,3,lado,15,1,1,13,14,8,63.3,36.7,0.0
13555,14445,1,lado,15,1,1,13,15,8,59.3,40.7,0.0
13555,22335,5,lado,15,0,0,15,13,0,81.3,18.7,0.0
13555,22335,3,lado,15,1,0,14,14,8,65.3,34.7,0.0
13555,22335,1,lado,15,1,2,12,15,8,60.7,38.7,0.7
13555,22345,5,lado,20,0,1,19,17,0,80.7,18.7,0.7
13555,22345,3,lado,20,1,1,18,19,8,75.3,24.7,0.0
13555,22345,1,lado,20,1,3,16,20,8,68.7,30.7,0.7
13555,22445,5,lado,15,0,1,14,13,0,80.0,20.0,0.0
13555,22445,3,lado,15,1,1,13,14,8,66.0,34.0,0.0
13555,22445,1,lado,15,1,2,12,15,8,60.7,39.3,0.0
13555,23335,5,lado,15,0,0,15,13,0,77.3,22.7,0.0
13555,23335,3,lado,15,1,0,14,14,8,60.0,40.0,0.0
13555,23335,1,lado,15,1,2,12,15,8,55.3,44.0,0.7
13555,23345,5,lado,20,0,1,19,17,0,78.7,20.7,0.7
13555,23345,3,lado,20,1,1,18,19,8,70.0,30.0,0.0
13555,23345,1,lado,20,1,3,16,20,8,64.0,35.3,0.7
13555,23445,5,lado,20,0,1,19,17,0,80.0,20.0,0.0
13555,23445,3,lado,20,1,1,18,19,8,70.7,29.3,0.0
13555,23445,1,lado,20,1,3,16,20,8,65.3,33.3,1.3
13555,24445,5,lado,15,0,1,14,13,0,78.0,22.0,0.0
13555,24445,3,lado,15,1,1,13,14,8,62.0,38.0,0.0
13555,24445,1,lado,15,1,2,12,15,8,59.3,40.7,0.0
13555,33335,5,lado,10,0,0,10,9,0,79.3,20.7,0.0
13555,33335,3,lado,10,1,0,9,10,8,60.7,39.3,0.0
13555,33335,1,lado,10,1,1,8,10,8,56.0,42.7,1.3
13555,33345,5,lado,15,0,1,14,13,0,78.0,21.3,0.7
13555,33345,3,lado,15,1,1,13,15,8,56.7,42.7,0.7
13555,33345,1,lado,15,1,2,12,15,8,56.0,44.0,0.0
13555,33445,5,lado,15,0,1,14,13,0,80.7,19.3,0.0
13555,33445,3,lado,15,1,1,13,15,8,58.7,41.3,0.0
13555,33445,1,lado,15,1,2,12,15,8,57.3,42.7,0.0
13555,34445,5,lado,15,0,1,14,13,0,76.7,22.7,0.7
13555,34445,3,lado,15,1,1,13,15,8,57.3,42.7,0.0
13555,34445,1,lado,15,1,2,12,15,8,55.3,44.7,0.0
13555,44445,5,lado,10,0,1,9,9,0,81.3,18.0,0.7
13555,44445,3,lado,10,1,1,8,10,8,59.3,40.7,0.0
13555,44445,1,lado,10,1,1,8,10,8,59.3,40.7,0.0
14444,12234,4,lado,20,0,0,20,17,0,90.0,10.0,0.0
14444,12234,1,lado,20,1,2,17,20,8,78.7,21.3,0.0
14444,12235,4,lado,20,1,14,5,20,14,67.3,30.0,2.7
14444,12235,1,lado,20,3,16,1,20,8,58.7,40.7,0.7
14444,12334,4,lado,20,0,0,20,17,0,87.3,12.0,0.7
14444,12334,1,lado,20,1,2,17,20,8,82.7,17.3,0.0
14444,12335,4,lado,20,1,14,5,20,14,68.0,30.7,1.3
14444,12335,1,lado,20,3,16,1,20,8,57.3,38.0,4.7
14444,13334,4,lado,15,0,0,15,13,0,86.7,13.3,0.0
14444,13334,1,lado,15,1,1,13,15,8,72.7,27.3,0.0
14444,13335,4,lado,15,1,10,4,15,14,70.0,28.7,1.3
14444,13335,1,lado,15,2,12,1,15,8,52.7,43.3,4.0
14444,22334,4,lado,15,0,0,15,13,0,88.0,12.0,0.0
14444,22334,1,lado,15,1,2,12,15,8,74.7,25.3,0.0
14444,22335,4,lado,15,1,10,4,15,14,66.0,34.0,0.0
14444,22335,1,lado,15,3,12,0,15,8,56.7,39.3,4.0
14444,23334,4,lado,15,0,0,15,13,0,86.0,14.0,0.0
14444,23334,1,lado,15,1,2,12,15,8,71.3,28.7,0.0
14444,23335,4,lado,15,1,10,4,15,14,68.0,31.3,0.7
14444,23335,1,lado,15,3,12,0,15,8,57.3,38.0,4.7
14444,33334,4,lado,10,0,0,10,9,0,86.7,13.3,0.0
14444,33334,1,lado,10,1,1,8,10,8,83.3,16.7,0.0
14444,33335,4,lado,10,1,6,3,10,14,66.7,32.7,0.7
14444,33335,1,lado,10,2,8,0,10,8,64.7,34.0,1.3
14445,12235,4,lado,20,0,1,19,17,0,77.3,20.7,2.0
14445,12235,5,lado,20,0,1,19,20,0,75.3,24.7,0.0
14445,12235,1,lado,20,1,2,17,20,8,68.0,31.3,0.7
14445,12335,4,lado,20,0,1,19,17,0,77.3,22.0,0.7
14445,12335,5,lado,20,0,1,19,20,0,72.7,27.3,0.0
14445,12335,1,lado,20,1,2,17,20,8,68.0,32.0,0.0
14445,13335,5,lado,15,0,1,14,15,0,76.0,24.0,0.0
14445,13335,4,lado,15,0,1,14,13,0,74.0,25.3,0.7
14445,13335,1,lado,15,1,1,13,15,8,58.7,41.3,0.0
14445,22335,5,lado,15,0,1,14,15,0,77.3,22.0,0.7
14445,22335,4,lado,15,0,1,14,13,0,74.0,25.3,0.7
14445,22335,1,lado,15,1,2,12,15,8,62.7,36.7,0.7
14445,23335,4,lado,15,0,1,14,13,0,74.0,25.3,0.7
14445,23335,5,lado,15,0,1,14,15,0,73.3,26.0,0.7
14445,23335,1,lado,15,1,2,12,15,8,60.0,39.3,0.7
14445,33335,4,lado,10,0,1,9,9,0,74.0,26.0,0.0
14445,33335,5,lado,10,0,1,9,10,0,73.3,26.0,0.7
14445,33335,1,lado,10,1,1,8,10,8,70.0,28.7,1.3
14455,12235,5,lado,20,0,0,20,17,0,81.3,17.3,1.3
14455,12235,4,lado,20,0,1,19,17,0,79.3,20.0,0.7
14455,12235,1,lado,20,1,2,17,20,8,73.3,26.0,0.7
14455,12245,5,lado,20,0,1,19,17,0,80.0,19.3,0.7
14455,12245,4,lado,20,1,0,19,18,8,71.3,28.7,0.0
14455,12245,1,lado,20,1,2,17,20,8,68.7,31.3,0.0
14455,12335,5,lado,20,0,0,20,17,0,82.0,17.3,0.7
14455,12335,4,lado,20,0,1,19,17,0,79.3,20.7,0.0
14455,12335,1,lado,20,1,2,17,20,8,74.7,25.3,0.0
14455,12345,5,lado,25,0,1,24,21,0,85.3,14.0,0.7
14455,12345,1,lado,25,1,3,21,25,8,71.3,28.0,0.7
14455,12345,4,lado,25,1,0,24,22,8,70.7,29.3,0.0
14455,12445,5,lado,20,0,1,19,17,0,82.0,17.3,0.7
14455,12445,4,lado,20,1,2,17,18,8,68.7,30.7,0.7
14455,12445,1,lado,20,1,4,15,20,8,68.7,31.3,0.0
14455,13335,5,lado,15,0,0,15,13,0,81.3,18.7,0.0
14455,13335,4,lado,15,0,1,14,13,0,76.0,24.0,0.0
14455,13335,1,lado,15,1,1,13,15,8,62.7,36.7,0.7
14455,13345,5,lado,20,0,1,19,17,0,80.0,19.3,0.7
14455,13345,4,lado,20,1,0,19,18,8,71.3,28.7,0.0
14455,13345,1,lado,20,1,2,17,20,8,68.7,31.3,0.0
14455,13445,5,lado,20,0,1,19,17,0,82.0,17.3,0.7
14455,13445,4,lado,20,1,2,17,18,8,68.7,30.7,0.7
14455,13445,1,lado,20,1,4,15,20,8,68.7,31.3,0.0
14455,14445,5,lado,15,0,1,14,13,0,71.3,28.7,0.0
14455,14445,4,lado,15,1,2,12,14,8,62.0,37.3,0.7
14455,14445,1,lado,15,1,3,11,15,8,49.3,50.0,0.7
14455,22335,5,lado,15,0,0,15,13,0,84.0,16.0,0.0
14455,22335,4,lado,15,0,1,14,13,0,75.3,24.7,0.0
14455,22335,1,lado,15,1,2,12,15,8,66.0,33.3,0.7
14455,22345,5,lado,20,0,1,19,17,0,84.0,14.7,1.3
14455,22345,4,lado,20,1,0,19,18,8,76.0,24.0,0.0
14455,22345,1,lado,20,1,3,16,20,8,72.0,28.0,0.0
14455,22445,5,lado,15,0,1,14,13,0,76.0,24.0,0.0
14455,22445,4,lado,15,1,2,12,14,8,62.7,36.7,0.7
14455,22445,1,lado,15,1,4,10,15,8,55.3,44.7,0.0
14455,23335,5,lado,15,0,0,15,13,0,82.7,17.3,0.0
14455,23335,4,lado,15,0,1,14,13,0,76.0,24.0,0.0
14455,23335,1,lado,15,1,2,12,15,8,66.0,33.3,0.7
14455,23345,5,lado,20,0,1,19,17,0,81.3,18.0,0.7
14455,23345,4,lado,20,1,0,19,18,8,72.0,27.3,0.7
14455,23345,1,lado,20,1,3,16,20,8,68.0,32.0,0.0
14455,23445,5,lado,20,0,1,19,17,0,84.0,15.3,0.7
14455,23445,4,lado,20,1,2,17,18,8,70.7,28.7,0.7
14455,23445,1,lado,20,1,5,14,20,8,66.7,32.7,0.7
14455,24445,5,lado,15,0,1,14,13,0,70.0,30.0,0.0
14455,24445,4,lado,15,1,2,12,14,8,60.7,38.7,0.7
14455,24445,1,lado,15,1,4,10,15,8,48.7,50.7,0.7
14455,33335,5,lado,10,0,0,10,9,0,80.0,20.0,0.0
14455,33335,4,lado,10,0,1,9,9,0,76.7,23.3,0.0
14455,33335,1,lado,10,1,1,8,10,8,74.0,26.0,0.0
14455,33345,5,lado,15,0,1,14,13,0,82.0,17.3,0.7
14455,33345,4,lado,15,1,0,14,14,8,66.7,33.3,0.0
14455,33345,1,lado,15,1,2,12,15,8,63.3,36.7,0.0
14455,33445,5,lado,15,0,1,14,13,0,76.0,24.0,0.0
14455,33445,4,lado,15,1,2,12,14,8,62.7,36.7,0.7
14455,33445,1,lado,15,1,4,10,15,8,55.3,44.7,0.0
14455,34445,5,lado,15,0,1,14,13,0,70.0,30.0,0.0
14455,34445,4,lado,15,1,2,12,14,8,60.7,38.7,0.7
14455,34445,1,lado,15,1,4,10,15,8,48.7,50.7,0.7
14455,44445,5,lado,10,0,1,9,9,0,65.3,34.0,0.7
14455,44445,1,lado,10,1,3,6,10,8,55.3,44.0,0.7
14455,44445,4,lado,10,1,2,7,10,8,54.7,45.3,0.0
14555,12235,5,lado,20,0,0,20,17,0,85.3,14.7,0.0
14555,12235,4,lado,20,0,1,19,17,0,78.7,21.3,0.0
14555,12235,1,lado,20,1,2,17,20,8,72.0,27.3,0.7
14555,12245,5,lado,20,0,0,20,17,0,83.3,16.7,0.0
14555,12245,4,lado,20,1,0,19,18,8,76.7,22.7,0.7
14555,12245,1,lado,20,1,2,17,20,8,70.0,30.0,0.0
14555,12335,5,lado,20,0,0,20,17,0,84.7,15.3,0.0
14555,12335,4,lado,20,0,1,19,17,0,78.7,21.3,0.0
14555,12335,1,lado,20,1,2,17,20,8,72.0,27.3,0.7
14555,12345,5,lado,25,0,0,25,21,0,86.0,14.0,0.0
14555,12345,4,lado,25,1,0,24,22,8,72.7,27.3,0.0
14555,12345,1,lado,25,1,3,21,25,8,70.0,29.3,0.7
14555,12445,5,lado,20,0,0,20,17,0,81.3,18.7,0.0
14555,12445,4,lado,20,1,0,19,18,8,76.7,23.3,0.0
14555,12445,1,lado,20,1,2,17,20,8,70.0,30.0,0.0
14555,13335,5,lado,15,0,0,15,13,0,85.3,14.7,0.0
14555,13335,4,lado,15,0,1,14,13,0,72.7,27.3,0.0
14555,13335,1,lado,15,1,1,13,15,8,65.3,34.7,0.0
14555,13345,5,lado,20,0,0,20,17,0,83.3,16.7,0.0
14555,13345,4,lado,20,1,0,19,18,8,76.7,22.7,0.7
14555,13345,1,lado,20,1,2,17,20,8,70.0,30.0,0.0
14555,13445,5,lado,20,0,0,20,17,0,81.3,18.7,0.0
14555,13445,4,lado,20,1,0,19,18,8,76.7,23.3,0.0
14555,13445,1,lado,20,1,2,17,20,8,70.0,30.0,0.0
14555,14445,5,lado,15,0,0,15,13,0,78.7,21.3,0.0
14555,14445,4,lado,15,1,0,14,14,8,60.0,40.0,0.0
14555,14445,1,lado,15,1,1,13,15,8,56.0,43.3,0.7
14555,22335,5,lado,15,0,0,15,13,0,86.7,13.3,0.0
14555,22335,4,lado,15,0,1,14,13,0,76.0,24.0,0.0
14555,22335,1,lado,15,1,2,12,15,8,65.3,34.7,0.0
14555,22345,5,lado,20,0,0,20,17,0,85.3,14.7,0.0
14555,22345,4,lado,20,1,0,19,18,8,77.3,22.0,0.7
14555,22345,1,lado,20,1,3,16,20,8,74.7,25.3,0.0
14555,22445,5,lado,15,0,0,15,13,0,81.3,18.7,0.0
14555,22445,4,lado,15,1,0,14,14,8,65.3,34.7,0.0
14555,22445,1,lado,15,1,2,12,15,8,60.7,38.7,0.7
14555,23335,5,lado,15,0,0,15,13,0,86.0,14.0,0.0
14555,23335,4,lado,15,0,1,14,13,0,74.0,25.3,0.7
14555,23335,1,lado,15,1,2,12,15,8,66.0,34.0,0.0
14555,23345,5,lado,20,0,0,20,17,0,84.7,15.3,0.0
14555,23345,4,lado,20,1,0,19,18,8,77.3,22.0,0.7
14555,23345,1,lado,20,1,3,16,20,8,70.0,30.0,0.0
14555,23445,5,lado,20,0,0,20,17,0,84.7,15.3,0.0
14555,23445,4,lado,20,1,0,19,18,8,77.3,22.7,0.0
14555,23445,1,lado,20,1,3,16,20,8,67.3,32.7,0.0
14555,24445,5,lado,15,0,0,15,13,0,77.3,22.7,0.0
14555,24445,4,lado,15,1,0,14,14,8,60.0,40.0,0.0
14555,24445,1,lado,15,1,2,12,15,8,55.3,44.0,0.7
14555,33335,5,lado,10,0,0,10,9,0,85.3,14.7,0.0
14555,33335,4,lado,10,0,1,9,9,0,74.7,25.3,0.0
14555,33335,1,lado,10,1,1,8,10,8,74.0,26.0,0.0
14555,33345,5,lado,15,0,0,15,13,0,82.7,17.3,0.0
14555,33345,4,lado,15,1,0,14,14,8,72.0,28.0,0.0
14555,33345,1,lado,15,1,2,12,15,8,67.3,32.7,0.0
14555,33445,5,lado,15,0,0,15,13,0,81.3,18.7,0.0
14555,33445,4,lado,15,1,0,14,14,8,65.3,34.7,0.0
14555,33445,1,lado,15,1,2,12,15,8,60.7,38.7,0.7
14555,34445,5,lado,15,0,0,15,13,0,77.3,22.7,0.0
14555,34445,4,lado,15,1,0,14,14,8,60.0,40.0,0.0
14555,34445,1,lado,15,1,2,12,15,8,55.3,44.0,0.7
14555,44445,5,lado,10,0,0,10,9,0,79.3,20.7,0.0
14555,44445,4,lado,10,1,0,9,10,8,60.7,39.3,0.0
14555,44445,1,lado,10,1,1,8,10,8,56.0,42.7,1.3
15555,12235,5,lado,20,0,0,20,17,0,90.0,10.0,0.0
15555,12235,1,lado,20,1,2,17,20,8,78.7,21.3,0.0
15555,12245,5,lado,20,0,0,20,17,0,90.0,10.0,0.0
15555,12245,1,lado,20,1,2,17,20,8,78.7,21.3,0.0
15555,12335,5,lado,20,0,0,20,17,0,87.3,12.0,0.7
15555,12335,1,lado,20,1,2,17,20,8,82.7,17.3,0.0
15555,12345,5,lado,25,0,0,25,21,0,85.3,14.0,0.7
15555,12345,1,lado,25,1,3,21,25,8,78.7,20.0,1.3
15555,12445,5,lado,20,0,0,20,17,0,87.3,12.0,0.7
15555,12445,1,lado,20,1,2,17,20,8,82.7,17.3,0.0
15555,13335,5,lado,15,0,0,15,13,0,86.7,13.3,0.0
15555,13335,1,lado,15,1,1,13,15,8,72.7,27.3,0.0
15555,13345,5,lado,20,0,0,20,17,0,90.0,10.0,0.0
15555,13345,1,lado,20,1,2,17,20,8,78.7,21.3,0.0
15555,13445,5,lado,20,0,0,20,17,0,87.3,12.0,0.7
15555,13445,1,lado,20,1,2,17,20,8,82.7,17.3,0.0
15555,14445,5,lado,15,0,0,15,13,0,86.7,13.3,0.0
15555,14445,1,lado,15,1,1,13,15,8,72.7,27.3,0.0
15555,22335,5,lado,15,0,0,15,13,0,88.0,12.0,0.0
15555,22335,1,lado,15,1,2,12,15,8,74.7,25.3,0.0
15555,22345,5,lado,20,0,0,20,17,0,88.0,11.3,0.7
15555,22345,1,lado,20,1,3,16,20,8,84.0,16.0,0.0
15555,22445,5,lado,15,0,0,15,13,0,88.0,12.0,0.0
15555,22445,1,lado,15,1,2,12,15,8,74.7,25.3,0.0
15555,23335,5,lado,15,0,0,15,13,0,86.0,14.0,0.0
15555,23335,1,lado,15,1,2,12,15,8,71.3,28.7,0.0
15555,23345,5,lado,20,0,0,20,17,0,90.7,9.3,0.0
15555,23345,1,lado,20,1,3,16,20,8,78.7,21.3,0.0
15555,23445,5,lado,20,0,0,20,17,0,87.3,12.0,0.7
15555,23445,1,lado,20,1,3,16,20,8,82.0,18.0,0.0
15555,24445,5,lado,15,0,0,15,13,0,86.0,14.0,0.0
15555,24445,1,lado,15,1,2,12,15,8,71.3,28.7,0.0
15555,33335,5,lado,10,0,0,10,9,0,86.7,13.3,0.0
15555,33335,1,lado,10,1,1,8,10,8,83.3,16.7,0.0
15555,33345,5,lado,15,0,0,15,13,0,87.3,12.7,0.0
15555,33345,1,lado,15,1,2,12,15,8,77.3,22.7,0.0
15555,33445,5,lado,15,0,0,15,13,0,88.0,12.0,0.0
15555,33445,1,lado,15,1,2,12,15,8,74.7,25.3,0.0
15555,34445,5,lado,15,0,0,15,13,0,86.0,14.0,0.0
15555,34445,1,lado,15,1,2,12,15,8,71.3,28.7,0.0
15555,44445,5,lado,10,0,0,10,9,0,86.7,13.3,0.0
15555,44445,1,lado,10,1,1,8,10,8,83.3,16.7,0.0
22335,11344,3,lado,15,1,0,14,14,12,57.3,40.7,2.0
22335,11344,5,lado,15,0,2,13,15,0,52.7,46.0,1.3
22335,11344,2,lado,15,2,0,13,14,12,52.7,45.3,2.0
22335,11444,5,lado,10,0,2,8,10,0,58.0,40.7,1.3
22335,11444,3,lado,10,1,0,9,9,12,56.7,41.3,2.0
22335,11444,2,lado,10,1,0,9,9,12,56.0,41.3,2.7
22335,13344,5,lado,15,0,2,13,15,0,51.3,48.0,0.7
22335,13344,3,lado,15,1,0,14,14,12,44.7,55.3,0.0
22335,13344,2,lado,15,2,0,13,14,12,40.0,58.7,1.3
22335,13444,5,lado,15,0,2,13,15,0,46.7,52.7,0.7
22335,13444,3,lado,15,1,0,14,14,12,44.0,55.3,0.7
22335,13444,2,lado,15,2,0,13,14,12,42.0,55.3,2.7
22335,14444,5,lado,10,0,2,8,10,0,48.0,51.3,0.7
22335,14444,3,lado,10,1,0,9,9,12,44.0,52.7,3.3
22335,14444,2,lado,10,1,0,9,9,12,42.7,56.0,1.3
22335,33344,5,lado,10,0,2,8,10,0,45.3,54.7,0.0
22335,33344,3,lado,10,1,0,9,10,12,39.3,60.7,0.0
22335,33344,2,lado,10,2,0,8,10,12,36.7,63.3,0.0
22335,33444,5,lado,10,0,2,8,10,0,43.3,56.7,0.0
22335,33444,3,lado,10,1,0,9,10,12,39.3,60.7,0.0
22335,33444,2,lado,10,2,0,8,10,12,34.7,65.3,0.0
22335,34444,5,lado,10,0,2,8,10,0,40.7,59.3,0.0
22335,34444,3,lado,10,1,0,9,10,12,35.3,64.0,0.7
22335,34444,2,lado,10,2,0,8,10,12,33.3,66.7,0.0
22335,44444,5,lado,5,0,2,3,5,0,42.0,58.0,0.0
22335,44444,2,lado,5,1,0,4,5,12,35.3,64.7,0.0
22335,44444,3,lado,5,1,0,4,5,12,34.7,65.3,0.0
22344,11334,4,lado,15,0,1,14,13,0,70.7,28.0,1.3
22344,11334,3,lado,15,1,2,12,14,8,64.7,34.7,0.7
22344,11334,2,lado,15,1,3,11,14,8,60.0,39.3,0.7
22344,13334,4,lado,15,0,1,14,13,0,67.3,30.7,2.0
22344,13334,2,lado,15,1,3,11,14,8,58.7,40.7,0.7
22344,13334,3,lado,15,1,2,12,14,8,58.0,41.3,0.7
22344,33334,4,lado,10,0,1,9,9,0,62.7,36.0,1.3
22344,33334,2,lado,10,1,3,6,10,8,56.7,42.0,1.3
22344,33334,3,lado,10,1,2,7,10,8,54.0,46.0,0.0
22355,11335,5,lado,15,0,1,14,13,0,70.7,28.0,1.3
22355,11335,3,lado,15,1,2,12,14,8,64.7,34.7,0.7
22355,11335,2,lado,15,1,3,11,14,8,60.0,39.3,0.7
22355,11345,5,lado,20,0,1,19,17,0,74.7,24.7,0.7
22355,11345,3,lado,20,2,2,16,19,8,64.7,35.3,0.0
22355,11345,2,lado,20,2,3,15,19,8,62.0,36.7,1.3
22355,11445,5,lado,15,0,1,14,13,0,68.0,30.0,2.0
22355,11445,3,lado,15,2,2,11,14,8,58.7,40.0,1.3
22355,11445,2,lado,15,2,2,11,14,8,58.0,40.7,1.3
22355,13335,5,lado,15,0,1,14,13,0,67.3,30.7,2.0
22355,13335,2,lado,15,1,3,11,14,8,58.7,40.7,0.7
22355,13335,3,lado,15,1,2,12,14,8,58.0,41.3,0.7
22355,13345,5,lado,20,0,1,19,17,0,69.3,26.7,4.0
22355,13345,3,lado,20,2,2,16,19,8,60.7,38.7,0.7
22355,13345,2,lado,20,2,3,15,19,8,54.7,42.7,2.7
22355,13445,5,lado,20,0,1,19,17,0,70.0,28.0,2.0
22355,13445,3,lado,20,2,2,16,19,8,62.7,36.7,0.7
22355,13445,2,lado,20,3,2,15,19,8,55.3,42.7,2.0
22355,14445,5,lado,15,0,1,14,13,0,62.0,36.0,2.0
22355,14445,2,lado,15,2,2,11,14,8,57.3,41.3,1.3
22355,14445,3,lado,15,2,2,11,14,8,52.7,46.0,1.3
22355,33335,5,lado,10,0,1,9,9,0,62.7,36.0,1.3
22355,33335,2,lado,10,1,3,6,10,8,56.7,42.0,1.3
22355,33335,3,lado,10,1,2,7,10,8,54.0,46.0,0.0
22355,33345,5,lado,15,0,1,14,13,0,67.3,31.3,1.3
22355,33345,3,lado,15,2,2,11,15,8,48.0,52.0,0.0
22355,33345,2,lado,15,2,3,10,15,8,43.3,54.0,2.7
22355,33445,5,lado,15,0,1,14,13,0,62.7,36.0,1.3
22355,33445,3,lado,15,2,2,11,15,8,44.7,54.7,0.7
22355,33445,2,lado,15,3,2,10,15,8,44.0,53.3,2.7
22355,34445,5,lado,15,0,1,14,13,0,57.3,38.7,4.0
22355,34445,3,lado,15,2,2,11,15,8,47.3,52.7,0.0
22355,34445,2,lado,15,3,2,10,15,8,46.7,52.7,0.7
22355,44445,2,lado,10,2,2,6,10,8,54.7,44.7,0.7
22355,44445,5,lado,10,0,1,9,9,0,52.0,40.7,7.3
22355,44445,3,lado,10,2,2,6,10,8,51.3,47.3,1.3
22444,11334,4,lado,15,0,1,14,13,0,82.7,17.3,0.0
22444,11334,2,lado,15,1,1,13,14,8,67.3,32.7,0.0
22444,11335,4,lado,15,1,10,4,15,14,62.7,33.3,4.0
22444,11335,2,lado,15,2,12,1,15,8,54.0,41.3,4.7
22444,13334,4,lado,15,0,1,14,13,0,86.0,14.0,0.0
22444,13334,2,lado,15,1,1,13,14,8,64.7,35.3,0.0
22444,13335,4,lado,15,1,10,4,15,14,60.7,37.3,2.0
22444,13335,2,lado,15,2,12,1,15,8,50.7,44.7,4.7
22444,33334,4,lado,10,0,1,9,9,0,80.0,19.3,0.7
22444,33334,2,lado,10,1,1,8,10,8,59.3,40.7,0.0
22444,33335,4,lado,10,1,6,3,10,14,52.0,45.3,2.7
22444,33335,2,lado,10,2,8,0,10,8,40.7,57.3,2.0
22445,11335,5,lado,15,1,0,14,15,14,76.0,23.3,0.7
22445,11335,4,lado,15,0,3,12,13,0,71.3,27.3,1.3
22445,11335,2,lado,15,1,1,13,14,8,60.0,36.0,4.0
22445,13335,5,lado,15,1,0,14,15,14,68.0,28.7,3.3
22445,13335,4,lado,15,0,3,12,13,0,67.3,29.3,3.3
22445,13335,2,lado,15,1,1,13,14,8,58.0,40.7,1.3
22445,33335,4,lado,10,0,3,7,9,0,66.0,31.3,2.7
22445,33335,5,lado,10,1,0,9,10,14,58.0,38.7,3.3
22445,33335,2,lado,10,1,1,8,10,8,58.0,39.3,2.7
22455,11335,5,lado,15,0,1,14,13,0,80.0,20.0,0.0
22455,11335,4,lado,15,0,3,12,13,0,75.3,24.0,0.7
22455,11335,2,lado,15,1,1,13,14,8,66.0,33.3,0.7
22455,11345,5,lado,20,0,1,19,17,0,79.3,20.0,0.7
22455,11345,4,lado,20,1,2,17,18,8,74.7,25.3,0.0
22455,11345,2,lado,20,1,2,17,19,8,65.3,34.0,0.7
22455,11445,5,lado,15,0,1,14,13,0,70.7,28.0,1.3
22455,11445,4,lado,15,1,2,12,14,8,64.7,34.7,0.7
22455,11445,2,lado,15,1,3,11,14,8,60.0,39.3,0.7
22455,13335,5,lado,15,0,1,14,13,0,80.7,18.7,0.7
22455,13335,4,lado,15,0,3,12,13,0,70.7,28.0,1.3
22455,13335,2,lado,15,1,1,13,14,8,62.0,36.7,1.3
22455,13345,5,lado,20,0,1,19,17,0,77.3,20.0,2.7
22455,13345,4,lado,20,1,2,17,18,8,71.3,27.3,1.3
22455,13345,2,lado,20,1,2,17,19,8,66.0,32.7,1.3
22455,13445,5,lado,20,0,1,19,17,0,79.3,18.0,2.7
22455,13445,4,lado,20,1,2,17,18,8,70.7,27.3,2.0
22455,13445,2,lado,20,1,4,15,19,8,64.7,32.0,3.3
22455,14445,5,lado,15,0,1,14,13,0,67.3,30.7,2.0
22455,14445,2,lado,15,1,3,11,14,8,58.7,40.7,0.7
22455,14445,4,lado,15,1,2,12,14,8,58.0,41.3,0.7
22455,33335,5,lado,10,0,1,9,9,0,75.3,23.3,1.3
22455,33335,4,lado,10,0,3,7,9,0,68.7,31.3,0.0
22455,33335,2,lado,10,1,1,8,10,8,63.3,34.7,2.0
22455,33345,5,lado,15,0,1,14,13,0,75.3,22.7,2.0
22455,33345,4,lado,15,1,2,12,14,8,62.7,35.3,2.0
22455,33345,2,lado,15,1,2,12,15,8,56.7,42.7,0.7
22455,33445,5,lado,15,0,1,14,13,0,70.0,27.3,2.7
22455,33445,4,lado,15,1,2,12,14,8,58.7,40.0,1.3
22455,33445,2,lado,15,1,4,10,15,8,52.7,46.7,0.7
22455,34445,5,lado,15,0,1,14,13,0,64.7,33.3,2.0
22455,34445,4,lado,15,1,2,12,14,8,53.3,46.0,0.7
22455,34445,2,lado,15,1,4,10,15,8,50.0,49.3,0.7
22455,44445,5,lado,10,0,1,9,9,0,62.7,36.0,1.3
22455,44445,2,lado,10,1,3,6,10,8,56.7,42.0,1.3
22455,44445,4,lado,10,1,2,7,10,8,54.0,46.0,0.0
22555,11335,5,lado,15,0,1,14,13,0,82.7,17.3,0.0
22555,11335,2,lado,15,1,1,13,14,8,67.3,32.7,0.0
22555,11345,5,lado,20,0,1,19,17,0,87.3,12.7,0.0
22555,11345,2,lado,20,1,2,17,19,8,69.3,30.0,0.7
22555,11445,5,lado,15,0,1,14,13,0,82.7,17.3,0.0
22555,11445,2,lado,15,1,1,13,14,8,67.3,32.7,0.0
22555,13335,5,lado,15,0,1,14,13,0,86.0,14.0,0.0
22555,13335,2,lado,15,1,1,13,14,8,64.7,35.3,0.0
22555,13345,5,lado,20,0,1,19,17,0,88.0,12.0,0.0
22555,13345,2,lado,20,1,2,17,19,8,70.0,30.0,0.0
22555,13445,5,lado,20,0,1,19,17,0,87.3,12.7,0.0
22555,13445,2,lado,20,1,2,17,19,8,69.3,30.0,0.7
22555,14445,5,lado,15,0,1,14,13,0,86.0,14.0,0.0
22555,14445,2,lado,15,1,1,13,14,8,64.7,35.3,0.0
22555,33335,5,lado,10,0,1,9,9,0,80.0,19.3,0.7
22555,33335,2,lado,10,1,1,8,10,8,59.3,40.7,0.0
22555,33345,5,lado,15,0,1,14,13,0,83.3,16.7,0.0
22555,33345,2,lado,15,1,2,12,15,8,53.3,46.7,0.0
22555,33445,5,lado,15,0,1,14,13,0,84.0,16.0,0.0
22555,33445,2,lado,15,1,2,12,15,8,53.3,46.7,0.0
22555,34445,5,lado,15,0,1,14,13,0,82.7,17.3,0.0
22555,34445,2,lado,15,1,2,12,15,8,55.3,44.7,0.0
22555,44445,5,lado,10,0,1,9,9,0,80.0,19.3,0.7
22555,44445,2,lado,10,1,1,8,10,8,59.3,40.7,0.0
23335,11244,3,lado,15,1,0,14,13,12,70.7,29.3,0.0
23335,11244,2,lado,15,1,0,14,14,12,66.7,33.3,0.0
23335,11244,5,lado,15,0,2,13,15,0,66.0,32.0,2.0
23335,11344,3,lado,15,1,0,14,14,12,56.7,42.0,1.3
23335,11344,2,lado,15,2,0,13,14,12,55.3,43.3,1.3
23335,11344,5,lado,15,0,2,13,15,0,54.7,44.0,1.3
23335,11444,5,lado,10,0,2,8,10,0,58.0,41.3,0.7
23335,11444,2,lado,10,1,0,9,9,12,56.0,38.7,5.3
23335,11444,3,lado,10,1,0,9,9,12,55.3,41.3,3.3
23335,12344,2,lado,20,2,0,18,19,12,64.0,33.3,2.7
23335,12344,5,lado,20,0,2,18,20,0,61.3,37.3,1.3
23335,12344,3,lado,20,1,0,19,18,12,61.3,37.3,1.3
23335,12444,5,lado,15,0,2,13,15,0,58.0,38.0,4.0
23335,12444,2,lado,15,1,0,14,14,12,56.7,40.7,2.7
23335,12444,3,lado,15,1,0,14,13,12,56.0,41.3,2.7
23335,13344,5,lado,15,0,2,13,15,0,56.0,44.0,0.0
23335,13344,3,lado,15,1,0,14,14,12,48.0,52.0,0.0
23335,13344,2,lado,15,2,0,13,14,12,48.0,50.0,2.0
23335,13444,5,lado,15,0,2,13,15,0,50.0,49.3,0.7
23335,13444,2,lado,15,2,0,13,14,12,48.7,49.3,2.0
23335,13444,3,lado,15,1,0,14,14,12,48.0,51.3,0.7
23335,14444,5,lado,10,0,2,8,10,0,47.3,52.7,0.0
23335,14444,3,lado,10,1,0,9,9,12,42.7,55.3,2.0
23335,14444,2,lado,10,1,0,9,9,12,42.0,53.3,4.7
23335,23344,5,lado,15,0,2,13,15,0,58.7,41.3,0.0
23335,23344,3,lado,15,1,0,14,14,12,46.7,53.3,0.0
23335,23344,2,lado,15,2,0,13,15,12,41.3,58.7,0.0
23335,23444,5,lado,15,0,2,13,15,0,51.3,47.3,1.3
23335,23444,3,lado,15,1,0,14,14,12,47.3,52.0,0.7
23335,23444,2,lado,15,2,0,13,15,12,46.7,52.7,0.7
23335,24444,5,lado,10,0,2,8,10,0,48.7,51.3,0.0
23335,24444,2,lado,10,1,0,9,10,12,44.7,54.7,0.7
23335,24444,3,lado,10,1,0,9,9,12,44.0,54.7,1.3
23335,33344,5,lado,10,0,2,8,10,0,44.0,55.3,0.7
23335,33344,2,lado,10,2,0,8,10,12,42.7,57.3,0.0
23335,33344,3,lado,10,1,0,9,10,12,40.7,59.3,0.0
23335,33444,5,lado,10,0,2,8,10,0,44.0,55.3,0.7
23335,33444,2,lado,10,2,0,8,10,12,43.3,56.7,0.0
23335,33444,3,lado,10,1,0,9,10,12,40.0,60.0,0.0
23335,34444,2,lado,10,2,0,8,10,12,42.0,58.0,0.0
23335,34444,5,lado,10,0,2,8,10,0,40.0,60.0,0.0
23335,34444,3,lado,10,1,0,9,10,12,35.3,64.7,0.0
23335,44444,5,lado,5,0,2,3,5,0,39.3,60.7,0.0
23335,44444,2,lado,5,1,0,4,5,12,38.7,61.3,0.0
23335,44444,3,lado,5,1,0,4,5,12,35.3,64.7,0.0
23344,11234,4,lado,20,0,1,19,17,0,84.0,16.0,0.0
23344,11234,2,lado,20,1,1,18,19,8,76.7,23.3,0.0
23344,11234,3,lado,20,1,0,19,18,8,73.3,26.7,0.0
23344,11334,4,lado,15,0,1,14,13,0,74.7,24.7,0.7
23344,11334,3,lado,15,1,2,12,14,8,62.7,36.7,0.7
23344,11334,2,lado,15,1,3,11,14,8,62.0,38.0,0.0
23344,12334,4,lado,20,0,1,19,17,0,82.0,18.0,0.0
23344,12334,2,lado,20,1,3,16,19,8,72.7,27.3,0.0
23344,12334,3,lado,20,1,2,17,18,8,68.0,31.3,0.7
23344,13334,4,lado,15,0,1,14,13,0,71.3,28.7,0.0
23344,13334,3,lado,15,1,2,12,14,8,62.7,36.7,0.7
23344,13334,2,lado,15,1,3,11,14,8,55.3,44.0,0.7
23344,23334,4,lado,15,0,1,14,13,0,71.3,28.7,0.0
23344,23334,3,lado,15,1,2,12,14,8,62.0,37.3,0.7
23344,23334,2,lado,15,1,3,11,15,8,49.3,50.0,0.7
23344,33334,4,lado,10,0,1,9,9,0,65.3,34.0,0.7
23344,33334,2,lado,10,1,3,6,10,8,55.3,44.0,0.7
23344,33334,3,lado,10,1,2,7,10,8,54.7,45.3,0.0
23355,11235,5,lado,20,0,1,19,17,0,84.0,16.0,0.0
23355,11235,2,lado,20,1,1,18,19,8,76.7,23.3,0.0
23355,11235,3,lado,20,1,0,19,18,8,73.3,26.7,0.0
23355,11245,5,lado,20,0,1,19,17,0,75.3,23.3,1.3
23355,11245,2,lado,20,1,3,16,19,8,75.3,24.7,0.0
23355,11245,3,lado,20,1,3,16,18,8,67.3,32.0,0.7
23355,11335,5,lado,15,0,1,14,13,0,74.7,24.7,0.7
23355,11335,3,lado,15,1,2,12,14,8,62.7,36.7,0.7
23355,11335,2,lado,15,1,3,11,14,8,62.0,38.0,0.0
23355,11345,5,lado,20,0,1,19,17,0,73.3,25.3,1.3
23355,11345,2,lado,20,2,3,15,19,8,66.0,34.0,0.0
23355,11345,3,lado,20,1,3,16,19,8,63.3,35.3,1.3
23355,11445,5,lado,15,0,1,14,13,0,69.3,28.7,2.0
23355,11445,3,lado,15,2,2,11,14,8,58.7,40.0,1.3
23355,11445,2,lado,15,2,2,11,14,8,58.7,40.0,1.3
23355,12335,5,lado,20,0,1,19,17,0,82.0,18.0,0.0
23355,12335,2,lado,20,1,3,16,19,8,72.7,27.3,0.0
23355,12335,3,lado,20,1,2,17,18,8,68.0,31.3,0.7
23355,12345,5,lado,25,0,1,24,21,0,76.7,23.3,0.0
23355,12345,2,lado,25,2,3,20,24,8,63.3,36.7,0.0
23355,12345,3,lado,25,1,3,21,23,8,58.7,40.7,0.7
23355,12445,5,lado,20,0,1,19,17,0,74.0,24.0,2.0
23355,12445,2,lado,20,2,2,16,19,8,71.3,28.7,0.0
23355,12445,3,lado,20,2,2,16,18,8,64.7,33.3,2.0
23355,13335,5,lado,15,0,1,14,13,0,71.3,28.7,0.0
23355,13335,3,lado,15,1,2,12,14,8,62.7,36.7,0.7
23355,13335,2,lado,15,1,3,11,14,8,55.3,44.0,0.7
23355,13345,5,lado,20,0,1,19,17,0,70.0,26.7,3.3
23355,13345,2,lado,20,2,3,15,19,8,62.7,37.3,0.0
23355,13345,3,lado,20,1,3,16,19,8,56.7,42.7,0.7
23355,13445,5,lado,20,0,1,19,17,0,68.7,28.0,3.3
23355,13445,2,lado,20,3,2,15,19,8,63.3,36.0,0.7
23355,13445,3,lado,20,2,2,16,19,8,56.7,41.3,2.0
23355,14445,5,lado,15,0,1,14,13,0,63.3,34.0,2.7
23355,14445,3,lado,15,2,2,11,14,8,58.0,40.7,1.3
23355,14445,2,lado,15,2,2,11,14,8,52.7,46.0,1.3
23355,23335,5,lado,15,0,1,14,13,0,71.3,28.7,0.0
23355,23335,3,lado,15,1,2,12,14,8,62.0,37.3,0.7
23355,23335,2,lado,15,1,3,11,15,8,49.3,50.0,0.7
23355,23345,5,lado,20,0,1,19,17,0,67.3,30.0,2.7
23355,23345,2,lado,20,2,3,15,20,8,60.0,40.0,0.0
23355,23345,3,lado,20,1,3,16,19,8,55.3,43.3,1.3
23355,23445,5,lado,20,0,1,19,17,0,68.0,29.3,2.7
23355,23445,2,lado,20,3,2,15,20,8,61.3,37.3,1.3
23355,23445,3,lado,20,2,2,16,19,8,57.3,41.3,1.3
23355,24445,5,lado,15,0,1,14,13,0,62.7,34.7,2.7
23355,24445,3,lado,15,2,2,11,14,8,58.7,40.0,1.3
23355,24445,2,lado,15,2,2,11,15,8,47.3,52.7,0.0
23355,33335,5,lado,10,0,1,9,9,0,65.3,34.0,0.7
23355,33335,2,lado,10,1,3,6,10,8,55.3,44.0,0.7
23355,33335,3,lado,10,1,2,7,10,8,54.7,45.3,0.0
23355,33345,5,lado,15,0,1,14,13,0,69.3,29.3,1.3
23355,33345,3,lado,15,1,3,11,15,8,47.3,51.3,1.3
23355,33345,2,lado,15,2,3,10,15,8,47.3,52.0,0.7
23355,33445,5,lado,15,0,1,14,13,0,63.3,34.7,2.0
23355,33445,3,lado,15,2,2,11,15,8,49.3,48.7,2.0
23355,33445,2,lado,15,3,2,10,15,8,47.3,50.7,2.0
23355,34445,5,lado,15,0,1,14,13,0,57.3,38.0,4.7
23355,34445,3,lado,15,2,2,11,15,8,46.7,52.0,1.3
23355,34445,2,lado,15,3,2,10,15,8,45.3,54.0,0.7
23355,44445,3,lado,10,2,2,6,10,8,54.7,44.7,0.7
23355,44445,5,lado,10,0,1,9,9,0,52.0,42.7,5.3
23355,44445,2,lado,10,2,2,6,10,8,51.3,47.3,1.3
23444,11234,4,lado,20,0,0,20,17,0,84.7,15.3,0.0
23444,11234,2,lado,20,1,1,18,19,8,80.0,20.0,0.0
23444,11234,3,lado,20,1,0,19,18,8,78.0,22.0,0.0
23444,11235,4,lado,20,1,14,5,20,14,74.0,25.3,0.7
23444,11235,3,lado,20,1,14,5,20,8,72.7,26.7,0.7
23444,11235,2,lado,20,2,16,2,20,8,69.3,29.3,1.3
23444,11334,4,lado,15,0,0,15,13,0,78.7,21.3,0.0
23444,11334,3,lado,15,1,0,14,14,8,69.3,30.7,0.0
23444,11334,2,lado,15,1,1,13,14,8,66.0,33.3,0.7
23444,11335,4,lado,15,1,10,4,15,14,62.7,36.0,1.3
23444,11335,3,lado,15,1,12,2,15,8,60.7,39.3,0.0
23444,11335,2,lado,15,2,12,1,15,8,56.0,41.3,2.7
23444,12334,4,lado,20,0,0,20,17,0,83.3,16.7,0.0
23444,12334,2,lado,20,1,1,18,19,8,77.3,22.7,0.0
23444,12334,3,lado,20,1,0,19,18,8,76.0,24.0,0.0
23444,12335,4,lado,20,1,14,5,20,14,74.0,24.7,1.3
23444,12335,3,lado,20,1,16,3,20,8,68.0,29.3,2.7
23444,12335,2,lado,20,2,16,2,20,8,66.0,32.7,1.3
23444,13334,4,lado,15,0,0,15,13,0,79.3,20.7,0.0
23444,13334,3,lado,15,1,0,14,14,8,64.7,35.3,0.0
23444,13334,2,lado,15,1,1,13,14,8,61.3,38.0,0.7
23444,13335,4,lado,15,1,10,4,15,14,58.7,40.0,1.3
23444,13335,3,lado,15,1,12,2,15,8,58.7,41.3,0.0
23444,13335,2,lado,15,2,12,1,15,8,55.3,43.3,1.3
23444,23334,4,lado,15,0,0,15,13,0,78.7,21.3,0.0
23444,23334,3,lado,15,1,0,14,14,8,60.0,40.0,0.0
23444,23334,2,lado,15,1,1,13,15,8,56.0,43.3,0.7
23444,23335,4,lado,15,1,10,4,15,14,58.7,40.7,0.7
23444,23335,3,lado,15,1,12,2,15,8,55.3,44.7,0.0
23444,23335,2,lado,15,2,12,1,15,8,47.3,50.7,2.0
23444,33334,4,lado,10,0,0,10,9,0,79.3,20.7,0.0
23444,33334,3,lado,10,1,0,9,10,8,60.7,39.3,0.0
23444,33334,2,lado,10,1,1,8,10,8,56.0,42.7,1.3
23444,33335,4,lado,10,1,6,3,10,14,52.0,44.7,3.3
23444,33335,3,lado,10,1,8,1,10,8,43.3,56.7,0.0
23444,33335,2,lado,10,2,8,0,10,8,42.0,56.7,1.3
23445,11235,4,lado,20,0,3,17,17,0,82.0,18.0,0.0
23445,11235,5,lado,20,0,1,19,20,0,78.7,20.7,0.7
23445,11235,2,lado,20,1,1,18,19,8,78.0,22.0,0.0
23445,11235,3,lado,20,1,0,19,18,8,74.7,25.3,0.0
23445,11335,4,lado,15,0,3,12,13,0,76.7,23.3,0.0
23445,11335,5,lado,15,0,1,14,15,0,75.3,24.7,0.0
23445,11335,3,lado,15,1,0,14,14,8,64.7,34.0,1.3
23445,11335,2,lado,15,1,1,13,14,8,64.0,34.0,2.0
23445,12335,4,lado,20,0,3,17,17,0,76.0,24.0,0.0
23445,12335,3,lado,20,1,0,19,18,8,74.0,26.0,0.0
23445,12335,2,lado,20,1,1,18,19,8,74.0,25.3,0.7
23445,12335,5,lado,20,0,1,19,20,0,73.3,26.0,0.7
23445,13335,4,lado,15,0,3,12,13,0,73.3,26.0,0.7
23445,13335,5,lado,15,0,1,14,15,0,67.3,31.3,1.3
23445,13335,3,lado,15,1,0,14,14,8,61.3,37.3,1.3
23445,13335,2,lado,15,1,1,13,14,8,58.7,41.3,0.0
23445,23335,4,lado,15,0,3,12,13,0,72.0,27.3,0.7
23445,23335,5,lado,15,0,1,14,15,0,66.7,32.7,0.7
23445,23335,3,lado,15,1,0,14,14,8,60.7,38.0,1.3
23445,23335,2,lado,15,1,1,13,15,8,55.3,44.7,0.0
23445,33335,4,lado,10,0,3,7,9,0,70.0,28.7,1.3
23445,33335,5,lado,10,0,1,9,10,0,65.3,34.7,0.0
23445,33335,2,lado,10,1,1,8,10,8,63.3,36.7,0.0
23445,33335,3,lado,10,1,0,9,10,8,62.0,37.3,0.7
23455,11235,5,lado,20,0,0,20,17,0,84.7,15.3,0.0
23455,11235,2,lado,20,1,1,18,19,8,80.7,19.3,0.0
23455,11235,3,lado,20,1,0,19,18,8,78.7,21.3,0.0
23455,11235,4,lado,20,0,1,19,17,0,78.0,22.0,0.0
23455,11245,5,lado,20,0,1,19,17,0,81.3,18.7,0.0
23455,11245,2,lado,20,1,1,18,19,8,73.3,26.7,0.0
23455,11245,4,lado,20,1,2,17,18,8,72.7,27.3,0.0
23455,11245,3,lado,20,1,1,18,18,8,68.7,30.7,0.7
23455,11335,5,lado,15,0,0,15,13,0,83.3,16.0,0.7
23455,11335,4,lado,15,0,3,12,13,0,72.7,27.3,0.0
23455,11335,3,lado,15,1,0,14,14,8,70.7,28.7,0.7
23455,11335,2,lado,15,1,1,13,14,8,66.7,33.3,0.0
23455,11345,5,lado,20,0,1,19,17,0,79.3,20.0,0.7
23455,11345,4,lado,20,1,2,17,18,8,72.7,27.3,0.0
23455,11345,3,lado,20,1,1,18,19,8,68.0,32.0,0.0
23455,11345,2,lado,20,1,2,17,19,8,67.3,32.7,0.0
23455,11445,5,lado,15,0,1,14,13,0,78.7,20.0,1.3
23455,11445,4,lado,15,1,2,12,14,8,62.7,36.0,1.3
23455,11445,3,lado,15,1,3,11,14,8,60.0,39.3,0.7
23455,11445,2,lado,15,1,3,11,14,8,60.0,39.3,0.7
23455,12335,5,lado,20,0,0,20,17,0,81.3,18.7,0.0
23455,12335,4,lado,20,0,3,17,17,0,79.3,20.0,0.7
23455,12335,2,lado,20,1,1,18,19,8,77.3,22.0,0.7
23455,12335,3,lado,20,1,0,19,18,8,75.3,24.0,0.7
23455,12345,5,lado,25,0,1,24,21,0,82.7,16.7,0.7
23455,12345,4,lado,25,1,2,22,22,8,69.3,30.7,0.0
23455,12345,3,lado,25,1,1,23,23,8,64.7,35.3,0.0
23455,12345,2,lado,25,1,2,22,24,8,64.7,35.3,0.0
23455,12445,5,lado,20,0,1,19,17,0,77.3,21.3,1.3
23455,12445,2,lado,20,1,3,16,19,8,70.7,27.3,2.0
23455,12445,3,lado,20,1,3,16,18,8,68.0,30.7,1.3
23455,12445,4,lado,20,1,2,17,18,8,66.0,33.3,0.7
23455,13335,5,lado,15,0,0,15,13,0,82.7,17.3,0.0
23455,13335,4,lado,15,0,3,12,13,0,69.3,30.7,0.0
23455,13335,3,lado,15,1,0,14,14,8,66.0,33.3,0.7
23455,13335,2,lado,15,1,1,13,14,8,60.7,38.7,0.7
23455,13345,5,lado,20,0,1,19,17,0,75.3,23.3,1.3
23455,13345,4,lado,20,1,2,17,18,8,68.7,30.0,1.3
23455,13345,2,lado,20,1,2,17,19,8,66.7,32.7,0.7
23455,13345,3,lado,20,1,1,18,19,8,64.7,35.3,0.0
23455,13445,5,lado,20,0,1,19,17,0,74.7,22.7,2.7
23455,13445,2,lado,20,1,4,15,19,8,68.0,29.3,2.7
23455,13445,3,lado,20,1,3,16,19,8,66.7,30.7,2.7
23455,13445,4,lado,20,1,2,17,18,8,64.0,35.3,0.7
23455,14445,5,lado,15,0,1,14,13,0,72.0,24.0,4.0
23455,14445,4,lado,15,1,2,12,14,8,66.0,34.0,0.0
23455,14445,3,lado,15,1,3,11,14,8,58.7,40.7,0.7
23455,14445,2,lado,15,1,3,11,14,8,58.7,40.7,0.7
23455,23335,5,lado,15,0,0,15,13,0,83.3,16.7,0.0
23455,23335,4,lado,15,0,3,12,13,0,67.3,32.7,0.0
23455,23335,3,lado,15,1,0,14,14,8,64.0,35.3,0.7
23455,23335,2,lado,15,1,1,13,15,8,56.7,42.7,0.7
23455,23345,5,lado,20,0,1,19,17,0,73.3,25.3,1.3
23455,23345,4,lado,20,1,2,17,18,8,67.3,31.3,1.3
23455,23345,3,lado,20,1,1,18,19,8,65.3,34.7,0.0
23455,23345,2,lado,20,1,2,17,20,8,60.7,38.7,0.7
23455,23445,5,lado,20,0,1,19,17,0,75.3,22.0,2.7
23455,23445,3,lado,20,1,3,16,19,8,67.3,30.0,2.7
23455,23445,4,lado,20,1,2,17,18,8,63.3,36.0,0.7
23455,23445,2,lado,20,1,4,15,20,8,62.7,35.3,2.0
23455,24445,5,lado,15,0,1,14,13,0,72.0,25.3,2.7
23455,24445,4,lado,15,1,2,12,14,8,64.7,35.3,0.0
23455,24445,3,lado,15,1,3,11,14,8,59.3,40.0,0.7
23455,24445,2,lado,15,1,3,11,15,8,52.7,46.7,0.7
23455,33335,5,lado,10,0,0,10,9,0,82.0,18.0,0.0
23455,33335,4,lado,10,0,3,7,9,0,66.7,33.3,0.0
23455,33335,2,lado,10,1,1,8,10,8,66.7,32.7,0.7
23455,33335,3,lado,10,1,0,9,10,8,62.0,38.0,0.0
23455,33345,5,lado,15,0,1,14,13,0,80.0,18.7,1.3
23455,33345,4,lado,15,1,2,12,14,8,64.0,34.7,1.3
23455,33345,3,lado,15,1,1,13,15,8,57.3,42.7,0.0
23455,33345,2,lado,15,1,2,12,15,8,56.7,43.3,0.0
23455,33445,5,lado,15,0,1,14,13,0,73.3,24.0,2.7
23455,33445,4,lado,15,1,2,12,14,8,60.7,37.3,2.0
23455,33445,3,lado,15,1,3,11,15,8,55.3,44.0,0.7
23455,33445,2,lado,15,1,4,10,15,8,51.3,48.0,0.7
23455,34445,5,lado,15,0,1,14,13,0,69.3,27.3,3.3
23455,34445,4,lado,15,1,2,12,14,8,59.3,39.3,1.3
23455,34445,3,lado,15,1,3,11,15,8,52.0,47.3,0.7
23455,34445,2,lado,15,1,4,10,15,8,50.7,48.7,0.7
23455,44445,5,lado,10,0,1,9,9,0,69.3,30.7,0.0
23455,44445,3,lado,10,1,3,6,10,8,56.7,42.0,1.3
23455,44445,2,lado,10,1,3,6,10,8,56.7,42.0,1.3
23455,44445,4,lado,10,1,2,7,10,8,50.7,49.3,0.0
23555,11235,5,lado,20,0,0,20,17,0,84.7,15.3,0.0
23555,11235,2,lado,20,1,1,18,19,8,80.0,20.0,0.0
23555,11235,3,lado,20,1,0,19,18,8,78.0,22.0,0.0
23555,11245,5,lado,20,0,1,19,17,0,80.7,19.3,0.0
23555,11245,2,lado,20,1,1,18,19,8,80.0,20.0,0.0
23555,11245,3,lado,20,1,1,18,18,8,76.0,23.3,0.7
23555,11335,5,lado,15,0,0,15,13,0,78.7,21.3,0.0
23555,11335,3,lado,15,1,0,14,14,8,69.3,30.7,0.0
23555,11335,2,lado,15,1,1,13,14,8,66.0,33.3,0.7
23555,11345,5,lado,20,0,1,19,17,0,79.3,20.7,0.0
23555,11345,2,lado,20,1,2,17,19,8,72.7,26.7,0.7
23555,11345,3,lado,20,1,1,18,19,8,72.0,27.3,0.7
23555,11445,5,lado,15,0,1,14,13,0,78.7,21.3,0.0
23555,11445,3,lado,15,1,1,13,14,8,67.3,32.7,0.0
23555,11445,2,lado,15,1,1,13,14,8,67.3,32.7,0.0
23555,12335,5,lado,20,0,0,20,17,0,83.3,16.7,0.0
23555,12335,2,lado,20,1,1,18,19,8,77.3,22.7,0.0
23555,12335,3,lado,20,1,0,19,18,8,76.0,24.0,0.0
23555,12345,5,lado,25,0,1,24,21,0,86.0,14.0,0.0
23555,12345,3,lado,25,1,1,23,23,8,69.3,30.7,0.0
23555,12345,2,lado,25,1,2,22,24,8,68.7,30.7,0.7
23555,12445,5,lado,20,0,1,19,17,0,80.7,19.3,0.0
23555,12445,2,lado,20,1,1,18,19,8,74.7,25.3,0.0
23555,12445,3,lado,20,1,1,18,18,8,72.7,27.3,0.0
23555,13335,5,lado,15,0,0,15,13,0,79.3,20.7,0.0
23555,13335,3,lado,15,1,0,14,14,8,64.7,35.3,0.0
23555,13335,2,lado,15,1,1,13,14,8,61.3,38.0,0.7
23555,13345,5,lado,20,0,1,19,17,0,79.3,20.0,0.7
23555,13345,2,lado,20,1,2,17,19,8,71.3,28.0,0.7
23555,13345,3,lado,20,1,1,18,19,8,69.3,30.7,0.0
23555,13445,5,lado,20,0,1,19,17,0,79.3,20.7,0.0
23555,13445,3,lado,20,1,1,18,19,8,71.3,28.7,0.0
23555,13445,2,lado,20,1,2,17,19,8,71.3,28.0,0.7
23555,14445,5,lado,15,0,1,14,13,0,81.3,18.7,0.0
23555,14445,3,lado,15,1,1,13,14,8,64.7,35.3,0.0
23555,14445,2,lado,15,1,1,13,14,8,64.7,35.3,0.0
23555,23335,5,lado,15,0,0,15,13,0,78.7,21.3,0.0
23555,23335,3,lado,15,1,0,14,14,8,60.0,40.0,0.0
23555,23335,2,lado,15,1,1,13,15,8,56.0,43.3,0.7
23555,23345,5,lado,20,0,1,19,17,0,76.0,23.3,0.7
23555,23345,3,lado,20,1,1,18,19,8,68.7,31.3,0.0
23555,23345,2,lado,20,1,2,17,20,8,66.7,32.7,0.7
23555,23445,5,lado,20,0,1,19,17,0,76.7,23.3,0.0
23555,23445,3,lado,20,1,1,18,19,8,69.3,30.7,0.0
23555,23445,2,lado,20,1,2,17,20,8,68.0,30.7,1.3
23555,24445,5,lado,15,0,1,14,13,0,79.3,20.7,0.0
23555,24445,3,lado,15,1,1,13,14,8,63.3,36.7,0.0
23555,24445,2,lado,15,1,1,13,15,8,59.3,40.7,0.0
23555,33335,5,lado,10,0,0,10,9,0,79.3,20.7,0.0
23555,33335,3,lado,10,1,0,9,10,8,60.7,39.3,0.0
23555,33335,2,lado,10,1,1,8,10,8,56.0,42.7,1.3
23555,33345,5,lado,15,0,1,14,13,0,78.0,21.3,0.7
23555,33345,3,lado,15,1,1,13,15,8,56.7,42.7,0.7
23555,33345,2,lado,15,1,2,12,15,8,56.0,44.0,0.0
23555,33445,5,lado,15,0,1,14,13,0,80.7,19.3,0.0
23555,33445,3,lado,15,1,1,13,15,8,58.7,41.3,0.0
23555,33445,2,lado,15,1,2,12,15,8,57.3,42.7,0.0
23555,34445,5,lado,15,0,1,14,13,0,76.7,22.7,0.7
23555,34445,3,lado,15,1,1,13,15,8,57.3,42.7,0.0
23555,34445,2,lado,15,1,2,12,15,8,55.3,44.7,0.0
23555,44445,5,lado,10,0,1,9,9,0,81.3,18.0,0.7
23555,44445,3,lado,10,1,1,8,10,8,59.3,40.7,0.0
23555,44445,2,lado,10,1,1,8,10,8,59.3,40.7,0.0
24444,11234,4,lado,20,0,0,20,17,0,92.0,8.0,0.0
24444,11234,2,lado,20,1,1,18,19,8,87.3,12.7,0.0
24444,11235,4,lado,20,1,14,5,20,14,72.0,28.0,0.0
24444,11235,2,lado,20,2,16,2,20,8,71.3,27.3,1.3
24444,11334,4,lado,15,0,0,15,13,0,85.3,14.7,0.0
24444,11334,2,lado,15,1,1,13,14,8,80.0,20.0,0.0
24444,11335,4,lado,15,1,10,4,15,14,70.7,29.3,0.0
24444,11335,2,lado,15,2,12,1,15,8,58.0,39.3,2.7
24444,12334,4,lado,20,0,0,20,17,0,89.3,10.7,0.0
24444,12334,2,lado,20,1,1,18,19,8,86.0,14.0,0.0
24444,12335,4,lado,20,1,14,5,20,14,71.3,28.0,0.7
24444,12335,2,lado,20,2,16,2,20,8,66.0,32.0,2.0
24444,13334,4,lado,15,0,0,15,13,0,89.3,10.7,0.0
24444,13334,2,lado,15,1,1,13,14,8,76.7,23.3,0.0
24444,13335,4,lado,15,1,10,4,15,14,72.0,27.3,0.7
24444,13335,2,lado,15,2,12,1,15,8,54.0,42.7,3.3
24444,23334,4,lado,15,0,0,15,13,0,86.7,13.3,0.0
24444,23334,2,lado,15,1,1,13,15,8,72.7,27.3,0.0
24444,23335,4,lado,15,1,10,4,15,14,70.0,28.7,1.3
24444,23335,2,lado,15,2,12,1,15,8,52.7,43.3,4.0
24444,33334,4,lado,10,0,0,10,9,0,86.7,13.3,0.0
24444,33334,2,lado,10,1,1,8,10,8,83.3,16.7,0.0
24444,33335,4,lado,10,1,6,3,10,14,66.7,32.7,0.7
24444,33335,2,lado,10,2,8,0,10,8,64.7,34.0,1.3
24445,11235,4,lado,20,0,1,19,17,0,82.0,17.3,0.7
24445,11235,5,lado,20,0,1,19,20,0,78.7,20.7,0.7
24445,11235,2,lado,20,1,1,18,19,8,75.3,24.7,0.0
24445,11335,5,lado,15,0,1,14,15,0,78.7,21.3,0.0
24445,11335,4,lado,15,0,1,14,13,0,76.7,22.0,1.3
24445,11335,2,lado,15,1,1,13,14,8,66.0,32.7,1.3
24445,12335,4,lado,20,0,1,19,17,0,79.3,20.0,0.7
24445,12335,5,lado,20,0,1,19,20,0,74.0,25.3,0.7
24445,12335,2,lado,20,1,1,18,19,8,74.0,26.0,0.0
24445,13335,5,lado,15,0,1,14,15,0,77.3,22.7,0.0
24445,13335,4,lado,15,0,1,14,13,0,74.7,24.7,0.7
24445,13335,2,lado,15,1,1,13,14,8,66.0,34.0,0.0
24445,23335,5,lado,15,0,1,14,15,0,76.0,24.0,0.0
24445,23335,4,lado,15,0,1,14,13,0,74.0,25.3,0.7
24445,23335,2,lado,15,1,1,13,15,8,58.7,41.3,0.0
24445,33335,4,lado,10,0,1,9,9,0,74.0,26.0,0.0
24445,33335,5,lado,10,0,1,9,10,0,73.3,26.0,0.7
24445,33335,2,lado,10,1,1,8,10,8,70.0,28.7,1.3
24455,11235,5,lado,20,0,0,20,17,0,88.0,12.0,0.0
24455,11235,2,lado,20,1,1,18,19,8,84.0,16.0,0.0
24455,11235,4,lado,20,0,1,19,17,0,81.3,18.0,0.7
24455,11245,5,lado,20,0,1,19,17,0,84.0,16.0,0.0
24455,11245,2,lado,20,1,1,18,19,8,76.7,23.3,0.0
24455,11245,4,lado,20,1,0,19,18,8,73.3,26.7,0.0
24455,11335,5,lado,15,0,0,15,13,0,84.7,15.3,0.0
24455,11335,4,lado,15,0,1,14,13,0,81.3,18.0,0.7
24455,11335,2,lado,15,1,1,13,14,8,75.3,24.0,0.7
24455,11345,5,lado,20,0,1,19,17,0,84.0,16.0,0.0
24455,11345,4,lado,20,1,0,19,18,8,74.0,26.0,0.0
24455,11345,2,lado,20,1,2,17,19,8,74.0,26.0,0.0
24455,11445,5,lado,15,0,1,14,13,0,74.7,24.7,0.7
24455,11445,4,lado,15,1,2,12,14,8,62.7,36.7,0.7
24455,11445,2,lado,15,1,3,11,14,8,62.0,38.0,0.0
24455,12335,5,lado,20,0,0,20,17,0,82.7,17.3,0.0
24455,12335,2,lado,20,1,1,18,19,8,81.3,18.7,0.0
24455,12335,4,lado,20,0,1,19,17,0,80.7,19.3,0.0
24455,12345,5,lado,25,0,1,24,21,0,86.7,12.7,0.7
24455,12345,2,lado,25,1,2,22,24,8,72.7,26.7,0.7
24455,12345,4,lado,25,1,0,24,22,8,69.3,30.7,0.0
24455,12445,5,lado,20,0,1,19,17,0,82.0,18.0,0.0
24455,12445,2,lado,20,1,3,16,19,8,72.7,27.3,0.0
24455,12445,4,lado,20,1,2,17,18,8,68.0,31.3,0.7
24455,13335,5,lado,15,0,0,15,13,0,84.7,15.3,0.0
24455,13335,4,lado,15,0,1,14,13,0,78.0,22.0,0.0
24455,13335,2,lado,15,1,1,13,14,8,70.7,28.7,0.7
24455,13345,5,lado,20,0,1,19,17,0,83.3,16.0,0.7
24455,13345,4,lado,20,1,0,19,18,8,73.3,26.7,0.0
24455,13345,2,lado,20,1,2,17,19,8,72.7,27.3,0.0
24455,13445,5,lado,20,0,1,19,17,0,83.3,16.0,0.7
24455,13445,2,lado,20,1,4,15,19,8,72.0,28.0,0.0
24455,13445,4,lado,20,1,2,17,18,8,68.7,30.7,0.7
24455,14445,5,lado,15,0,1,14,13,0,71.3,28.7,0.0
24455,14445,4,lado,15,1,2,12,14,8,62.7,36.7,0.7
24455,14445,2,lado,15,1,3,11,14,8,55.3,44.0,0.7
24455,23335,5,lado,15,0,0,15,13,0,81.3,18.7,0.0
24455,23335,4,lado,15,0,1,14,13,0,76.0,24.0,0.0
24455,23335,2,lado,15,1,1,13,15,8,62.7,36.7,0.7
24455,23345,5,lado,20,0,1,19,17,0,80.0,19.3,0.7
24455,23345,4,lado,20,1,0,19,18,8,71.3,28.7,0.0
24455,23345,2,lado,20,1,2,17,20,8,68.7,31.3,0.0
24455,23445,5,lado,20,0,1,19,17,0,82.0,17.3,0.7
24455,23445,4,lado,20,1,2,17,18,8,68.7,30.7,0.7
24455,23445,2,lado,20,1,4,15,20,8,68.7,31.3,0.0
24455,24445,5,lado,15,0,1,14,13,0,71.3,28.7,0.0
24455,24445,4,lado,15,1,2,12,14,8,62.0,37.3,0.7
24455,24445,2,lado,15,1,3,11,15,8,49.3,50.0,0.7
24455,33335,5,lado,10,0,0,10,9,0,80.0,20.0,0.0
24455,33335,4,lado,10,0,1,9,9,0,76.7,23.3,0.0
24455,33335,2,lado,10,1,1,8,10,8,74.0,26.0,0.0
24455,33345,5,lado,15,0,1,14,13,0,82.0,17.3,0.7
24455,33345,4,lado,15,1,0,14,14,8,66.7,33.3,0.0
24455,33345,2,lado,15,1,2,12,15,8,63.3,36.7,0.0
24455,33445,5,lado,15,0,1,14,13,0,76.0,24.0,0.0
24455,33445,4,lado,15,1,2,12,14,8,62.7,36.7,0.7
24455,33445,2,lado,15,1,4,10,15,8,55.3,44.7,0.0
24455,34445,5,lado,15,0,1,14,13,0,70.0,30.0,0.0
24455,34445,4,lado,15,1,2,12,14,8,60.7,38.7,0.7
24455,34445,2,lado,15,1,4,10,15,8,48.7,50.7,0.7
24455,44445,5,lado,10,0,1,9,9,0,65.3,34.0,0.7
24455,44445,2,lado,10,1,3,6,10,8,55.3,44.0,0.7
24455,44445,4,lado,10,1,2,7,10,8,54.7,45.3,0.0
24555,11235,5,lado,20,0,0,20,17,0,87.3,12.7,0.0
24555,11235,4,lado,20,0,1,19,17,0,82.7,17.3,0.0
24555,11235,2,lado,20,1,1,18,19,8,80.7,19.3,0.0
24555,11245,5,lado,20,0,0,20,17,0,84.7,15.3,0.0
24555,11245,2,lado,20,1,1,18,19,8,80.0,20.0,0.0
24555,11245,4,lado,20,1,0,19,18,8,78.0,22.0,0.0
24555,11335,5,lado,15,0,0,15,13,0,86.7,13.3,0.0
24555,11335,4,lado,15,0,1,14,13,0,78.0,22.0,0.0
24555,11335,2,lado,15,1,1,13,14,8,74.7,24.7,0.7
24555,11345,5,lado,20,0,0,20,17,0,84.7,15.3,0.0
24555,11345,4,lado,20,1,0,19,18,8,80.0,20.0,0.0
24555,11345,2,lado,20,1,2,17,19,8,76.0,24.0,0.0
24555,11445,5,lado,15,0,0,15,13,0,78.7,21.3,0.0
24555,11445,4,lado,15,1,0,14,14,8,69.3,30.7,0.0
24555,11445,2,lado,15,1,1,13,14,8,66.0,33.3,0.7
24555,12335,5,lado,20,0,0,20,17,0,86.0,14.0,0.0
24555,12335,4,lado,20,0,1,19,17,0,80.0,20.0,0.0
24555,12335,2,lado,20,1,1,18,19,8,78.7,21.3,0.0
24555,12345,5,lado,25,0,0,25,21,0,87.3,12.7,0.0
24555,12345,4,lado,25,1,0,24,22,8,74.0,26.0,0.0
24555,12345,2,lado,25,1,2,22,24,8,74.0,25.3,0.7
24555,12445,5,lado,20,0,0,20,17,0,83.3,16.7,0.0
24555,12445,2,lado,20,1,1,18,19,8,77.3,22.7,0.0
24555,12445,4,lado,20,1,0,19,18,8,76.0,24.0,0.0
24555,13335,5,lado,15,0,0,15,13,0,88.0,12.0,0.0
24555,13335,4,lado,15,0,1,14,13,0,76.7,23.3,0.0
24555,13335,2,lado,15,1,1,13,14,8,71.3,28.7,0.0
24555,13345,5,lado,20,0,0,20,17,0,86.0,14.0,0.0
24555,13345,4,lado,20,1,0,19,18,8,78.0,21.3,0.7
24555,13345,2,lado,20,1,2,17,19,8,73.3,26.7,0.0
24555,13445,5,lado,20,0,0,20,17,0,84.0,16.0,0.0
24555,13445,4,lado,20,1,0,19,18,8,78.7,21.3,0.0
24555,13445,2,lado,20,1,2,17,19,8,73.3,26.7,0.0
24555,14445,5,lado,15,0,0,15,13,0,79.3,20.7,0.0
24555,14445,4,lado,15,1,0,14,14,8,64.7,35.3,0.0
24555,14445,2,lado,15,1,1,13,14,8,61.3,38.0,0.7
24555,23335,5,lado,15,0,0,15,13,0,85.3,14.7,0.0
24555,23335,4,lado,15,0,1,14,13,0,72.7,27.3,0.0
24555,23335,2,lado,15,1,1,13,15,8,65.3,34.7,0.0
24555,23345,5,lado,20,0,0,20,17,0,83.3,16.7,0.0
24555,23345,4,lado,20,1,0,19,18,8,76.7,22.7,0.7
24555,23345,2,lado,20,1,2,17,20,8,70.0,30.0,0.0
24555,23445,5,lado,20,0,0,20,17,0,81.3,18.7,0.0
24555,23445,4,lado,20,1,0,19,18,8,76.7,23.3,0.0
24555,23445,2,lado,20,1,2,17,20,8,70.0,30.0,0.0
24555,24445,5,lado,15,0,0,15,13,0,78.7,21.3,0.0
24555,24445,4,lado,15,1,0,14,14,8,60.0,40.0,0.0
24555,24445,2,lado,15,1,1,13,15,8,56.0,43.3,0.7
24555,33335,5,lado,10,0,0,10,9,0,85.3,14.7,0.0
24555,33335,4,lado,10,0,1,9,9,0,74.7,25.3,0.0
24555,33335,2,lado,10,1,1,8,10,8,74.0,26.0,0.0
24555,33345,5,lado,15,0,0,15,13,0,82.7,17.3,0.0
24555,33345,4,lado,15,1,0,14,14,8,72.0,28.0,0.0
24555,33345,2,lado,15,1,2,12,15,8,67.3,32.7,0.0
24555,33445,5,lado,15,0,0,15,13,0,81.3,18.7,0.0
24555,33445,4,lado,15,1,0,14,14,8,65.3,34.7,0.0
24555,33445,2,lado,15,1,2,12,15,8,60.7,38.7,0.7
24555,34445,5,lado,15,0,0,15,13,0,77.3,22.7,0.0
24555,34445,4,lado,15,1,0,14,14,8,60.0,40.0,0.0
24555,34445,2,lado,15,1,2,12,15,8,55.3,44.0,0.7
24555,44445,5,lado,10,0,0,10,9,0,79.3,20.7,0.0
24555,44445,4,lado,10,1,0,9,10,8,60.7,39.3,0.0
24555,44445,2,lado,10,1,1,8,10,8,56.0,42.7,1.3
25555,11235,5,lado,20,0,0,20,17,0,92.0,8.0,0.0
25555,11235,2,lado,20,1,1,18,19,8,87.3,12.7,0.0
25555,11245,5,lado,20,0,0,20,17,0,92.0,8.0,0.0
25555,11245,2,lado,20,1,1,18,19,8,87.3,12.7,0.0
25555,11335,5,lado,15,0,0,15,13,0,85.3,14.7,0.0
25555,11335,2,lado,15,1,1,13,14,8,80.0,20.0,0.0
25555,11345,5,lado,20,0,0,20,17,0,91.3,8.7,0.0
25555,11345,2,lado,20,1,2,17,19,8,84.0,16.0,0.0
25555,11445,5,lado,15,0,0,15,13,0,85.3,14.7,0.0
25555,11445,2,lado,15,1,1,13,14,8,80.0,20.0,0.0
25555,12335,5,lado,20,0,0,20,17,0,89.3,10.7,0.0
25555,12335,2,lado,20,1,1,18,19,8,86.0,14.0,0.0
25555,12345,5,lado,25,0,0,25,21,0,89.3,10.7,0.0
25555,12345,2,lado,25,1,2,22,24,8,80.7,19.3,0.0
25555,12445,5,lado,20,0,0,20,17,0,89.3,10.7,0.0
25555,12445,2,lado,20,1,1,18,19,8,86.0,14.0,0.0
25555,13335,5,lado,15,0,0,15,13,0,89.3,10.7,0.0
25555,13335,2,lado,15,1,1,13,14,8,76.7,23.3,0.0
25555,13345,5,lado,20,0,0,20,17,0,90.7,9.3,0.0
25555,13345,2,lado,20,1,2,17,19,8,80.0,20.0,0.0
25555,13445,5,lado,20,0,0,20,17,0,87.3,12.0,0.7
25555,13445,2,lado,20,1,2,17,19,8,84.7,15.3,0.0
25555,14445,5,lado,15,0,0,15,13,0,89.3,10.7,0.0
25555,14445,2,lado,15,1,1,13,14,8,76.7,23.3,0.0
25555,23335,5,lado,15,0,0,15,13,0,86.7,13.3,0.0
25555,23335,2,lado,15,1,1,13,15,8,72.7,27.3,0.0
25555,23345,5,lado,20,0,0,20,17,0,90.0,10.0,0.0
25555,23345,2,lado,20,1,2,17,20,8,78.7,21.3,0.0
25555,23445,5,lado,20,0,0,20,17,0,87.3,12.0,0.7
25555,23445,2,lado,20,1,2,17,20,8,82.7,17.3,0.0
25555,24445,5,lado,15,0,0,15,13,0,86.7,13.3,0.0
25555,24445,2,lado,15,1,1,13,15,8,72.7,27.3,0.0
25555,33335,5,lado,10,0,0,10,9,0,86.7,13.3,0.0
25555,33335,2,lado,10,1,1,8,10,8,83.3,16.7,0.0
25555,33345,5,lado,15,0,0,15,13,0,87.3,12.7,0.0
25555,33345,2,lado,15,1,2,12,15,8,77.3,22.7,0.0
25555,33445,5,lado,15,0,0,15,13,0,88.0,12.0,0.0
25555,33445,2,lado,15,1,2,12,15,8,74.7,25.3,0.0
25555,34445,5,lado,15,0,0,15,13,0,86.0,14.0,0.0
25555,34445,2,lado,15,1,2,12,15,8,71.3,28.7,0.0
25555,44445,5,lado,10,0,0,10,9,0,86.7,13.3,0.0
25555,44445,2,lado,10,1,1,8,10,8,83.3,16.7,0.0
33333,11223,3,lado,15,0,0,15,13,0,92.0,7.3,0.7
33333,11224,3,lado,15,1,10,4,15,14,71.3,28.7,0.0
33333,11225,3,lado,15,1,10,4,15,14,71.3,28.7,0.0
33334,11224,3,lado,15,0,1,14,13,0,82.0,18.0,0.0
33334,11224,4,lado,15,0,1,14,15,0,80.0,20.0,0.0
33334,11225,3,lado,15,1,10,4,15,14,78.7,21.3,0.0
33334,11225,4,lado,15,1,10,4,15,14,70.7,29.3,0.0
33335,11225,3,lado,15,0,1,14,13,0,82.0,18.0,0.0
33335,11225,5,lado,15,0,1,14,15,0,80.0,20.0,0.0
33335,11244,3,lado,15,1,0,14,13,12,74.0,26.0,0.0
33335,11244,5,lado,15,0,2,13,15,0,72.0,26.7,1.3
33335,11344,5,lado,15,0,2,13,15,0,62.7,36.0,1.3
33335,11344,3,lado,15,1,0,14,14,12,59.3,40.7,0.0
33335,11444,3,lado,10,1,0,9,9,12,56.0,39.3,4.7
33335,11444,5,lado,10,0,2,8,10,0,55.3,42.0,2.7
33335,12244,3,lado,15,1,0,14,13,12,75.3,24.0,0.7
33335,12244,5,lado,15,0,2,13,15,0,68.7,30.7,0.7
33335,12344,3,lado,20,1,0,19,18,12,70.0,29.3,0.7
33335,12344,5,lado,20,0,2,18,20,0,58.7,39.3,2.0
33335,12444,5,lado,15,0,2,13,15,0,61.3,36.7,2.0
33335,12444,3,lado,15,1,0,14,13,12,58.7,37.3,4.0
33335,13344,5,lado,15,0,2,13,15,0,53.3,46.7,0.0
33335,13344,3,lado,15,1,0,14,14,12,50.7,49.3,0.0
33335,13444,3,lado,15,1,0,14,14,12,52.0,47.3,0.7
33335,13444,5,lado,15,0,2,13,15,0,51.3,48.7,0.0
33335,14444,5,lado,10,0,2,8,10,0,44.0,56.0,0.0
33335,14444,3,lado,10,1,0,9,9,12,42.0,53.3,4.7
33335,22344,5,lado,15,0,2,13,15,0,62.7,36.0,1.3
33335,22344,3,lado,15,1,0,14,14,12,59.3,40.7,0.0
33335,22444,3,lado,10,1,0,9,9,12,56.0,39.3,4.7
33335,22444,5,lado,10,0,2,8,10,0,55.3,42.0,2.7
33335,23344,5,lado,15,0,2,13,15,0,53.3,46.7,0.0
33335,23344,3,lado,15,1,0,14,14,12,50.7,49.3,0.0
33335,23444,3,lado,15,1,0,14,14,12,52.0,47.3,0.7
33335,23444,5,lado,15,0,2,13,15,0,51.3,48.7,0.0
33335,24444,5,lado,10,0,2,8,10,0,44.0,56.0,0.0
33335,24444,3,lado,10,1,0,9,9,12,42.0,53.3,4.7
33335,33344,3,lado,10,1,0,9,10,12,48.7,51.3,0.0
33335,33344,5,lado,10,0,2,8,10,0,47.3,52.7,0.0
33335,33444,3,lado,10,1,0,9,10,12,49.3,50.7,0.0
33335,33444,5,lado,10,0,2,8,10,0,44.7,55.3,0.0
33335,34444,3,lado,10,1,0,9,10,12,42.7,57.3,0.0
33335,34444,5,lado,10,0,2,8,10,0,42.0,58.0,0.0
33335,44444,3,lado,5,1,0,4,5,12,38.7,61.3,0.0
33335,44444,5,lado,5,0,2,3,5,0,30.7,69.3,0.0
33344,11224,4,lado,15,0,0,15,13,0,90.0,10.0,0.0
33344,11224,3,lado,15,0,1,14,13,0,87.3,12.7,0.0
33344,11225,3,lado,15,1,10,4,15,14,82.7,17.3,0.0
33344,11225,4,lado,15,1,10,4,15,14,78.7,21.3,0.0
33344,11234,4,lado,20,0,1,19,17,0,86.0,13.3,0.7
33344,11234,3,lado,20,1,0,19,18,8,80.0,20.0,0.0
33344,11334,4,lado,15,0,1,14,13,0,81.3,18.7,0.0
33344,11334,3,lado,15,1,2,12,14,8,64.7,35.3,0.0
33344,12234,4,lado,20,0,1,19,17,0,86.0,13.3,0.7
33344,12234,3,lado,20,1,0,19,18,8,84.0,16.0,0.0
33344,12334,4,lado,20,0,1,19,17,0,84.0,16.0,0.0
33344,12334,3,lado,20,1,2,17,18,8,76.7,23.3,0.0
33344,13334,4,lado,15,0,1,14,13,0,79.3,20.7,0.0
33344,13334,3,lado,15,1,2,12,14,8,57.3,42.7,0.0
33344,22334,4,lado,15,0,1,14,13,0,81.3,18.7,0.0
33344,22334,3,lado,15,1,2,12,14,8,64.7,35.3,0.0
33344,23334,4,lado,15,0,1,14,13,0,79.3,20.7,0.0
33344,23334,3,lado,15,1,2,12,14,8,57.3,42.7,0.0
33344,33334,4,lado,10,0,1,9,9,0,77.3,22.7,0.0
33344,33334,3,lado,10,1,2,7,10,8,59.3,40.7,0.0
33345,11225,5,lado,15,0,1,14,15,0,86.0,14.0,0.0
33345,11225,3,lado,15,0,1,14,13,0,85.3,14.7,0.0
33345,11225,4,lado,15,0,1,14,13,0,82.0,18.0,0.0
33355,11225,5,lado,15,0,0,15,13,0,90.0,10.0,0.0
33355,11225,3,lado,15,0,1,14,13,0,87.3,12.7,0.0
33355,11235,5,lado,20,0,1,19,17,0,86.0,13.3,0.7
33355,11235,3,lado,20,1,0,19,18,8,80.0,20.0,0.0
33355,11245,5,lado,20,0,1,19,17,0,85.3,14.7,0.0
33355,11245,3,lado,20,1,3,16,18,8,77.3,22.7,0.0
33355,11335,5,lado,15,0,1,14,13,0,81.3,18.7,0.0
33355,11335,3,lado,15,1,2,12,14,8,64.7,35.3,0.0
33355,11345,5,lado,20,0,1,19,17,0,81.3,18.0,0.7
33355,11345,3,lado,20,1,3,16,19,8,67.3,32.7,0.0
33355,11445,5,lado,15,0,1,14,13,0,70.0,29.3,0.7
33355,11445,3,lado,15,2,2,11,14,8,58.7,40.0,1.3
33355,12235,5,lado,20,0,1,19,17,0,86.0,13.3,0.7
33355,12235,3,lado,20,1,0,19,18,8,84.0,16.0,0.0
33355,12245,5,lado,20,0,1,19,17,0,84.7,15.3,0.0
33355,12245,3,lado,20,1,3,16,18,8,75.3,24.0,0.7
33355,12335,5,lado,20,0,1,19,17,0,84.0,16.0,0.0
33355,12335,3,lado,20,1,2,17,18,8,76.7,23.3,0.0
33355,12345,5,lado,25,0,1,24,21,0,79.3,20.0,0.7
33355,12345,3,lado,25,1,3,21,23,8,65.3,34.7,0.0
33355,12445,5,lado,20,0,1,19,17,0,78.0,20.7,1.3
33355,12445,3,lado,20,2,2,16,18,8,68.7,30.7,0.7
33355,13335,5,lado,15,0,1,14,13,0,79.3,20.7,0.0
33355,13335,3,lado,15,1,2,12,14,8,57.3,42.7,0.0
33355,13345,5,lado,20,0,1,19,17,0,80.7,19.3,0.0
33355,13345,3,lado,20,1,3,16,19,8,63.3,36.7,0.0
33355,13445,5,lado,20,0,1,19,17,0,74.7,24.7,0.7
33355,13445,3,lado,20,2,2,16,19,8,64.7,35.3,0.0
33355,14445,5,lado,15,0,1,14,13,0,68.0,31.3,0.7
33355,14445,3,lado,15,2,2,11,14,8,52.7,46.0,1.3
33355,22335,5,lado,15,0,1,14,13,0,81.3,18.7,0.0
33355,22335,3,lado,15,1,2,12,14,8,64.7,35.3,0.0
33355,22345,5,lado,20,0,1,19,17,0,81.3,18.0,0.7
33355,22345,3,lado,20,1,3,16,19,8,67.3,32.7,0.0
33355,22445,5,lado,15,0,1,14,13,0,70.0,29.3,0.7
33355,22445,3,lado,15,2,2,11,14,8,58.7,40.0,1.3
33355,23335,5,lado,15,0,1,14,13,0,79.3,20.7,0.0
33355,23335,3,lado,15,1,2,12,14,8,57.3,42.7,0.0
33355,23345,5,lado,20,0,1,19,17,0,80.7,19.3,0.0
33355,23345,3,lado,20,1,3,16,19,8,63.3,36.7,0.0
33355,23445,5,lado,20,0,1,19,17,0,74.7,24.7,0.7
33355,23445,3,lado,20,2,2,16,19,8,64.7,35.3,0.0
33355,24445,5,lado,15,0,1,14,13,0,68.0,31.3,0.7
33355,24445,3,lado,15,2,2,11,14,8,52.7,46.0,1.3
33355,33335,5,lado,10,0,1,9,9,0,77.3,22.7,0.0
33355,33335,3,lado,10,1,2,7,10,8,59.3,40.7,0.0
33355,33345,5,lado,15,0,1,14,13,0,69.3,30.0,0.7
33355,33345,3,lado,15,1,3,11,15,8,50.7,49.3,0.0
33355,33445,5,lado,15,0,1,14,13,0,66.0,33.3,0.7
33355,33445,3,lado,15,2,2,11,15,8,49.3,48.7,2.0
33355,34445,5,lado,15,0,1,14,13,0,60.7,38.0,1.3
33355,34445,3,lado,15,2,2,11,15,8,46.7,52.7,0.7
33355,44445,3,lado,10,2,2,6,10,8,51.3,47.3,1.3
33355,44445,5,lado,10,0,1,9,9,0,50.7,44.0,5.3
33444,11224,4,lado,15,0,0,15,13,0,94.0,5.3,0.7
33444,11224,3,lado,15,0,1,14,13,0,83.3,16.7,0.0
33444,11225,4,lado,15,1,10,4,15,14,82.0,18.0,0.0
33444,11225,3,lado,15,1,10,4,15,14,78.0,21.3,0.7
33444,11234,4,lado,20,0,0,20,17,0,94.0,6.0,0.0
33444,11234,3,lado,20,1,0,19,18,8,79.3,20.7,0.0
33444,11235,4,lado,20,1,14,5,20,14,79.3,20.7,0.0
33444,11235,3,lado,20,1,14,5,20,8,75.3,24.7,0.0
33444,11334,4,lado,15,0,0,15,13,0,84.7,15.3,0.0
33444,11334,3,lado,15,1,0,14,14,8,67.3,32.7,0.0
33444,11335,4,lado,15,1,10,4,15,14,70.7,29.3,0.0
33444,11335,3,lado,15,1,12,2,15,8,60.7,39.3,0.0
33444,12234,4,lado,20,0,0,20,17,0,92.0,8.0,0.0
33444,12234,3,lado,20,1,0,19,18,8,84.7,15.3,0.0
33444,12235,4,lado,20,1,14,5,20,14,77.3,22.7,0.0
33444,12235,3,lado,20,1,14,5,20,8,76.0,24.0,0.0
33444,12334,4,lado,20,0,0,20,17,0,90.0,10.0,0.0
33444,12334,3,lado,20,1,0,19,18,8,78.7,21.3,0.0
33444,12335,4,lado,20,1,14,5,20,14,72.7,27.3,0.0
33444,12335,3,lado,20,1,16,3,20,8,72.7,27.3,0.0
33444,13334,4,lado,15,0,0,15,13,0,84.0,16.0,0.0
33444,13334,3,lado,15,1,0,14,14,8,61.3,38.7,0.0
33444,13335,4,lado,15,1,10,4,15,14,64.0,36.0,0.0
33444,13335,3,lado,15,1,12,2,15,8,58.0,42.0,0.0
33444,22334,4,lado,15,0,0,15,13,0,84.7,15.3,0.0
33444,22334,3,lado,15,1,0,14,14,8,67.3,32.7,0.0
33444,22335,4,lado,15,1,10,4,15,14,70.7,29.3,0.0
33444,22335,3,lado,15,1,12,2,15,8,60.7,39.3,0.0
33444,23334,4,lado,15,0,0,15,13,0,84.0,16.0,0.0
33444,23334,3,lado,15,1,0,14,14,8,61.3,38.7,0.0
33444,23335,4,lado,15,1,10,4,15,14,64.0,36.0,0.0
33444,23335,3,lado,15,1,12,2,15,8,58.0,42.0,0.0
33444,33334,4,lado,10,0,0,10,9,0,83.3,16.7,0.0
33444,33334,3,lado,10,1,0,9,10,8,58.0,42.0,0.0
33444,33335,4,lado,10,1,6,3,10,14,62.0,38.0,0.0
33444,33335,3,lado,10,1,8,1,10,8,44.0,56.0,0.0
33445,11225,5,lado,15,0,1,14,15,0,90.7,9.3,0.0
33445,11225,4,lado,15,0,1,14,13,0,85.3,14.7,0.0
33445,11225,3,lado,15,0,1,14,13,0,85.3,14.7,0.0
33445,11235,4,lado,20,0,3,17,17,0,86.0,14.0,0.0
33445,11235,5,lado,20,0,1,19,20,0,84.7,14.7,0.7
33445,11235,3,lado,20,1,0,19,18,8,82.0,18.0,0.0
33445,11335,5,lado,15,0,1,14,15,0,81.3,18.7,0.0
33445,11335,4,lado,15,0,3,12,13,0,76.0,23.3,0.7
33445,11335,3,lado,15,1,0,14,14,8,69.3,30.0,0.7
33445,12235,4,lado,20,0,3,17,17,0,84.0,16.0,0.0
33445,12235,5,lado,20,0,1,19,20,0,82.7,16.7,0.7
33445,12235,3,lado,20,1,0,19,18,8,80.7,19.3,0.0
33445,12335,5,lado,20,0,1,19,20,0,84.0,16.0,0.0
33445,12335,4,lado,20,0,3,17,17,0,80.7,19.3,0.0
33445,12335,3,lado,20,1,0,19,18,8,78.7,21.3,0.0
33445,13335,5,lado,15,0,1,14,15,0,76.7,23.3,0.0
33445,13335,4,lado,15,0,3,12,13,0,74.7,25.3,0.0
33445,13335,3,lado,15,1,0,14,14,8,63.3,36.7,0.0
33445,22335,5,lado,15,0,1,14,15,0,81.3,18.7,0.0
33445,22335,4,lado,15,0,3,12,13,0,76.0,23.3,0.7
33445,22335,3,lado,15,1,0,14,14,8,69.3,30.0,0.7
33445,23335,5,lado,15,0,1,14,15,0,76.7,23.3,0.0
33445,23335,4,lado,15,0,3,12,13,0,74.7,25.3,0.0
33445,23335,3,lado,15,1,0,14,14,8,63.3,36.7,0.0
33445,33335,5,lado,10,0,1,9,10,0,72.7,27.3,0.0
33445,33335,4,lado,10,0,3,7,9,0,72.7,27.3,0.0
33445,33335,3,lado,10,1,0,9,10,8,65.3,34.7,0.0
33455,11225,5,lado,15,0,0,15,13,0,90.0,10.0,0.0
33455,11225,3,lado,15,0,1,14,13,0,89.3,10.7,0.0
33455,11225,4,lado,15,0,1,14,13,0,87.3,12.7,0.0
33455,11235,5,lado,20,0,0,20,17,0,92.7,7.3,0.0
33455,11235,4,lado,20,0,1,19,17,0,85.3,14.7,0.0
33455,11235,3,lado,20,1,0,19,18,8,83.3,16.7,0.0
33455,11245,5,lado,20,0,1,19,17,0,85.3,14.7,0.0
33455,11245,4,lado,20,1,2,17,18,8,80.7,19.3,0.0
33455,11245,3,lado,20,1,1,18,18,8,71.3,28.0,0.7
33455,11335,5,lado,15,0,0,15,13,0,82.7,17.3,0.0
33455,11335,4,lado,15,0,3,12,13,0,74.7,25.3,0.0
33455,11335,3,lado,15,1,0,14,14,8,70.0,30.0,0.0
33455,11345,5,lado,20,0,1,19,17,0,80.0,20.0,0.0
33455,11345,4,lado,20,1,2,17,18,8,74.0,26.0,0.0
33455,11345,3,lado,20,1,1,18,19,8,70.0,30.0,0.0
33455,11445,5,lado,15,0,1,14,13,0,70.7,28.0,1.3
33455,11445,4,lado,15,1,2,12,14,8,64.7,34.7,0.7
33455,11445,3,lado,15,1,3,11,14,8,60.0,39.3,0.7
33455,12235,5,lado,20,0,0,20,17,0,88.0,12.0,0.0
33455,12235,4,lado,20,0,1,19,17,0,84.7,15.3,0.0
33455,12235,3,lado,20,1,0,19,18,8,84.7,15.3,0.0
33455,12245,5,lado,20,0,1,19,17,0,83.3,16.7,0.0
33455,12245,4,lado,20,1,2,17,18,8,81.3,18.7,0.0
33455,12245,3,lado,20,1,1,18,18,8,68.0,32.0,0.0
33455,12335,5,lado,20,0,0,20,17,0,86.0,13.3,0.7
33455,12335,4,lado,20,0,3,17,17,0,81.3,18.7,0.0
33455,12335,3,lado,20,1,0,19,18,8,79.3,20.7,0.0
33455,12345,5,lado,25,0,1,24,21,0,88.0,12.0,0.0
33455,12345,4,lado,25,1,2,22,22,8,74.0,26.0,0.0
33455,12345,3,lado,25,1,1,23,23,8,64.7,34.7,0.7
33455,12445,5,lado,20,0,1,19,17,0,82.0,16.7,1.3
33455,12445,4,lado,20,1,2,17,18,8,72.0,27.3,0.7
33455,12445,3,lado,20,1,3,16,18,8,71.3,27.3,1.3
33455,13335,5,lado,15,0,0,15,13,0,82.0,18.0,0.0
33455,13335,4,lado,15,0,3,12,13,0,70.7,29.3,0.0
33455,13335,3,lado,15,1,0,14,14,8,64.0,36.0,0.0
33455,13345,5,lado,20,0,1,19,17,0,80.7,19.3,0.0
33455,13345,4,lado,20,1,2,17,18,8,73.3,26.7,0.0
33455,13345,3,lado,20,1,1,18,19,8,66.7,33.3,0.0
33455,13445,5,lado,20,0,1,19,17,0,80.7,18.7,0.7
33455,13445,4,lado,20,1,2,17,18,8,69.3,30.0,0.7
33455,13445,3,lado,20,1,3,16,19,8,68.0,29.3,2.7
33455,14445,5,lado,15,0,1,14,13,0,67.3,30.7,2.0
33455,14445,3,lado,15,1,3,11,14,8,58.7,40.7,0.7
33455,14445,4,lado,15,1,2,12,14,8,58.0,41.3,0.7
33455,22335,5,lado,15,0,0,15,13,0,82.7,17.3,0.0
33455,22335,4,lado,15,0,3,12,13,0,74.7,25.3,0.0
33455,22335,3,lado,15,1,0,14,14,8,70.0,30.0,0.0
33455,22345,5,lado,20,0,1,19,17,0,80.0,20.0,0.0
33455,22345,4,lado,20,1,2,17,18,8,74.0,26.0,0.0
33455,22345,3,lado,20,1,1,18,19,8,70.0,30.0,0.0
33455,22445,5,lado,15,0,1,14,13,0,70.7,28.0,1.3
33455,22445,4,lado,15,1,2,12,14,8,64.7,34.7,0.7
33455,22445,3,lado,15,1,3,11,14,8,60.0,39.3,0.7
33455,23335,5,lado,15,0,0,15,13,0,82.0,18.0,0.0
33455,23335,4,lado,15,0,3,12,13,0,70.7,29.3,0.0
33455,23335,3,lado,15,1,0,14,14,8,64.0,36.0,0.0
33455,23345,5,lado,20,0,1,19,17,0,80.7,19.3,0.0
33455,23345,4,lado,20,1,2,17,18,8,73.3,26.7,0.0
33455,23345,3,lado,20,1,1,18,19,8,66.7,33.3,0.0
33455,23445,5,lado,20,0,1,19,17,0,80.7,18.7,0.7
33455,23445,4,lado,20,1,2,17,18,8,69.3,30.0,0.7
33455,23445,3,lado,20,1,3,16,19,8,68.0,29.3,2.7
33455,24445,5,lado,15,0,1,14,13,0,67.3,30.7,2.0
33455,24445,3,lado,15,1,3,11,14,8,58.7,40.7,0.7
33455,24445,4,lado,15,1,2,12,14,8,58.0,41.3,0.7
33455,33335,5,lado,10,0,0,10,9,0,83.3,16.7,0.0
33455,33335,4,lado,10,0,3,7,9,0,72.7,27.3,0.0
33455,33335,3,lado,10,1,0,9,10,8,64.7,35.3,0.0
33455,33345,5,lado,15,0,1,14,13,0,77.3,22.0,0.7
33455,33345,4,lado,15,1,2,12,14,8,66.0,34.0,0.0
33455,33345,3,lado,15,1,1,13,15,8,55.3,44.7,0.0
33455,33445,5,lado,15,0,1,14,13,0,72.7,26.0,1.3
33455,33445,4,lado,15,1,2,12,14,8,59.3,39.3,1.3
33455,33445,3,lado,15,1,3,11,15,8,54.7,44.7,0.7
33455,34445,5,lado,15,0,1,14,13,0,68.0,30.7,1.3
33455,34445,4,lado,15,1,2,12,14,8,54.0,45.3,0.7
33455,34445,3,lado,15,1,3,11,15,8,50.7,48.7,0.7
33455,44445,5,lado,10,0,1,9,9,0,62.7,36.0,1.3
33455,44445,3,lado,10,1,3,6,10,8,56.7,42.0,1.3
33455,44445,4,lado,10,1,2,7,10,8,54.0,46.0,0.0
33555,11225,5,lado,15,0,0,15,13,0,94.0,5.3,0.7
33555,11225,3,lado,15,0,1,14,13,0,83.3,16.7,0.0
33555,11235,5,lado,20,0,0,20,17,0,94.0,6.0,0.0
33555,11235,3,lado,20,1,0,19,18,8,79.3,20.7,0.0
33555,11245,5,lado,20,0,1,19,17,0,91.3,8.7,0.0
33555,11245,3,lado,20,1,1,18,18,8,80.0,20.0,0.0
33555,11335,5,lado,15,0,0,15,13,0,84.7,15.3,0.0
33555,11335,3,lado,15,1,0,14,14,8,67.3,32.7,0.0
33555,11345,5,lado,20,0,1,19,17,0,88.0,12.0,0.0
33555,11345,3,lado,20,1,1,18,19,8,72.0,27.3,0.7
33555,11445,5,lado,15,0,1,14,13,0,82.7,17.3,0.0
33555,11445,3,lado,15,1,1,13,14,8,67.3,32.7,0.0
33555,12235,5,lado,20,0,0,20,17,0,92.0,8.0,0.0
33555,12235,3,lado,20,1,0,19,18,8,84.7,15.3,0.0
33555,12245,5,lado,20,0,1,19,17,0,90.7,9.3,0.0
33555,12245,3,lado,20,1,1,18,18,8,78.0,21.3,0.7
33555,12335,5,lado,20,0,0,20,17,0,90.0,10.0,0.0
33555,12335,3,lado,20,1,0,19,18,8,78.7,21.3,0.0
33555,12345,5,lado,25,0,1,24,21,0,88.7,11.3,0.0
33555,12345,3,lado,25,1,1,23,23,8,68.7,31.3,0.0
33555,12445,5,lado,20,0,1,19,17,0,88.0,12.0,0.0
33555,12445,3,lado,20,1,1,18,18,8,72.7,27.3,0.0
33555,13335,5,lado,15,0,0,15,13,0,84.0,16.0,0.0
33555,13335,3,lado,15,1,0,14,14,8,61.3,38.7,0.0
33555,13345,5,lado,20,0,1,19,17,0,88.0,12.0,0.0
33555,13345,3,lado,20,1,1,18,19,8,71.3,28.0,0.7
33555,13445,5,lado,20,0,1,19,17,0,88.7,11.3,0.0
33555,13445,3,lado,20,1,1,18,19,8,70.7,29.3,0.0
33555,14445,5,lado,15,0,1,14,13,0,86.0,14.0,0.0
33555,14445,3,lado,15,1,1,13,14,8,64.7,35.3,0.0
33555,22335,5,lado,15,0,0,15,13,0,84.7,15.3,0.0
33555,22335,3,lado,15,1,0,14,14,8,67.3,32.7,0.0
33555,22345,5,lado,20,0,1,19,17,0,88.0,12.0,0.0
33555,22345,3,lado,20,1,1,18,19,8,72.0,27.3,0.7
33555,22445,5,lado,15,0,1,14,13,0,82.7,17.3,0.0
33555,22445,3,lado,15,1,1,13,14,8,67.3,32.7,0.0
33555,23335,5,lado,15,0,0,15,13,0,84.0,16.0,0.0
33555,23335,3,lado,15,1,0,14,14,8,61.3,38.7,0.0
33555,23345,5,lado,20,0,1,19,17,0,88.0,12.0,0.0
33555,23345,3,lado,20,1,1,18,19,8,71.3,28.0,0.7
33555,23445,5,lado,20,0,1,19,17,0,88.7,11.3,0.0
33555,23445,3,lado,20,1,1,18,19,8,70.7,29.3,0.0
33555,24445,5,lado,15,0,1,14,13,0,86.0,14.0,0.0
33555,24445,3,lado,15,1,1,13,14,8,64.7,35.3,0.0
33555,33335,5,lado,10,0,0,10,9,0,83.3,16.7,0.0
33555,33335,3,lado,10,1,0,9,10,8,58.0,42.0,0.0
33555,33345,5,lado,15,0,1,14,13,0,84.0,16.0,0.0
33555,33345,3,lado,15,1,1,13,15,8,57.3,42.7,0.0
33555,33445,5,lado,15,0,1,14,13,0,84.0,16.0,0.0
33555,33445,3,lado,15,1,1,13,15,8,60.0,40.0,0.0
33555,34445,5,lado,15,0,1,14,13,0,84.0,16.0,0.0
33555,34445,3,lado,15,1,1,13,15,8,55.3,44.7,0.0
33555,44445,5,lado,10,0,1,9,9,0,80.0,19.3,0.7
33555,44445,3,lado,10,1,1,8,10,8,59.3,40.7,0.0
34444,11224,4,lado,15,0,0,15,13,0,95.3,4.7,0.0
34444,11224,3,lado,15,0,1,14,13,0,86.0,14.0,0.0
34444,11225,4,lado,15,1,10,4,15,14,78.0,21.3,0.7
34444,11225,3,lado,15,1,10,4,15,14,71.3,28.7,0.0
34444,11234,4,lado,20,0,0,20,17,0,94.7,5.3,0.0
34444,11234,3,lado,20,1,0,19,18,8,90.0,10.0,0.0
34444,11235,4,lado,20,1,14,5,20,14,79.3,20.7,0.0
34444,11235,3,lado,20,1,14,5,20,8,78.0,22.0,0.0
34444,11334,4,lado,15,0,0,15,13,0,86.7,13.3,0.0
34444,11334,3,lado,15,1,0,14,14,8,82.7,17.3,0.0
34444,11335,4,lado,15,1,10,4,15,14,71.3,28.7,0.0
34444,11335,3,lado,15,1,12,2,15,8,67.3,32.7,0.0
34444,12234,4,lado,20,0,0,20,17,0,94.0,6.0,0.0
34444,12234,3,lado,20,1,0,19,18,8,86.7,13.3,0.0
34444,12235,3,lado,20,1,14,5,20,8,78.7,21.3,0.0
34444,12235,4,lado,20,1,14,5,20,14,77.3,22.7,0.0
34444,12334,4,lado,20,0,0,20,17,0,92.7,7.3,0.0
34444,12334,3,lado,20,1,0,19,18,8,87.3,12.7,0.0
34444,12335,3,lado,20,1,16,3,20,8,78.7,21.3,0.0
34444,12335,4,lado,20,1,14,5,20,14,77.3,22.7,0.0
34444,13334,4,lado,15,0,0,15,13,0,86.7,13.3,0.0
34444,13334,3,lado,15,1,0,14,14,8,81.3,18.7,0.0
34444,13335,4,lado,15,1,10,4,15,14,72.7,27.3,0.0
34444,13335,3,lado,15,1,12,2,15,8,61.3,38.7,0.0
34444,22334,4,lado,15,0,0,15,13,0,86.7,13.3,0.0
34444,22334,3,lado,15,1,0,14,14,8,82.7,17.3,0.0
34444,22335,4,lado,15,1,10,4,15,14,71.3,28.7,0.0
34444,22335,3,lado,15,1,12,2,15,8,67.3,32.7,0.0
34444,23334,4,lado,15,0,0,15,13,0,86.7,13.3,0.0
34444,23334,3,lado,15,1,0,14,14,8,81.3,18.7,0.0
34444,23335,4,lado,15,1,10,4,15,14,72.7,27.3,0.0
34444,23335,3,lado,15,1,12,2,15,8,61.3,38.7,0.0
34444,33334,4,lado,10,0,0,10,9,0,88.0,12.0,0.0
34444,33334,3,lado,10,1,0,9,10,8,82.7,17.3,0.0
34444,33335,4,lado,10,1,6,3,10,14,69.3,30.0,0.7
34444,33335,3,lado,10,1,8,1,10,8,65.3,34.7,0.0
34445,11225,5,lado,15,0,1,14,15,0,89.3,10.7,0.0
34445,11225,4,lado,15,0,1,14,13,0,85.3,14.7,0.0
34445,11225,3,lado,15,0,1,14,13,0,81.3,18.7,0.0
34445,11235,4,lado,20,0,1,19,17,0,86.0,14.0,0.0
34445,11235,5,lado,20,0,1,19,20,0,84.0,15.3,0.7
34445,11235,3,lado,20,1,0,19,18,8,78.7,21.3,0.0
34445,11335,5,lado,15,0,1,14,15,0,80.7,19.3,0.0
34445,11335,4,lado,15,0,1,14,13,0,79.3,20.0,0.7
34445,11335,3,lado,15,1,0,14,14,8,68.7,31.3,0.0
34445,12235,4,lado,20,0,1,19,17,0,83.3,16.7,0.0
34445,12235,5,lado,20,0,1,19,20,0,82.7,16.7,0.7
34445,12235,3,lado,20,1,0,19,18,8,80.7,19.3,0.0
34445,12335,5,lado,20,0,1,19,20,0,82.7,17.3,0.0
34445,12335,4,lado,20,0,1,19,17,0,82.7,17.3,0.0
34445,12335,3,lado,20,1,0,19,18,8,78.7,21.3,0.0
34445,13335,5,lado,15,0,1,14,15,0,76.7,23.3,0.0
34445,13335,4,lado,15,0,1,14,13,0,76.7,23.3,0.0
34445,13335,3,lado,15,1,0,14,14,8,68.7,31.3,0.0
34445,22335,5,lado,15,0,1,14,15,0,80.7,19.3,0.0
34445,22335,4,lado,15,0,1,14,13,0,79.3,20.0,0.7
34445,22335,3,lado,15,1,0,14,14,8,68.7,31.3,0.0
34445,23335,5,lado,15,0,1,14,15,0,76.7,23.3,0.0
34445,23335,4,lado,15,0,1,14,13,0,76.7,23.3,0.0
34445,23335,3,lado,15,1,0,14,14,8,68.7,31.3,0.0
34445,33335,5,lado,10,0,1,9,10,0,76.7,23.3,0.0
34445,33335,4,lado,10,0,1,9,9,0,76.7,23.3,0.0
34445,33335,3,lado,10,1,0,9,10,8,75.3,24.7,0.0
34455,11225,5,lado,15,0,0,15,13,0,91.3,8.7,0.0
34455,11225,4,lado,15,0,1,14,13,0,89.3,10.7,0.0
34455,11225,3,lado,15,0,1,14,13,0,86.7,13.3,0.0
34455,11235,5,lado,20,0,0,20,17,0,93.3,6.7,0.0
34455,11235,3,lado,20,1,0,19,18,8,88.0,12.0,0.0
34455,11235,4,lado,20,0,1,19,17,0,85.3,14.7,0.0
34455,11245,5,lado,20,0,1,19,17,0,87.3,12.0,0.7
34455,11245,3,lado,20,1,1,18,18,8,80.0,20.0,0.0
34455,11245,4,lado,20,1,0,19,18,8,76.7,23.3,0.0
34455,11335,5,lado,15,0,0,15,13,0,86.7,13.3,0.0
34455,11335,4,lado,15,0,1,14,13,0,81.3,18.0,0.7
34455,11335,3,lado,15,1,0,14,14,8,78.0,22.0,0.0
34455,11345,5,lado,20,0,1,19,17,0,84.0,16.0,0.0
34455,11345,3,lado,20,1,1,18,19,8,76.7,23.3,0.0
34455,11345,4,lado,20,1,0,19,18,8,73.3,26.7,0.0
34455,11445,5,lado,15,0,1,14,13,0,74.7,24.7,0.7
34455,11445,4,lado,15,1,2,12,14,8,62.7,36.7,0.7
34455,11445,3,lado,15,1,3,11,14,8,62.0,38.0,0.0
34455,12235,5,lado,20,0,0,20,17,0,89.3,10.7,0.0
34455,12235,3,lado,20,1,0,19,18,8,89.3,10.7,0.0
34455,12235,4,lado,20,0,1,19,17,0,88.0,12.0,0.0
34455,12245,5,lado,20,0,1,19,17,0,84.7,15.3,0.0
34455,12245,3,lado,20,1,1,18,18,8,80.7,18.7,0.7
34455,12245,4,lado,20,1,0,19,18,8,74.7,25.3,0.0
34455,12335,5,lado,20,0,0,20,17,0,88.7,10.7,0.7
34455,12335,3,lado,20,1,0,19,18,8,85.3,14.7,0.0
34455,12335,4,lado,20,0,1,19,17,0,84.7,15.3,0.0
34455,12345,5,lado,25,0,1,24,21,0,90.7,8.7,0.7
34455,12345,3,lado,25,1,1,23,23,8,74.7,24.7,0.7
34455,12345,4,lado,25,1,0,24,22,8,70.7,29.3,0.0
34455,12445,5,lado,20,0,1,19,17,0,83.3,16.7,0.0
34455,12445,3,lado,20,1,3,16,18,8,72.7,27.3,0.0
34455,12445,4,lado,20,1,2,17,18,8,70.7,28.7,0.7
34455,13335,5,lado,15,0,0,15,13,0,86.0,14.0,0.0
34455,13335,4,lado,15,0,1,14,13,0,80.0,20.0,0.0
34455,13335,3,lado,15,1,0,14,14,8,74.7,25.3,0.0
34455,13345,5,lado,20,0,1,19,17,0,84.0,16.0,0.0
34455,13345,3,lado,20,1,1,18,19,8,77.3,22.7,0.0
34455,13345,4,lado,20,1,0,19,18,8,73.3,26.7,0.0
34455,13445,5,lado,20,0,1,19,17,0,82.0,18.0,0.0
34455,13445,3,lado,20,1,3,16,19,8,72.7,27.3,0.0
34455,13445,4,lado,20,1,2,17,18,8,68.0,31.3,0.7
34455,14445,5,lado,15,0,1,14,13,0,71.3,28.7,0.0
34455,14445,4,lado,15,1,2,12,14,8,62.7,36.7,0.7
34455,14445,3,lado,15,1,3,11,14,8,55.3,44.0,0.7
34455,22335,5,lado,15,0,0,15,13,0,86.7,13.3,0.0
34455,22335,4,lado,15,0,1,14,13,0,81.3,18.0,0.7
34455,22335,3,lado,15,1,0,14,14,8,78.0,22.0,0.0
34455,22345,5,lado,20,0,1,19,17,0,84.0,16.0,0.0
34455,22345,3,lado,20,1,1,18,19,8,76.7,23.3,0.0
34455,22345,4,lado,20,1,0,19,18,8,73.3,26.7,0.0
34455,22445,5,lado,15,0,1,14,13,0,74.7,24.7,0.7
34455,22445,4,lado,15,1,2,12,14,8,62.7,36.7,0.7
34455,22445,3,lado,15,1,3,11,14,8,62.0,38.0,0.0
34455,23335,5,lado,15,0,0,15,13,0,86.0,14.0,0.0
34455,23335,4,lado,15,0,1,14,13,0,80.0,20.0,0.0
34455,23335,3,lado,15,1,0,14,14,8,74.7,25.3,0.0
34455,23345,5,lado,20,0,1,19,17,0,84.0,16.0,0.0
34455,23345,3,lado,20,1,1,18,19,8,77.3,22.7,0.0
34455,23345,4,lado,20,1,0,19,18,8,73.3,26.7,0.0
34455,23445,5,lado,20,0,1,19,17,0,82.0,18.0,0.0
34455,23445,3,lado,20,1,3,16,19,8,72.7,27.3,0.0
34455,23445,4,lado,20,1,2,17,18,8,68.0,31.3,0.7
34455,24445,5,lado,15,0,1,14,13,0,71.3,28.7,0.0
34455,24445,4,lado,15,1,2,12,14,8,62.7,36.7,0.7
34455,24445,3,lado,15,1,3,11,14,8,55.3,44.0,0.7
34455,33335,5,lado,10,0,0,10,9,0,83.3,16.7,0.0
34455,33335,4,lado,10,0,1,9,9,0,81.3,18.7,0.0
34455,33335,3,lado,10,1,0,9,10,8,80.7,19.3,0.0
34455,33345,5,lado,15,0,1,14,13,0,83.3,16.7,0.0
34455,33345,4,lado,15,1,0,14,14,8,68.0,32.0,0.0
34455,33345,3,lado,15,1,1,13,15,8,66.0,34.0,0.0
34455,33445,5,lado,15,0,1,14,13,0,76.7,23.3,0.0
34455,33445,4,lado,15,1,2,12,14,8,64.0,35.3,0.7
34455,33445,3,lado,15,1,3,11,15,8,58.0,42.0,0.0
34455,34445,5,lado,15,0,1,14,13,0,71.3,28.7,0.0
34455,34445,4,lado,15,1,2,12,14,8,62.0,37.3,0.7
34455,34445,3,lado,15,1,3,11,15,8,49.3,50.0,0.7
34455,44445,5,lado,10,0,1,9,9,0,65.3,34.0,0.7
34455,44445,3,lado,10,1,3,6,10,8,55.3,44.0,0.7
34455,44445,4,lado,10,1,2,7,10,8,54.7,45.3,0.0
34555,11225,5,lado,15,0,0,15,13,0,92.0,8.0,0.0
34555,11225,4,lado,15,0,1,14,13,0,83.3,16.7,0.0
34555,11225,3,lado,15,0,1,14,13,0,83.3,16.7,0.0
34555,11235,5,lado,20,0,0,20,17,0,92.0,8.0,0.0
34555,11235,4,lado,20,0,1,19,17,0,86.7,13.3,0.0
34555,11235,3,lado,20,1,0,19,18,8,86.0,14.0,0.0
34555,11245,5,lado,20,0,0,20,17,0,88.0,12.0,0.0
34555,11245,3,lado,20,1,1,18,18,8,82.0,18.0,0.0
34555,11245,4,lado,20,1,0,19,18,8,81.3,18.7,0.0
34555,11335,5,lado,15,0,0,15,13,0,85.3,14.7,0.0
34555,11335,4,lado,15,0,1,14,13,0,78.0,22.0,0.0
34555,11335,3,lado,15,1,0,14,14,8,76.0,24.0,0.0
34555,11345,5,lado,20,0,0,20,17,0,84.7,15.3,0.0
34555,11345,3,lado,20,1,1,18,19,8,80.0,20.0,0.0
34555,11345,4,lado,20,1,0,19,18,8,78.0,22.0,0.0
34555,11445,5,lado,15,0,0,15,13,0,78.7,21.3,0.0
34555,11445,4,lado,15,1,0,14,14,8,69.3,30.7,0.0
34555,11445,3,lado,15,1,1,13,14,8,66.0,33.3,0.7
34555,12235,5,lado,20,0,0,20,17,0,91.3,8.7,0.0
34555,12235,4,lado,20,0,1,19,17,0,88.0,12.0,0.0
34555,12235,3,lado,20,1,0,19,18,8,86.0,14.0,0.0
34555,12245,5,lado,20,0,0,20,17,0,86.7,13.3,0.0
34555,12245,4,lado,20,1,0,19,18,8,84.7,14.7,0.7
34555,12245,3,lado,20,1,1,18,18,8,83.3,16.7,0.0
34555,12335,5,lado,20,0,0,20,17,0,91.3,8.7,0.0
34555,12335,4,lado,20,0,1,19,17,0,84.0,16.0,0.0
34555,12335,3,lado,20,1,0,19,18,8,82.7,17.3,0.0
34555,12345,5,lado,25,0,0,25,21,0,91.3,8.7,0.0
34555,12345,3,lado,25,1,1,23,23,8,77.3,22.7,0.0
34555,12345,4,lado,25,1,0,24,22,8,75.3,24.7,0.0
34555,12445,5,lado,20,0,0,20,17,0,84.0,16.0,0.0
34555,12445,3,lado,20,1,1,18,18,8,78.0,22.0,0.0
34555,12445,4,lado,20,1,0,19,18,8,76.7,23.3,0.0
34555,13335,5,lado,15,0,0,15,13,0,87.3,12.7,0.0
34555,13335,4,lado,15,0,1,14,13,0,76.7,23.3,0.0
34555,13335,3,lado,15,1,0,14,14,8,73.3,26.7,0.0
34555,13345,5,lado,20,0,0,20,17,0,84.7,15.3,0.0
34555,13345,3,lado,20,1,1,18,19,8,79.3,20.7,0.0
34555,13345,4,lado,20,1,0,19,18,8,78.7,20.7,0.7
34555,13445,5,lado,20,0,0,20,17,0,83.3,16.7,0.0
34555,13445,3,lado,20,1,1,18,19,8,77.3,22.7,0.0
34555,13445,4,lado,20,1,0,19,18,8,76.0,24.0,0.0
34555,14445,5,lado,15,0,0,15,13,0,79.3,20.7,0.0
34555,14445,4,lado,15,1,0,14,14,8,64.7,35.3,0.0
34555,14445,3,lado,15,1,1,13,14,8,61.3,38.0,0.7
34555,22335,5,lado,15,0,0,15,13,0,85.3,14.7,0.0
34555,22335,4,lado,15,0,1,14,13,0,78.0,22.0,0.0
34555,22335,3,lado,15,1,0,14,14,8,76.0,24.0,0.0
34555,22345,5,lado,20,0,0,20,17,0,84.7,15.3,0.0
34555,22345,3,lado,20,1,1,18,19,8,80.0,20.0,0.0
34555,22345,4,lado,20,1,0,19,18,8,78.0,22.0,0.0
34555,22445,5,lado,15,0,0,15,13,0,78.7,21.3,0.0
34555,22445,4,lado,15,1,0,14,14,8,69.3,30.7,0.0
34555,22445,3,lado,15,1,1,13,14,8,66.0,33.3,0.7
34555,23335,5,lado,15,0,0,15,13,0,87.3,12.7,0.0
34555,23335,4,lado,15,0,1,14,13,0,76.7,23.3,0.0
34555,23335,3,lado,15,1,0,14,14,8,73.3,26.7,0.0
34555,23345,5,lado,20,0,0,20,17,0,84.7,15.3,0.0
34555,23345,3,lado,20,1,1,18,19,8,79.3,20.7,0.0
34555,23345,4,lado,20,1,0,19,18,8,78.7,20.7,0.7
34555,23445,5,lado,20,0,0,20,17,0,83.3,16.7,0.0
34555,23445,3,lado,20,1,1,18,19,8,77.3,22.7,0.0
34555,23445,4,lado,20,1,0,19,18,8,76.0,24.0,0.0
34555,24445,5,lado,15,0,0,15,13,0,79.3,20.7,0.0
34555,24445,4,lado,15,1,0,14,14,8,64.7,35.3,0.0
34555,24445,3,lado,15,1,1,13,14,8,61.3,38.0,0.7
34555,33335,5,lado,10,0,0,10,9,0,88.0,12.0,0.0
34555,33335,3,lado,10,1,0,9,10,8,77.3,22.0,0.7
34555,33335,4,lado,10,0,1,9,9,0,74.7,25.3,0.0
34555,33345,5,lado,15,0,0,15,13,0,84.0,16.0,0.0
34555,33345,4,lado,15,1,0,14,14,8,71.3,28.7,0.0
34555,33345,3,lado,15,1,1,13,15,8,68.7,31.3,0.0
34555,33445,5,lado,15,0,0,15,13,0,80.0,20.0,0.0
34555,33445,4,lado,15,1,0,14,14,8,64.0,36.0,0.0
34555,33445,3,lado,15,1,1,13,15,8,63.3,36.0,0.7
34555,34445,5,lado,15,0,0,15,13,0,78.7,21.3,0.0
34555,34445,4,lado,15,1,0,14,14,8,60.0,40.0,0.0
34555,34445,3,lado,15,1,1,13,15,8,56.0,43.3,0.7
34555,44445,5,lado,10,0,0,10,9,0,79.3,20.7,0.0
34555,44445,4,lado,10,1,0,9,10,8,60.7,39.3,0.0
34555,44445,3,lado,10,1,1,8,10,8,56.0,42.7,1.3
35555,11225,5,lado,15,0,0,15,13,0,95.3,4.7,0.0
35555,11225,3,lado,15,0,1,14,13,0,86.0,14.0,0.0
35555,11235,5,lado,20,0,0,20,17,0,94.7,5.3,0.0
35555,11235,3,lado,20,1,0,19,18,8,90.0,10.0,0.0
35555,11245,5,lado,20,0,0,20,17,0,95.3,4.7,0.0
35555,11245,3,lado,20,1,1,18,18,8,86.7,13.3,0.0
35555,11335,5,lado,15,0,0,15,13,0,86.7,13.3,0.0
35555,11335,3,lado,15,1,0,14,14,8,82.7,17.3,0.0
35555,11345,5,lado,20,0,0,20,17,0,92.0,8.0,0.0
35555,11345,3,lado,20,1,1,18,19,8,87.3,12.7,0.0
35555,11445,5,lado,15,0,0,15,13,0,85.3,14.7,0.0
35555,11445,3,lado,15,1,1,13,14,8,80.0,20.0,0.0
35555,12235,5,lado,20,0,0,20,17,0,94.0,6.0,0.0
35555,12235,3,lado,20,1,0,19,18,8,86.7,13.3,0.0
35555,12245,5,lado,20,0,0,20,17,0,95.3,4.7,0.0
35555,12245,3,lado,20,1,1,18,18,8,84.7,15.3,0.0
35555,12335,5,lado,20,0,0,20,17,0,92.7,7.3,0.0
35555,12335,3,lado,20,1,0,19,18,8,87.3,12.7,0.0
35555,12345,5,lado,25,0,0,25,21,0,90.7,9.3,0.0
35555,12345,3,lado,25,1,1,23,23,8,86.7,13.3,0.0
35555,12445,5,lado,20,0,0,20,17,0,90.0,10.0,0.0
35555,12445,3,lado,20,1,1,18,18,8,87.3,12.7,0.0
35555,13335,5,lado,15,0,0,15,13,0,86.7,13.3,0.0
35555,13335,3,lado,15,1,0,14,14,8,81.3,18.7,0.0
35555,13345,5,lado,20,0,0,20,17,0,91.3,8.7,0.0
35555,13345,3,lado,20,1,1,18,19,8,83.3,16.7,0.0
35555,13445,5,lado,20,0,0,20,17,0,89.3,10.7,0.0
35555,13445,3,lado,20,1,1,18,19,8,86.0,14.0,0.0
35555,14445,5,lado,15,0,0,15,13,0,89.3,10.7,0.0
35555,14445,3,lado,15,1,1,13,14,8,76.7,23.3,0.0
35555,22335,5,lado,15,0,0,15,13,0,86.7,13.3,0.0
35555,22335,3,lado,15,1,0,14,14,8,82.7,17.3,0.0
35555,22345,5,lado,20,0,0,20,17,0,92.0,8.0,0.0
35555,22345,3,lado,20,1,1,18,19,8,87.3,12.7,0.0
35555,22445,5,lado,15,0,0,15,13,0,85.3,14.7,0.0
35555,22445,3,lado,15,1,1,13,14,8,80.0,20.0,0.0
35555,23335,5,lado,15,0,0,15,13,0,86.7,13.3,0.0
35555,23335,3,lado,15,1,0,14,14,8,81.3,18.7,0.0
35555,23345,5,lado,20,0,0,20,17,0,91.3,8.7,0.0
35555,23345,3,lado,20,1,1,18,19,8,83.3,16.7,0.0
35555,23445,5,lado,20,0,0,20,17,0,89.3,10.7,0.0
35555,23445,3,lado,20,1,1,18,19,8,86.0,14.0,0.0
35555,24445,5,lado,15,0,0,15,13,0,89.3,10.7,0.0
35555,24445,3,lado,15,1,1,13,14,8,76.7,23.3,0.0
35555,33335,5,lado,10,0,0,10,9,0,88.0,12.0,0.0
35555,33335,3,lado,10,1,0,9,10,8,82.7,17.3,0.0
35555,33345,5,lado,15,0,0,15,13,0,85.3,14.7,0.0
35555,33345,3,lado,15,1,1,13,15,8,76.0,24.0,0.0
35555,33445,5,lado,15,0,0,15,13,0,86.0,14.0,0.0
35555,33445,3,lado,15,1,1,13,15,8,75.3,24.7,0.0
35555,34445,5,lado,15,0,0,15,13,0,86.7,13.3,0.0
35555,34445,3,lado,15,1,1,13,15,8,72.7,27.3,0.0
35555,44445,5,lado,10,0,0,10,9,0,86.7,13.3,0.0
35555,44445,3,lado,10,1,1,8,10,8,83.3,16.7,0.0
44444,11224,4,lado,15,0,0,15,13,0,92.0,7.3,0.7
44444,11225,4,lado,15,1,10,4,15,14,71.3,28.7,0.0
44444,11234,4,lado,20,0,0,20,17,0,94.7,5.3,0.0
44444,11235,4,lado,20,1,14,5,20,14,75.3,24.7,0.0
44444,11334,4,lado,15,0,0,15,13,0,92.0,7.3,0.7
44444,11335,4,lado,15,1,10,4,15,14,71.3,28.7,0.0
44444,12234,4,lado,20,0,0,20,17,0,93.3,6.7,0.0
44444,12235,4,lado,20,1,14,5,20,14,78.0,22.0,0.0
44444,12334,4,lado,20,0,0,20,17,0,94.7,4.7,0.7
44444,12335,4,lado,20,1,14,5,20,14,80.0,20.0,0.0
44444,13334,4,lado,15,0,0,15,13,0,91.3,8.0,0.7
44444,13335,4,lado,15,1,10,4,15,14,70.0,30.0,0.0
44444,22334,4,lado,15,0,0,15,13,0,92.0,7.3,0.7
44444,22335,4,lado,15,1,10,4,15,14,71.3,28.7,0.0
44444,23334,4,lado,15,0,0,15,13,0,91.3,8.0,0.7
44444,23335,4,lado,15,1,10,4,15,14,70.0,30.0,0.0
44444,33334,4,lado,10,0,0,10,9,0,92.7,6.0,1.3
44444,33335,4,lado,10,1,6,3,10,14,78.7,20.7,0.7
44445,11225,4,lado,15,0,1,14,13,0,82.0,18.0,0.0
44445,11225,5,lado,15,0,1,14,15,0,80.0,20.0,0.0
44445,11235,5,lado,20,0,1,19,20,0,81.3,18.0,0.7
44445,11235,4,lado,20,0,1,19,17,0,81.3,18.7,0.0
44445,11335,4,lado,15,0,1,14,13,0,82.0,18.0,0.0
44445,11335,5,lado,15,0,1,14,15,0,80.0,20.0,0.0
44445,12235,5,lado,20,0,1,19,20,0,80.7,18.7,0.7
44445,12235,4,lado,20,0,1,19,17,0,80.7,19.3,0.0
44445,12335,5,lado,20,0,1,19,20,0,82.0,18.0,0.0
44445,12335,4,lado,20,0,1,19,17,0,80.0,20.0,0.0
44445,13335,5,lado,15,0,1,14,15,0,82.0,18.0,0.0
44445,13335,4,lado,15,0,1,14,13,0,81.3,18.7,0.0
44445,22335,4,lado,15,0,1,14,13,0,82.0,18.0,0.0
44445,22335,5,lado,15,0,1,14,15,0,80.0,20.0,0.0
44445,23335,5,lado,15,0,1,14,15,0,82.0,18.0,0.0
44445,23335,4,lado,15,0,1,14,13,0,81.3,18.7,0.0
44445,33335,4,lado,10,0,1,9,9,0,86.0,14.0,0.0
44445,33335,5,lado,10,0,1,9,10,0,84.7,15.3,0.0
44455,11225,5,lado,15,0,0,15,13,0,90.0,10.0,0.0
44455,11225,4,lado,15,0,1,14,13,0,87.3,12.7,0.0
44455,11235,4,lado,20,0,1,19,17,0,90.7,9.3,0.0
44455,11235,5,lado,20,0,0,20,17,0,90.0,10.0,0.0
44455,11245,5,lado,20,0,1,19,17,0,86.0,13.3,0.7
44455,11245,4,lado,20,1,0,19,18,8,80.0,20.0,0.0
44455,11335,5,lado,15,0,0,15,13,0,90.0,10.0,0.0
44455,11335,4,lado,15,0,1,14,13,0,87.3,12.7,0.0
44455,11345,5,lado,20,0,1,19,17,0,86.0,13.3,0.7
44455,11345,4,lado,20,1,0,19,18,8,80.0,20.0,0.0
44455,11445,5,lado,15,0,1,14,13,0,81.3,18.7,0.0
44455,11445,4,lado,15,1,2,12,14,8,64.7,35.3,0.0
44455,12235,4,lado,20,0,1,19,17,0,88.0,12.0,0.0
44455,12235,5,lado,20,0,0,20,17,0,87.3,12.7,0.0
44455,12245,5,lado,20,0,1,19,17,0,86.0,13.3,0.7
44455,12245,4,lado,20,1,0,19,18,8,84.0,16.0,0.0
44455,12335,4,lado,20,0,1,19,17,0,89.3,10.7,0.0
44455,12335,5,lado,20,0,0,20,17,0,88.0,12.0,0.0
44455,12345,5,lado,25,0,1,24,21,0,87.3,12.0,0.7
44455,12345,4,lado,25,1,0,24,22,8,80.0,20.0,0.0
44455,12445,5,lado,20,0,1,19,17,0,84.0,16.0,0.0
44455,12445,4,lado,20,1,2,17,18,8,76.7,23.3,0.0
44455,13335,5,lado,15,0,0,15,13,0,91.3,8.7,0.0
44455,13335,4,lado,15,0,1,14,13,0,84.0,16.0,0.0
44455,13345,5,lado,20,0,1,19,17,0,86.0,13.3,0.7
44455,13345,4,lado,20,1,0,19,18,8,84.0,16.0,0.0
44455,13445,5,lado,20,0,1,19,17,0,84.0,16.0,0.0
44455,13445,4,lado,20,1,2,17,18,8,76.7,23.3,0.0
44455,14445,5,lado,15,0,1,14,13,0,79.3,20.7,0.0
44455,14445,4,lado,15,1,2,12,14,8,57.3,42.7,0.0
44455,22335,5,lado,15,0,0,15,13,0,90.0,10.0,0.0
44455,22335,4,lado,15,0,1,14,13,0,87.3,12.7,0.0
44455,22345,5,lado,20,0,1,19,17,0,86.0,13.3,0.7
44455,22345,4,lado,20,1,0,19,18,8,80.0,20.0,0.0
44455,22445,5,lado,15,0,1,14,13,0,81.3,18.7,0.0
44455,22445,4,lado,15,1,2,12,14,8,64.7,35.3,0.0
44455,23335,5,lado,15,0,0,15,13,0,91.3,8.7,0.0
44455,23335,4,lado,15,0,1,14,13,0,84.0,16.0,0.0
44455,23345,5,lado,20,0,1,19,17,0,86.0,13.3,0.7
44455,23345,4,lado,20,1,0,19,18,8,84.0,16.0,0.0
44455,23445,5,lado,20,0,1,19,17,0,84.0,16.0,0.0
44455,23445,4,lado,20,1,2,17,18,8,76.7,23.3,0.0
44455,24445,5,lado,15,0,1,14,13,0,79.3,20.7,0.0
44455,24445,4,lado,15,1,2,12,14,8,57.3,42.7,0.0
44455,33335,5,lado,10,0,0,10,9,0,92.0,8.0,0.0
44455,33335,4,lado,10,0,1,9,9,0,90.0,10.0,0.0
44455,33345,5,lado,15,0,1,14,13,0,86.0,14.0,0.0
44455,33345,4,lado,15,1,0,14,14,8,75.3,24.0,0.7
44455,33445,5,lado,15,0,1,14,13,0,81.3,18.7,0.0
44455,33445,4,lado,15,1,2,12,14,8,64.7,35.3,0.0
44455,34445,5,lado,15,0,1,14,13,0,79.3,20.7,0.0
44455,34445,4,lado,15,1,2,12,14,8,57.3,42.7,0.0
44455,44445,5,lado,10,0,1,9,9,0,77.3,22.7,0.0
44455,44445,4,lado,10,1,2,7,10,8,59.3,40.7,0.0
44555,11225,5,lado,15,0,0,15,13,0,94.0,5.3,0.7
44555,11225,4,lado,15,0,1,14,13,0,83.3,16.7,0.0
44555,11235,5,lado,20,0,0,20,17,0,96.0,4.0,0.0
44555,11235,4,lado,20,0,1,19,17,0,88.7,11.3,0.0
44555,11245,5,lado,20,0,0,20,17,0,94.0,6.0,0.0
44555,11245,4,lado,20,1,0,19,18,8,79.3,20.7,0.0
44555,11335,5,lado,15,0,0,15,13,0,94.0,5.3,0.7
44555,11335,4,lado,15,0,1,14,13,0,83.3,16.7,0.0
44555,11345,5,lado,20,0,0,20,17,0,94.0,6.0,0.0
44555,11345,4,lado,20,1,0,19,18,8,79.3,20.7,0.0
44555,11445,5,lado,15,0,0,15,13,0,84.7,15.3,0.0
44555,11445,4,lado,15,1,0,14,14,8,67.3,32.7,0.0
44555,12235,5,lado,20,0,0,20,17,0,94.0,5.3,0.7
44555,12235,4,lado,20,0,1,19,17,0,88.7,11.3,0.0
44555,12245,5,lado,20,0,0,20,17,0,92.0,8.0,0.0
44555,12245,4,lado,20,1,0,19,18,8,84.7,15.3,0.0
44555,12335,5,lado,20,0,0,20,17,0,94.7,5.3,0.0
44555,12335,4,lado,20,0,1,19,17,0,89.3,10.7,0.0
44555,12345,5,lado,25,0,0,25,21,0,91.3,8.7,0.0
44555,12345,4,lado,25,1,0,24,22,8,80.7,19.3,0.0
44555,12445,5,lado,20,0,0,20,17,0,90.0,10.0,0.0
44555,12445,4,lado,20,1,0,19,18,8,78.7,21.3,0.0
44555,13335,5,lado,15,0,0,15,13,0,94.0,5.3,0.7
44555,13335,4,lado,15,0,1,14,13,0,80.7,19.3,0.0
44555,13345,5,lado,20,0,0,20,17,0,92.0,8.0,0.0
44555,13345,4,lado,20,1,0,19,18,8,84.7,15.3,0.0
44555,13445,5,lado,20,0,0,20,17,0,90.0,10.0,0.0
44555,13445,4,lado,20,1,0,19,18,8,78.7,21.3,0.0
44555,14445,5,lado,15,0,0,15,13,0,84.0,16.0,0.0
44555,14445,4,lado,15,1,0,14,14,8,61.3,38.7,0.0
44555,22335,5,lado,15,0,0,15,13,0,94.0,5.3,0.7
44555,22335,4,lado,15,0,1,14,13,0,83.3,16.7,0.0
44555,22345,5,lado,20,0,0,20,17,0,94.0,6.0,0.0
44555,22345,4,lado,20,1,0,19,18,8,79.3,20.7,0.0
44555,22445,5,lado,15,0,0,15,13,0,84.7,15.3,0.0
44555,22445,4,lado,15,1,0,14,14,8,67.3,32.7,0.0
44555,23335,5,lado,15,0,0,15,13,0,94.0,5.3,0.7
44555,23335,4,lado,15,0,1,14,13,0,80.7,19.3,0.0
44555,23345,5,lado,20,0,0,20,17,0,92.0,8.0,0.0
44555,23345,4,lado,20,1,0,19,18,8,84.7,15.3,0.0
44555,23445,5,lado,20,0,0,20,17,0,90.0,10.0,0.0
44555,23445,4,lado,20,1,0,19,18,8,78.7,21.3,0.0
44555,24445,5,lado,15,0,0,15,13,0,84.0,16.0,0.0
44555,24445,4,lado,15,1,0,14,14,8,61.3,38.7,0.0
44555,33335,5,lado,10,0,0,10,9,0,94.0,6.0,0.0
44555,33335,4,lado,10,0,1,9,9,0,87.3,12.0,0.7
44555,33345,5,lado,15,0,0,15,13,0,88.7,10.7,0.7
44555,33345,4,lado,15,1,0,14,14,8,77.3,22.7,0.0
44555,33445,5,lado,15,0,0,15,13,0,84.7,15.3,0.0
44555,33445,4,lado,15,1,0,14,14,8,67.3,32.7,0.0
44555,34445,5,lado,15,0,0,15,13,0,84.0,16.0,0.0
44555,34445,4,lado,15,1,0,14,14,8,61.3,38.7,0.0
44555,44445,5,lado,10,0,0,10,9,0,83.3,16.7,0.0
44555,44445,4,lado,10,1,0,9,10,8,58.0,42.0,0.0
45555,11225,5,lado,15,0,0,15,13,0,95.3,4.7,0.0
45555,11225,4,lado,15,0,1,14,13,0,86.0,14.0,0.0
45555,11235,5,lado,20,0,0,20,17,0,95.3,4.7,0.0
45555,11235,4,lado,20,0,1,19,17,0,92.0,8.0,0.0
45555,11245,5,lado,20,0,0,20,17,0,94.7,5.3,0.0
45555,11245,4,lado,20,1,0,19,18,8,90.0,10.0,0.0
45555,11335,5,lado,15,0,0,15,13,0,95.3,4.7,0.0
45555,11335,4,lado,15,0,1,14,13,0,86.0,14.0,0.0
45555,11345,5,lado,20,0,0,20,17,0,94.7,5.3,0.0
45555,11345,4,lado,20,1,0,19,18,8,90.0,10.0,0.0
45555,11445,5,lado,15,0,0,15,13,0,86.7,13.3,0.0
45555,11445,4,lado,15,1,0,14,14,8,82.7,17.3,0.0
45555,12235,5,lado,20,0,0,20,17,0,94.7,5.3,0.0
45555,12235,4,lado,20,0,1,19,17,0,89.3,10.7,0.0
45555,12245,5,lado,20,0,0,20,17,0,94.0,6.0,0.0
45555,12245,4,lado,20,1,0,19,18,8,86.7,13.3,0.0
45555,12335,5,lado,20,0,0,20,17,0,94.0,6.0,0.0
45555,12335,4,lado,20,0,1,19,17,0,90.7,9.3,0.0
45555,12345,5,lado,25,0,0,25,21,0,93.3,6.7,0.0
45555,12345,4,lado,25,1,0,24,22,8,90.7,9.3,0.0
45555,12445,5,lado,20,0,0,20,17,0,92.7,7.3,0.0
45555,12445,4,lado,20,1,0,19,18,8,87.3,12.7,0.0
45555,13335,5,lado,15,0,0,15,13,0,94.0,6.0,0.0
45555,13335,4,lado,15,0,1,14,13,0,82.7,17.3,0.0
45555,13345,5,lado,20,0,0,20,17,0,94.0,6.0,0.0
45555,13345,4,lado,20,1,0,19,18,8,86.7,13.3,0.0
45555,13445,5,lado,20,0,0,20,17,0,92.7,7.3,0.0
45555,13445,4,lado,20,1,0,19,18,8,87.3,12.7,0.0
45555,14445,5,lado,15,0,0,15,13,0,86.7,13.3,0.0
45555,14445,4,lado,15,1,0,14,14,8,81.3,18.7,0.0
45555,22335,5,lado,15,0,0,15,13,0,95.3,4.7,0.0
45555,22335,4,lado,15,0,1,14,13,0,86.0,14.0,0.0
45555,22345,5,lado,20,0,0,20,17,0,94.7,5.3,0.0
45555,22345,4,lado,20,1,0,19,18,8,90.0,10.0,0.0
45555,22445,5,lado,15,0,0,15,13,0,86.7,13.3,0.0
45555,22445,4,lado,15,1,0,14,14,8,82.7,17.3,0.0
45555,23335,5,lado,15,0,0,15,13,0,94.0,6.0,0.0
45555,23335,4,lado,15,0,1,14,13,0,82.7,17.3,0.0
45555,23345,5,lado,20,0,0,20,17,0,94.0,6.0,0.0
45555,23345,4,lado,20,1,0,19,18,8,86.7,13.3,0.0
45555,23445,5,lado,20,0,0,20,17,0,92.7,7.3,0.0
45555,23445,4,lado,20,1,0,19,18,8,87.3,12.7,0.0
45555,24445,5,lado,15,0,0,15,13,0,86.7,13.3,0.0
45555,24445,4,lado,15,1,0,14,14,8,81.3,18.7,0.0
45555,33335,5,lado,10,0,0,10,9,0,92.7,7.3,0.0
45555,33335,4,lado,10,0,1,9,9,0,88.7,11.3,0.0
45555,33345,5,lado,15,0,0,15,13,0,90.0,10.0,0.0
45555,33345,4,lado,15,1,0,14,14,8,83.3,16.7,0.0
45555,33445,5,lado,15,0,0,15,13,0,86.7,13.3,0.0
45555,33445,4,lado,15,1,0,14,14,8,82.7,17.3,0.0
45555,34445,5,lado,15,0,0,15,13,0,86.7,13.3,0.0
45555,34445,4,lado,15,1,0,14,14,8,81.3,18.7,0.0
45555,44445,5,lado,10,0,0,10,9,0,88.0,12.0,0.0
45555,44445,4,lado,10,1,0,9,10,8,82.7,17.3,0.0
55555,11225,5,lado,15,0,0,15,13,0,92.0,7.3,0.7
55555,11235,5,lado,20,0,0,20,17,0,94.7,5.3,0.0
55555,11245,5,lado,20,0,0,20,17,0,94.7,5.3,0.0
55555,11335,5,lado,15,0,0,15,13,0,92.0,7.3,0.7
55555,11345,5,lado,20,0,0,20,17,0,94.7,5.3,0.0
55555,11445,5,lado,15,0,0,15,13,0,92.0,7.3,0.7
55555,12235,5,lado,20,0,0,20,17,0,93.3,6.7,0.0
55555,12245,5,lado,20,0,0,20,17,0,93.3,6.7,0.0
55555,12335,5,lado,20,0,0,20,17,0,94.7,4.7,0.7
55555,12345,5,lado,25,0,0,25,21,0,93.3,6.7,0.0
55555,12445,5,lado,20,0,0,20,17,0,94.7,4.7,0.7
55555,13335,5,lado,15,0,0,15,13,0,91.3,8.0,0.7
55555,13345,5,lado,20,0,0,20,17,0,93.3,6.7,0.0
55555,13445,5,lado,20,0,0,20,17,0,94.7,4.7,0.7
55555,14445,5,lado,15,0,0,15,13,0,91.3,8.0,0.7
55555,22335,5,lado,15,0,0,15,13,0,92.0,7.3,0.7
55555,22345,5,lado,20,0,0,20,17,0,94.7,5.3,0.0
55555,22445,5,lado,15,0,0,15,13,0,92.0,7.3,0.7
55555,23335,5,lado,15,0,0,15,13,0,91.3,8.0,0.7
55555,23345,5,lado,20,0,0,20,17,0,93.3,6.7,0.0
55555,23445,5,lado,20,0,0,20,17,0,94.7,4.7,0.7
55555,24445,5,lado,15,0,0,15,13,0,91.3,8.0,0.7
55555,33335,5,lado,10,0,0,10,9,0,92.7,6.0,1.3
55555,33345,5,lado,15,0,0,15,13,0,92.0,7.3,0.7
55555,33445,5,lado,15,0,0,15,13,0,92.0,7.3,0.7
55555,34445,5,lado,15,0,0,15,13,0,91.3,8.0,0.7
55555,44445,5,lado,10,0,0,10,9,0,92.7,6.0,1.3
